date,price,supply,market_cap_usd,days_since_genesis,years_since_genesis
2009-01-03,0.0,0.0,0.0,0.0,0.0
2009-01-04,,,,1.0,0.0027378507871321013
2009-01-05,,,,2.0,0.0054757015742642025
2009-01-06,,,,3.0,0.008213552361396304
2009-01-07,,,,4.0,0.010951403148528405
2009-01-08,,,,5.0,0.013689253935660506
2009-01-09,0.0,700.0,0.0,6.0,0.01642710472279261
2009-01-10,0.0,3750.0,0.0,7.0,0.019164955509924708
2009-01-11,0.0,8400.0,0.0,8.0,0.02190280629705681
2009-01-12,0.0,13100.0,0.0,9.0,0.024640657084188913
2009-01-13,0.0,19250.0,0.0,10.0,0.02737850787132101
2009-01-14,0.0,25700.0,0.0,11.0,0.030116358658453114
2009-01-15,0.0,32000.0,0.0,12.0,0.03285420944558522
2009-01-16,0.0,37400.0,0.0,13.0,0.03559206023271732
2009-01-17,0.0,42850.0,0.0,14.0,0.038329911019849415
2009-01-18,0.0,48200.0,0.0,15.0,0.04106776180698152
2009-01-19,0.0,53950.0,0.0,16.0,0.04380561259411362
2009-01-20,0.0,59650.0,0.0,17.0,0.04654346338124572
2009-01-21,0.0,64750.0,0.0,18.0,0.049281314168377825
2009-01-22,0.0,69300.0,0.0,19.0,0.05201916495550993
2009-01-23,0.0,73500.0,0.0,20.0,0.05475701574264202
2009-01-24,0.0,83550.0,0.0,21.0,0.057494866529774126
2009-01-25,0.0,93100.0,0.0,22.0,0.06023271731690623
2009-01-26,0.0,97900.0,0.0,23.0,0.06297056810403832
2009-01-27,0.0,102750.0,0.0,24.0,0.06570841889117043
2009-01-28,0.0,108350.0,0.0,25.0,0.06844626967830253
2009-01-29,0.0,114400.0,0.0,26.0,0.07118412046543464
2009-01-30,0.0,120250.0,0.0,27.0,0.07392197125256673
2009-01-31,0.0,127150.0,0.0,28.0,0.07665982203969883
2009-02-01,0.0,132800.0,0.0,29.0,0.07939767282683094
2009-02-02,0.0,139200.0,0.0,30.0,0.08213552361396304
2009-02-03,0.0,146150.0,0.0,31.0,0.08487337440109514
2009-02-04,0.0,152100.0,0.0,32.0,0.08761122518822724
2009-02-05,0.0,158400.0,0.0,33.0,0.09034907597535935
2009-02-06,0.0,164500.0,0.0,34.0,0.09308692676249145
2009-02-07,0.0,170950.0,0.0,35.0,0.09582477754962354
2009-02-08,0.0,177550.0,0.0,36.0,0.09856262833675565
2009-02-09,0.0,184250.0,0.0,37.0,0.10130047912388775
2009-02-10,0.0,190250.0,0.0,38.0,0.10403832991101986
2009-02-11,0.0,196900.0,0.0,39.0,0.10677618069815195
2009-02-12,0.0,202850.0,0.0,40.0,0.10951403148528405
2009-02-13,0.0,209050.0,0.0,41.0,0.11225188227241616
2009-02-14,0.0,215850.0,0.0,42.0,0.11498973305954825
2009-02-15,0.0,222250.0,0.0,43.0,0.11772758384668036
2009-02-16,0.0,228350.0,0.0,44.0,0.12046543463381246
2009-02-17,0.0,234200.0,0.0,45.0,0.12320328542094455
2009-02-18,0.0,240100.0,0.0,46.0,0.12594113620807665
2009-02-19,0.0,246300.0,0.0,47.0,0.12867898699520877
2009-02-20,0.0,252400.0,0.0,48.0,0.13141683778234087
2009-02-21,0.0,258100.0,0.0,49.0,0.13415468856947296
2009-02-22,0.0,264150.0,0.0,50.0,0.13689253935660506
2009-02-23,0.0,269550.0,0.0,51.0,0.13963039014373715
2009-02-24,0.0,274850.0,0.0,52.0,0.14236824093086928
2009-02-25,0.0,280100.0,0.0,53.0,0.14510609171800137
2009-02-26,0.0,285450.0,0.0,54.0,0.14784394250513347
2009-02-27,0.0,291200.0,0.0,55.0,0.15058179329226556
2009-02-28,0.0,296150.0,0.0,56.0,0.15331964407939766
2009-03-01,0.0,301400.0,0.0,57.0,0.15605749486652978
2009-03-02,0.0,306800.0,0.0,58.0,0.15879534565366188
2009-03-03,0.0,312050.0,0.0,59.0,0.16153319644079397
2009-03-04,0.0,317250.0,0.0,60.0,0.16427104722792607
2009-03-05,0.0,322850.0,0.0,61.0,0.16700889801505817
2009-03-06,0.0,328700.0,0.0,62.0,0.1697467488021903
2009-03-07,0.0,334150.0,0.0,63.0,0.17248459958932238
2009-03-08,0.0,339900.0,0.0,64.0,0.17522245037645448
2009-03-09,0.0,345300.0,0.0,65.0,0.17796030116358658
2009-03-10,0.0,350650.0,0.0,66.0,0.1806981519507187
2009-03-11,0.0,356350.0,0.0,67.0,0.1834360027378508
2009-03-12,0.0,362250.0,0.0,68.0,0.1861738535249829
2009-03-13,0.0,367900.0,0.0,69.0,0.188911704312115
2009-03-14,0.0,373400.0,0.0,70.0,0.19164955509924708
2009-03-15,0.0,379550.0,0.0,71.0,0.1943874058863792
2009-03-16,0.0,385600.0,0.0,72.0,0.1971252566735113
2009-03-17,0.0,391300.0,0.0,73.0,0.1998631074606434
2009-03-18,0.0,397000.0,0.0,74.0,0.2026009582477755
2009-03-19,0.0,403100.0,0.0,75.0,0.2053388090349076
2009-03-20,0.0,409000.0,0.0,76.0,0.2080766598220397
2009-03-21,0.0,411500.0,0.0,77.0,0.2108145106091718
2009-03-22,0.0,417450.0,0.0,78.0,0.2135523613963039
2009-03-23,0.0,423950.0,0.0,79.0,0.216290212183436
2009-03-24,0.0,429200.0,0.0,80.0,0.2190280629705681
2009-03-25,0.0,435050.0,0.0,81.0,0.22176591375770022
2009-03-26,0.0,440900.0,0.0,82.0,0.2245037645448323
2009-03-27,0.0,446200.0,0.0,83.0,0.2272416153319644
2009-03-28,0.0,452150.0,0.0,84.0,0.2299794661190965
2009-03-29,0.0,457950.0,0.0,85.0,0.2327173169062286
2009-03-30,0.0,463950.0,0.0,86.0,0.23545516769336072
2009-03-31,0.0,469450.0,0.0,87.0,0.23819301848049282
2009-04-01,0.0,475150.0,0.0,88.0,0.24093086926762491
2009-04-02,0.0,480900.0,0.0,89.0,0.243668720054757
2009-04-03,0.0,486700.0,0.0,90.0,0.2464065708418891
2009-04-04,0.0,492350.0,0.0,91.0,0.24914442162902123
2009-04-05,0.0,498850.0,0.0,92.0,0.2518822724161533
2009-04-06,0.0,504300.0,0.0,93.0,0.2546201232032854
2009-04-07,0.0,509300.0,0.0,94.0,0.25735797399041754
2009-04-08,0.0,514550.0,0.0,95.0,0.2600958247775496
2009-04-09,0.0,519500.0,0.0,96.0,0.26283367556468173
2009-04-10,0.0,524900.0,0.0,97.0,0.2655715263518138
2009-04-11,0.0,530900.0,0.0,98.0,0.2683093771389459
2009-04-12,0.0,536800.0,0.0,99.0,0.27104722792607805
2009-04-13,0.0,542550.0,0.0,100.0,0.2737850787132101
2009-04-14,0.0,548750.0,0.0,101.0,0.27652292950034224
2009-04-15,0.0,554400.0,0.0,102.0,0.2792607802874743
2009-04-16,0.0,560550.0,0.0,103.0,0.28199863107460643
2009-04-17,0.0,566150.0,0.0,104.0,0.28473648186173856
2009-04-18,0.0,572450.0,0.0,105.0,0.2874743326488706
2009-04-19,0.0,578400.0,0.0,106.0,0.29021218343600275
2009-04-20,0.0,584350.0,0.0,107.0,0.2929500342231348
2009-04-21,0.0,590500.0,0.0,108.0,0.29568788501026694
2009-04-22,0.0,596550.0,0.0,109.0,0.29842573579739906
2009-04-23,0.0,600300.0,0.0,110.0,0.30116358658453113
2009-04-24,0.0,606050.0,0.0,111.0,0.30390143737166325
2009-04-25,0.0,611950.0,0.0,112.0,0.3066392881587953
2009-04-26,0.0,617550.0,0.0,113.0,0.30937713894592744
2009-04-27,0.0,622750.0,0.0,114.0,0.31211498973305957
2009-04-28,0.0,628600.0,0.0,115.0,0.31485284052019163
2009-04-29,0.0,635000.0,0.0,116.0,0.31759069130732376
2009-04-30,0.0,641550.0,0.0,117.0,0.3203285420944558
2009-05-01,0.0,647600.0,0.0,118.0,0.32306639288158795
2009-05-02,0.0,653900.0,0.0,119.0,0.3258042436687201
2009-05-03,0.0,659200.0,0.0,120.0,0.32854209445585214
2009-05-04,0.0,665600.0,0.0,121.0,0.33127994524298426
2009-05-05,0.0,672350.0,0.0,122.0,0.33401779603011633
2009-05-06,0.0,679100.0,0.0,123.0,0.33675564681724846
2009-05-07,0.0,685200.0,0.0,124.0,0.3394934976043806
2009-05-08,0.0,690550.0,0.0,125.0,0.34223134839151265
2009-05-09,0.0,694450.0,0.0,126.0,0.34496919917864477
2009-05-10,0.0,698700.0,0.0,127.0,0.34770704996577684
2009-05-11,0.0,704700.0,0.0,128.0,0.35044490075290896
2009-05-12,0.0,711200.0,0.0,129.0,0.3531827515400411
2009-05-13,0.0,716750.0,0.0,130.0,0.35592060232717315
2009-05-14,0.0,723700.0,0.0,131.0,0.3586584531143053
2009-05-15,0.0,730500.0,0.0,132.0,0.3613963039014374
2009-05-16,0.0,736450.0,0.0,133.0,0.36413415468856947
2009-05-17,0.0,742800.0,0.0,134.0,0.3668720054757016
2009-05-18,0.0,748700.0,0.0,135.0,0.36960985626283366
2009-05-19,0.0,753000.0,0.0,136.0,0.3723477070499658
2009-05-20,0.0,759000.0,0.0,137.0,0.3750855578370979
2009-05-21,0.0,763100.0,0.0,138.0,0.37782340862423
2009-05-22,0.0,766150.0,0.0,139.0,0.3805612594113621
2009-05-23,0.0,767750.0,0.0,140.0,0.38329911019849416
2009-05-24,0.0,772750.0,0.0,141.0,0.3860369609856263
2009-05-25,0.0,778200.0,0.0,142.0,0.3887748117727584
2009-05-26,0.0,784450.0,0.0,143.0,0.3915126625598905
2009-05-27,0.0,790400.0,0.0,144.0,0.3942505133470226
2009-05-28,0.0,795150.0,0.0,145.0,0.39698836413415467
2009-05-29,0.0,800450.0,0.0,146.0,0.3997262149212868
2009-05-30,0.0,805900.0,0.0,147.0,0.4024640657084189
2009-05-31,0.0,810700.0,0.0,148.0,0.405201916495551
2009-06-01,0.0,814250.0,0.0,149.0,0.4079397672826831
2009-06-02,0.0,819800.0,0.0,150.0,0.4106776180698152
2009-06-03,0.0,823350.0,0.0,151.0,0.4134154688569473
2009-06-04,0.0,826650.0,0.0,152.0,0.4161533196440794
2009-06-05,0.0,828150.0,0.0,153.0,0.4188911704312115
2009-06-06,0.0,829550.0,0.0,154.0,0.4216290212183436
2009-06-07,0.0,830350.0,0.0,155.0,0.4243668720054757
2009-06-08,0.0,834450.0,0.0,156.0,0.4271047227926078
2009-06-09,0.0,839000.0,0.0,157.0,0.42984257357973993
2009-06-10,0.0,843100.0,0.0,158.0,0.432580424366872
2009-06-11,0.0,847550.0,0.0,159.0,0.4353182751540041
2009-06-12,0.0,851850.0,0.0,160.0,0.4380561259411362
2009-06-13,0.0,855750.0,0.0,161.0,0.4407939767282683
2009-06-14,0.0,859350.0,0.0,162.0,0.44353182751540043
2009-06-15,0.0,863550.0,0.0,163.0,0.4462696783025325
2009-06-16,0.0,867100.0,0.0,164.0,0.4490075290896646
2009-06-17,0.0,871050.0,0.0,165.0,0.4517453798767967
2009-06-18,0.0,875050.0,0.0,166.0,0.4544832306639288
2009-06-19,0.0,879400.0,0.0,167.0,0.45722108145106094
2009-06-20,0.0,883300.0,0.0,168.0,0.459958932238193
2009-06-21,0.0,887350.0,0.0,169.0,0.46269678302532513
2009-06-22,0.0,891150.0,0.0,170.0,0.4654346338124572
2009-06-23,0.0,894950.0,0.0,171.0,0.4681724845995893
2009-06-24,0.0,899700.0,0.0,172.0,0.47091033538672145
2009-06-25,0.0,903100.0,0.0,173.0,0.4736481861738535
2009-06-26,0.0,907600.0,0.0,174.0,0.47638603696098564
2009-06-27,0.0,911800.0,0.0,175.0,0.4791238877481177
2009-06-28,0.0,914100.0,0.0,176.0,0.48186173853524983
2009-06-29,0.0,918250.0,0.0,177.0,0.48459958932238195
2009-06-30,0.0,922500.0,0.0,178.0,0.487337440109514
2009-07-01,0.0,926200.0,0.0,179.0,0.49007529089664614
2009-07-02,0.0,930350.0,0.0,180.0,0.4928131416837782
2009-07-03,0.0,934450.0,0.0,181.0,0.49555099247091033
2009-07-04,0.0,938900.0,0.0,182.0,0.49828884325804246
2009-07-05,0.0,942850.0,0.0,183.0,0.5010266940451745
2009-07-06,0.0,947050.0,0.0,184.0,0.5037645448323066
2009-07-07,0.0,950500.0,0.0,185.0,0.5065023956194388
2009-07-08,0.0,954200.0,0.0,186.0,0.5092402464065708
2009-07-09,0.0,958500.0,0.0,187.0,0.5119780971937029
2009-07-10,0.0,962550.0,0.0,188.0,0.5147159479808351
2009-07-11,0.0,966700.0,0.0,189.0,0.5174537987679672
2009-07-12,0.0,970550.0,0.0,190.0,0.5201916495550992
2009-07-13,0.0,974450.0,0.0,191.0,0.5229295003422314
2009-07-14,0.0,977900.0,0.0,192.0,0.5256673511293635
2009-07-15,0.0,980150.0,0.0,193.0,0.5284052019164955
2009-07-16,0.0,983700.0,0.0,194.0,0.5311430527036276
2009-07-17,0.0,986050.0,0.0,195.0,0.5338809034907598
2009-07-18,0.0,986250.0,0.0,196.0,0.5366187542778919
2009-07-19,0.0,989750.0,0.0,197.0,0.5393566050650239
2009-07-20,0.0,993250.0,0.0,198.0,0.5420944558521561
2009-07-21,0.0,997350.0,0.0,199.0,0.5448323066392882
2009-07-22,0.0,1000350.0,0.0,200.0,0.5475701574264202
2009-07-23,0.0,1004150.0,0.0,201.0,0.5503080082135524
2009-07-24,0.0,1007800.0,0.0,202.0,0.5530458590006845
2009-07-25,0.0,1009400.0,0.0,203.0,0.5557837097878165
2009-07-26,0.0,1010450.0,0.0,204.0,0.5585215605749486
2009-07-27,0.0,1014150.0,0.0,205.0,0.5612594113620808
2009-07-28,0.0,1016200.0,0.0,206.0,0.5639972621492129
2009-07-29,0.0,1017150.0,0.0,207.0,0.5667351129363449
2009-07-30,0.0,1017900.0,0.0,208.0,0.5694729637234771
2009-07-31,0.0,1018750.0,0.0,209.0,0.5722108145106092
2009-08-01,0.0,1020150.0,0.0,210.0,0.5749486652977412
2009-08-02,0.0,1021300.0,0.0,211.0,0.5776865160848734
2009-08-03,0.0,1021900.0,0.0,212.0,0.5804243668720055
2009-08-04,0.0,1025950.0,0.0,213.0,0.5831622176591376
2009-08-05,0.0,1030300.0,0.0,214.0,0.5859000684462696
2009-08-06,0.0,1034800.0,0.0,215.0,0.5886379192334018
2009-08-07,0.0,1038800.0,0.0,216.0,0.5913757700205339
2009-08-08,0.0,1042800.0,0.0,217.0,0.5941136208076659
2009-08-09,0.0,1047850.0,0.0,218.0,0.5968514715947981
2009-08-10,0.0,1051600.0,0.0,219.0,0.5995893223819302
2009-08-11,0.0,1055100.0,0.0,220.0,0.6023271731690623
2009-08-12,0.0,1058250.0,0.0,221.0,0.6050650239561944
2009-08-13,0.0,1062500.0,0.0,222.0,0.6078028747433265
2009-08-14,0.0,1065650.0,0.0,223.0,0.6105407255304586
2009-08-15,0.0,1066950.0,0.0,224.0,0.6132785763175906
2009-08-16,0.0,1067900.0,0.0,225.0,0.6160164271047228
2009-08-17,0.0,1068750.0,0.0,226.0,0.6187542778918549
2009-08-18,0.0,1069250.0,0.0,227.0,0.621492128678987
2009-08-19,0.0,1070150.0,0.0,228.0,0.6242299794661191
2009-08-20,0.0,1071250.0,0.0,229.0,0.6269678302532512
2009-08-21,0.0,1071950.0,0.0,230.0,0.6297056810403833
2009-08-22,0.0,1072300.0,0.0,231.0,0.6324435318275154
2009-08-23,0.0,1073050.0,0.0,232.0,0.6351813826146475
2009-08-24,0.0,1073800.0,0.0,233.0,0.6379192334017796
2009-08-25,0.0,1076300.0,0.0,234.0,0.6406570841889117
2009-08-26,0.0,1078700.0,0.0,235.0,0.6433949349760438
2009-08-27,0.0,1080150.0,0.0,236.0,0.6461327857631759
2009-08-28,0.0,1083900.0,0.0,237.0,0.648870636550308
2009-08-29,0.0,1087800.0,0.0,238.0,0.6516084873374401
2009-08-30,0.0,1092650.0,0.0,239.0,0.6543463381245722
2009-08-31,0.0,1096950.0,0.0,240.0,0.6570841889117043
2009-09-01,0.0,1100850.0,0.0,241.0,0.6598220396988365
2009-09-02,0.0,1104150.0,0.0,242.0,0.6625598904859685
2009-09-03,0.0,1107200.0,0.0,243.0,0.6652977412731006
2009-09-04,0.0,1110400.0,0.0,244.0,0.6680355920602327
2009-09-05,0.0,1114200.0,0.0,245.0,0.6707734428473648
2009-09-06,0.0,1117600.0,0.0,246.0,0.6735112936344969
2009-09-07,0.0,1121500.0,0.0,247.0,0.676249144421629
2009-09-08,0.0,1124950.0,0.0,248.0,0.6789869952087612
2009-09-09,0.0,1127650.0,0.0,249.0,0.6817248459958932
2009-09-10,0.0,1131000.0,0.0,250.0,0.6844626967830253
2009-09-11,0.0,1134350.0,0.0,251.0,0.6872005475701575
2009-09-12,0.0,1137800.0,0.0,252.0,0.6899383983572895
2009-09-13,0.0,1141550.0,0.0,253.0,0.6926762491444216
2009-09-14,0.0,1145250.0,0.0,254.0,0.6954140999315537
2009-09-15,0.0,1147450.0,0.0,255.0,0.6981519507186859
2009-09-16,0.0,1151050.0,0.0,256.0,0.7008898015058179
2009-09-17,0.0,1155250.0,0.0,257.0,0.70362765229295
2009-09-18,0.0,1159150.0,0.0,258.0,0.7063655030800822
2009-09-19,0.0,1162850.0,0.0,259.0,0.7091033538672142
2009-09-20,0.0,1166750.0,0.0,260.0,0.7118412046543463
2009-09-21,0.0,1170200.0,0.0,261.0,0.7145790554414785
2009-09-22,0.0,1171450.0,0.0,262.0,0.7173169062286106
2009-09-23,0.0,1173250.0,0.0,263.0,0.7200547570157426
2009-09-24,0.0,1178100.0,0.0,264.0,0.7227926078028748
2009-09-25,0.0,1182650.0,0.0,265.0,0.7255304585900069
2009-09-26,0.0,1187650.0,0.0,266.0,0.7282683093771389
2009-09-27,0.0,1192000.0,0.0,267.0,0.731006160164271
2009-09-28,0.0,1196250.0,0.0,268.0,0.7337440109514032
2009-09-29,0.0,1200650.0,0.0,269.0,0.7364818617385352
2009-09-30,0.0,1204900.0,0.0,270.0,0.7392197125256673
2009-10-01,0.0,1209000.0,0.0,271.0,0.7419575633127995
2009-10-02,0.0,1212600.0,0.0,272.0,0.7446954140999316
2009-10-03,0.0,1215500.0,0.0,273.0,0.7474332648870636
2009-10-04,0.0,1218150.0,0.0,274.0,0.7501711156741958
2009-10-05,0.0,1220900.0,0.0,275.0,0.7529089664613279
2009-10-06,0.0,1223050.0,0.0,276.0,0.75564681724846
2009-10-07,0.0,1226050.0,0.0,277.0,0.758384668035592
2009-10-08,0.0,1229550.0,0.0,278.0,0.7611225188227242
2009-10-09,0.0,1233400.0,0.0,279.0,0.7638603696098563
2009-10-10,0.0,1237350.0,0.0,280.0,0.7665982203969883
2009-10-11,0.0,1241050.0,0.0,281.0,0.7693360711841205
2009-10-12,0.0,1243950.0,0.0,282.0,0.7720739219712526
2009-10-13,0.0,1246800.0,0.0,283.0,0.7748117727583846
2009-10-14,0.0,1250250.0,0.0,284.0,0.7775496235455168
2009-10-15,0.0,1253800.0,0.0,285.0,0.7802874743326489
2009-10-16,0.0,1256800.0,0.0,286.0,0.783025325119781
2009-10-17,0.0,1259650.0,0.0,287.0,0.785763175906913
2009-10-18,0.0,1263350.0,0.0,288.0,0.7885010266940452
2009-10-19,0.0,1268950.0,0.0,289.0,0.7912388774811773
2009-10-20,0.0,1273700.0,0.0,290.0,0.7939767282683093
2009-10-21,0.0,1277700.0,0.0,291.0,0.7967145790554415
2009-10-22,0.0,1282200.0,0.0,292.0,0.7994524298425736
2009-10-23,0.0,1286650.0,0.0,293.0,0.8021902806297057
2009-10-24,0.0,1289750.0,0.0,294.0,0.8049281314168378
2009-10-25,0.0,1293550.0,0.0,295.0,0.8076659822039699
2009-10-26,0.0,1297100.0,0.0,296.0,0.810403832991102
2009-10-27,0.0,1300300.0,0.0,297.0,0.813141683778234
2009-10-28,0.0,1303600.0,0.0,298.0,0.8158795345653662
2009-10-29,0.0,1305900.0,0.0,299.0,0.8186173853524983
2009-10-30,0.0,1308900.0,0.0,300.0,0.8213552361396304
2009-10-31,0.0,1311200.0,0.0,301.0,0.8240930869267625
2009-11-01,0.0,1312450.0,0.0,302.0,0.8268309377138946
2009-11-02,0.0,1314100.0,0.0,303.0,0.8295687885010267
2009-11-03,0.0,1317200.0,0.0,304.0,0.8323066392881588
2009-11-04,0.0,1320350.0,0.0,305.0,0.8350444900752909
2009-11-05,0.0,1323200.0,0.0,306.0,0.837782340862423
2009-11-06,0.0,1326300.0,0.0,307.0,0.840520191649555
2009-11-07,0.0,1329750.0,0.0,308.0,0.8432580424366872
2009-11-08,0.0,1333400.0,0.0,309.0,0.8459958932238193
2009-11-09,0.0,1336600.0,0.0,310.0,0.8487337440109514
2009-11-10,0.0,1340500.0,0.0,311.0,0.8514715947980835
2009-11-11,0.0,1343700.0,0.0,312.0,0.8542094455852156
2009-11-12,0.0,1347000.0,0.0,313.0,0.8569472963723477
2009-11-13,0.0,1351000.0,0.0,314.0,0.8596851471594799
2009-11-14,0.0,1354950.0,0.0,315.0,0.8624229979466119
2009-11-15,0.0,1359750.0,0.0,316.0,0.865160848733744
2009-11-16,0.0,1364600.0,0.0,317.0,0.8678986995208761
2009-11-17,0.0,1369200.0,0.0,318.0,0.8706365503080082
2009-11-18,0.0,1373150.0,0.0,319.0,0.8733744010951403
2009-11-19,0.0,1376650.0,0.0,320.0,0.8761122518822724
2009-11-20,0.0,1380950.0,0.0,321.0,0.8788501026694046
2009-11-21,0.0,1384600.0,0.0,322.0,0.8815879534565366
2009-11-22,0.0,1389900.0,0.0,323.0,0.8843258042436687
2009-11-23,0.0,1394700.0,0.0,324.0,0.8870636550308009
2009-11-24,0.0,1399350.0,0.0,325.0,0.8898015058179329
2009-11-25,0.0,1403850.0,0.0,326.0,0.892539356605065
2009-11-26,0.0,1408050.0,0.0,327.0,0.8952772073921971
2009-11-27,0.0,1411750.0,0.0,328.0,0.8980150581793293
2009-11-28,0.0,1415300.0,0.0,329.0,0.9007529089664613
2009-11-29,0.0,1418300.0,0.0,330.0,0.9034907597535934
2009-11-30,0.0,1422050.0,0.0,331.0,0.9062286105407256
2009-12-01,0.0,1425700.0,0.0,332.0,0.9089664613278576
2009-12-02,0.0,1430400.0,0.0,333.0,0.9117043121149897
2009-12-03,0.0,1434800.0,0.0,334.0,0.9144421629021219
2009-12-04,0.0,1436600.0,0.0,335.0,0.917180013689254
2009-12-05,0.0,1439800.0,0.0,336.0,0.919917864476386
2009-12-06,0.0,1444950.0,0.0,337.0,0.9226557152635181
2009-12-07,0.0,1450550.0,0.0,338.0,0.9253935660506503
2009-12-08,0.0,1455800.0,0.0,339.0,0.9281314168377823
2009-12-09,0.0,1460600.0,0.0,340.0,0.9308692676249144
2009-12-10,0.0,1465800.0,0.0,341.0,0.9336071184120466
2009-12-11,0.0,1471400.0,0.0,342.0,0.9363449691991786
2009-12-12,0.0,1476900.0,0.0,343.0,0.9390828199863107
2009-12-13,0.0,1482600.0,0.0,344.0,0.9418206707734429
2009-12-14,0.0,1487700.0,0.0,345.0,0.944558521560575
2009-12-15,0.0,1493200.0,0.0,346.0,0.947296372347707
2009-12-16,0.0,1500000.0,0.0,347.0,0.9500342231348392
2009-12-17,0.0,1508450.0,0.0,348.0,0.9527720739219713
2009-12-18,0.0,1519700.0,0.0,349.0,0.9555099247091033
2009-12-19,0.0,1529600.0,0.0,350.0,0.9582477754962354
2009-12-20,0.0,1538350.0,0.0,351.0,0.9609856262833676
2009-12-21,0.0,1547100.0,0.0,352.0,0.9637234770704997
2009-12-22,0.0,1555200.0,0.0,353.0,0.9664613278576317
2009-12-23,0.0,1562900.0,0.0,354.0,0.9691991786447639
2009-12-24,0.0,1570600.0,0.0,355.0,0.971937029431896
2009-12-25,0.0,1578050.0,0.0,356.0,0.974674880219028
2009-12-26,0.0,1586750.0,0.0,357.0,0.9774127310061602
2009-12-27,0.0,1595100.0,0.0,358.0,0.9801505817932923
2009-12-28,0.0,1601950.0,0.0,359.0,0.9828884325804244
2009-12-29,0.0,1610500.0,0.0,360.0,0.9856262833675564
2009-12-30,0.0,1617550.0,0.0,361.0,0.9883641341546886
2009-12-31,0.0,1624450.0,0.0,362.0,0.9911019849418207
2010-01-01,0.0,1631000.0,0.0,363.0,0.9938398357289527
2010-01-02,0.0,1637350.0,0.0,364.0,0.9965776865160849
2010-01-03,0.0,1646650.0,0.0,365.0,0.999315537303217
2010-01-04,0.0,1655700.0,0.0,366.0,1.002053388090349
2010-01-05,0.0,1665600.0,0.0,367.0,1.0047912388774811
2010-01-06,0.0,1673750.0,0.0,368.0,1.0075290896646132
2010-01-07,0.0,1681450.0,0.0,369.0,1.0102669404517455
2010-01-08,0.0,1689100.0,0.0,370.0,1.0130047912388775
2010-01-09,0.0,1696650.0,0.0,371.0,1.0157426420260096
2010-01-10,0.0,1706150.0,0.0,372.0,1.0184804928131417
2010-01-11,0.0,1714100.0,0.0,373.0,1.0212183436002737
2010-01-12,0.0,1722050.0,0.0,374.0,1.0239561943874058
2010-01-13,0.0,1730250.0,0.0,375.0,1.0266940451745379
2010-01-14,0.0,1737400.0,0.0,376.0,1.0294318959616702
2010-01-15,0.0,1744450.0,0.0,377.0,1.0321697467488022
2010-01-16,0.0,1750700.0,0.0,378.0,1.0349075975359343
2010-01-17,0.0,1757250.0,0.0,379.0,1.0376454483230664
2010-01-18,0.0,1763500.0,0.0,380.0,1.0403832991101984
2010-01-19,0.0,1769700.0,0.0,381.0,1.0431211498973305
2010-01-20,0.0,1777600.0,0.0,382.0,1.0458590006844628
2010-01-21,0.0,1786350.0,0.0,383.0,1.0485968514715949
2010-01-22,0.0,1793000.0,0.0,384.0,1.051334702258727
2010-01-23,0.0,1801000.0,0.0,385.0,1.054072553045859
2010-01-24,0.0,1808700.0,0.0,386.0,1.056810403832991
2010-01-25,0.0,1819250.0,0.0,387.0,1.0595482546201231
2010-01-26,0.0,1829000.0,0.0,388.0,1.0622861054072552
2010-01-27,0.0,1837200.0,0.0,389.0,1.0650239561943875
2010-01-28,0.0,1846050.0,0.0,390.0,1.0677618069815196
2010-01-29,0.0,1855900.0,0.0,391.0,1.0704996577686516
2010-01-30,0.0,1866400.0,0.0,392.0,1.0732375085557837
2010-01-31,0.0,1874650.0,0.0,393.0,1.0759753593429158
2010-02-01,0.0,1883850.0,0.0,394.0,1.0787132101300478
2010-02-02,0.0,1891100.0,0.0,395.0,1.08145106091718
2010-02-03,0.0,1904600.0,0.0,396.0,1.0841889117043122
2010-02-04,0.0,1916050.0,0.0,397.0,1.0869267624914443
2010-02-05,0.0,1927200.0,0.0,398.0,1.0896646132785763
2010-02-06,0.0,1936800.0,0.0,399.0,1.0924024640657084
2010-02-07,0.0,1947650.0,0.0,400.0,1.0951403148528405
2010-02-08,0.0,1957650.0,0.0,401.0,1.0978781656399725
2010-02-09,0.0,1968000.0,0.0,402.0,1.1006160164271048
2010-02-10,0.0,1976400.0,0.0,403.0,1.103353867214237
2010-02-11,0.0,1984850.0,0.0,404.0,1.106091718001369
2010-02-12,0.0,1994000.0,0.0,405.0,1.108829568788501
2010-02-13,0.0,2005600.0,0.0,406.0,1.111567419575633
2010-02-14,0.0,2016000.0,0.0,407.0,1.1143052703627652
2010-02-15,0.0,2024800.0,0.0,408.0,1.1170431211498972
2010-02-16,0.0,2034550.0,0.0,409.0,1.1197809719370295
2010-02-17,0.0,2046500.0,0.0,410.0,1.1225188227241616
2010-02-18,0.0,2056900.0,0.0,411.0,1.1252566735112937
2010-02-19,0.0,2066500.0,0.0,412.0,1.1279945242984257
2010-02-20,0.0,2076900.0,0.0,413.0,1.1307323750855578
2010-02-21,0.0,2088050.0,0.0,414.0,1.1334702258726899
2010-02-22,0.0,2101050.0,0.0,415.0,1.136208076659822
2010-02-23,0.0,2113550.0,0.0,416.0,1.1389459274469542
2010-02-24,0.0,2122100.0,0.0,417.0,1.1416837782340863
2010-02-25,0.0,2129800.0,0.0,418.0,1.1444216290212184
2010-02-26,0.0,2138400.0,0.0,419.0,1.1471594798083504
2010-02-27,0.0,2147000.0,0.0,420.0,1.1498973305954825
2010-02-28,0.0,2154800.0,0.0,421.0,1.1526351813826146
2010-03-01,0.0,2164550.0,0.0,422.0,1.1553730321697468
2010-03-02,0.0,2173950.0,0.0,423.0,1.158110882956879
2010-03-03,0.0,2181550.0,0.0,424.0,1.160848733744011
2010-03-04,0.0,2190800.0,0.0,425.0,1.163586584531143
2010-03-05,0.0,2199350.0,0.0,426.0,1.1663244353182751
2010-03-06,0.0,2208200.0,0.0,427.0,1.1690622861054072
2010-03-07,0.0,2217150.0,0.0,428.0,1.1718001368925393
2010-03-08,0.0,2223400.0,0.0,429.0,1.1745379876796715
2010-03-09,0.0,2230700.0,0.0,430.0,1.1772758384668036
2010-03-10,0.0,2238800.0,0.0,431.0,1.1800136892539357
2010-03-11,0.0,2245450.0,0.0,432.0,1.1827515400410678
2010-03-12,0.0,2251500.0,0.0,433.0,1.1854893908281998
2010-03-13,0.0,2259150.0,0.0,434.0,1.1882272416153319
2010-03-14,0.0,2265400.0,0.0,435.0,1.1909650924024642
2010-03-15,0.0,2272150.0,0.0,436.0,1.1937029431895962
2010-03-16,0.0,2278450.0,0.0,437.0,1.1964407939767283
2010-03-17,0.0,2285250.0,0.0,438.0,1.1991786447638604
2010-03-18,0.0,2292250.0,0.0,439.0,1.2019164955509924
2010-03-19,0.0,2299900.0,0.0,440.0,1.2046543463381245
2010-03-20,0.0,2309500.0,0.0,441.0,1.2073921971252566
2010-03-21,0.0,2318650.0,0.0,442.0,1.2101300479123889
2010-03-22,0.0,2327600.0,0.0,443.0,1.212867898699521
2010-03-23,0.0,2337950.0,0.0,444.0,1.215605749486653
2010-03-24,0.0,2346500.0,0.0,445.0,1.218343600273785
2010-03-25,0.0,2355850.0,0.0,446.0,1.2210814510609171
2010-03-26,0.0,2365700.0,0.0,447.0,1.2238193018480492
2010-03-27,0.0,2374600.0,0.0,448.0,1.2265571526351813
2010-03-28,0.0,2383900.0,0.0,449.0,1.2292950034223136
2010-03-29,0.0,2393650.0,0.0,450.0,1.2320328542094456
2010-03-30,0.0,2404400.0,0.0,451.0,1.2347707049965777
2010-03-31,0.0,2414850.0,0.0,452.0,1.2375085557837098
2010-04-01,0.0,2423250.0,0.0,453.0,1.2402464065708418
2010-04-02,0.0,2431050.0,0.0,454.0,1.242984257357974
2010-04-03,0.0,2439100.0,0.0,455.0,1.2457221081451062
2010-04-04,0.0,2447650.0,0.0,456.0,1.2484599589322383
2010-04-05,0.0,2455300.0,0.0,457.0,1.2511978097193703
2010-04-06,0.0,2463250.0,0.0,458.0,1.2539356605065024
2010-04-07,0.0,2472900.0,0.0,459.0,1.2566735112936345
2010-04-08,0.0,2482050.0,0.0,460.0,1.2594113620807665
2010-04-09,0.0,2491500.0,0.0,461.0,1.2621492128678986
2010-04-10,0.0,2504500.0,0.0,462.0,1.264887063655031
2010-04-11,0.0,2515650.0,0.0,463.0,1.267624914442163
2010-04-12,0.0,2525800.0,0.0,464.0,1.270362765229295
2010-04-13,0.0,2535250.0,0.0,465.0,1.273100616016427
2010-04-14,0.0,2544250.0,0.0,466.0,1.2758384668035592
2010-04-15,0.0,2555050.0,0.0,467.0,1.2785763175906912
2010-04-16,0.0,2565150.0,0.0,468.0,1.2813141683778233
2010-04-17,0.0,2576200.0,0.0,469.0,1.2840520191649556
2010-04-18,0.0,2588450.0,0.0,470.0,1.2867898699520877
2010-04-19,0.0,2600050.0,0.0,471.0,1.2895277207392197
2010-04-20,0.0,2610300.0,0.0,472.0,1.2922655715263518
2010-04-21,0.0,2621250.0,0.0,473.0,1.2950034223134839
2010-04-22,0.0,2629200.0,0.0,474.0,1.297741273100616
2010-04-23,0.0,2636700.0,0.0,475.0,1.3004791238877482
2010-04-24,0.0,2645100.0,0.0,476.0,1.3032169746748803
2010-04-25,0.0,2653000.0,0.0,477.0,1.3059548254620124
2010-04-26,0.0,2661200.0,0.0,478.0,1.3086926762491444
2010-04-27,0.0,2670200.0,0.0,479.0,1.3114305270362765
2010-04-28,0.0,2679200.0,0.0,480.0,1.3141683778234086
2010-04-29,0.0,2686550.0,0.0,481.0,1.3169062286105406
2010-04-30,0.0,2693750.0,0.0,482.0,1.319644079397673
2010-05-01,0.0,2702900.0,0.0,483.0,1.322381930184805
2010-05-02,0.0,2710650.0,0.0,484.0,1.325119780971937
2010-05-03,0.0,2718600.0,0.0,485.0,1.3278576317590691
2010-05-04,0.0,2725400.0,0.0,486.0,1.3305954825462012
2010-05-05,0.0,2732250.0,0.0,487.0,1.3333333333333333
2010-05-06,0.0,2739700.0,0.0,488.0,1.3360711841204653
2010-05-07,0.0,2746300.0,0.0,489.0,1.3388090349075976
2010-05-08,0.0,2754000.0,0.0,490.0,1.3415468856947297
2010-05-09,0.0,2761150.0,0.0,491.0,1.3442847364818618
2010-05-10,0.0,2767550.0,0.0,492.0,1.3470225872689938
2010-05-11,0.0,2773100.0,0.0,493.0,1.3497604380561259
2010-05-12,0.0,2779450.0,0.0,494.0,1.352498288843258
2010-05-13,0.0,2785850.0,0.0,495.0,1.3552361396303902
2010-05-14,0.0,2792000.0,0.0,496.0,1.3579739904175223
2010-05-15,0.0,2796550.0,0.0,497.0,1.3607118412046544
2010-05-16,0.0,2802200.0,0.0,498.0,1.3634496919917864
2010-05-17,0.0,2809350.0,0.0,499.0,1.3661875427789185
2010-05-18,0.0,2817750.0,0.0,500.0,1.3689253935660506
2010-05-19,0.0,2825950.0,0.0,501.0,1.3716632443531827
2010-05-20,0.0,2836100.0,0.0,502.0,1.374401095140315
2010-05-21,0.0,2844900.0,0.0,503.0,1.377138945927447
2010-05-22,0.0,2854650.0,0.0,504.0,1.379876796714579
2010-05-23,0.0,2865200.0,0.0,505.0,1.3826146475017111
2010-05-24,0.0,2874600.0,0.0,506.0,1.3853524982888432
2010-05-25,0.0,2885100.0,0.0,507.0,1.3880903490759753
2010-05-26,0.0,2896250.0,0.0,508.0,1.3908281998631074
2010-05-27,0.0,2905850.0,0.0,509.0,1.3935660506502396
2010-05-28,0.0,2917000.0,0.0,510.0,1.3963039014373717
2010-05-29,0.0,2926200.0,0.0,511.0,1.3990417522245038
2010-05-30,0.0,2933650.0,0.0,512.0,1.4017796030116358
2010-05-31,0.0,2940750.0,0.0,513.0,1.404517453798768
2010-06-01,0.0,2947500.0,0.0,514.0,1.4072553045859
2010-06-02,0.0,2954850.0,0.0,515.0,1.4099931553730323
2010-06-03,0.0,2962450.0,0.0,516.0,1.4127310061601643
2010-06-04,0.0,2968700.0,0.0,517.0,1.4154688569472964
2010-06-05,0.0,2975950.0,0.0,518.0,1.4182067077344285
2010-06-06,0.0,2983350.0,0.0,519.0,1.4209445585215605
2010-06-07,0.0,2991200.0,0.0,520.0,1.4236824093086926
2010-06-08,0.0,2999200.0,0.0,521.0,1.4264202600958247
2010-06-09,0.0,3007600.0,0.0,522.0,1.429158110882957
2010-06-10,0.0,3015600.0,0.0,523.0,1.431895961670089
2010-06-11,0.0,3024000.0,0.0,524.0,1.434633812457221
2010-06-12,0.0,3030750.0,0.0,525.0,1.4373716632443532
2010-06-13,0.0,3039300.0,0.0,526.0,1.4401095140314852
2010-06-14,0.0,3047400.0,0.0,527.0,1.4428473648186173
2010-06-15,0.0,3056600.0,0.0,528.0,1.4455852156057496
2010-06-16,0.0,3063700.0,0.0,529.0,1.4483230663928817
2010-06-17,0.0,3071000.0,0.0,530.0,1.4510609171800137
2010-06-18,0.0,3078500.0,0.0,531.0,1.4537987679671458
2010-06-19,0.0,3086000.0,0.0,532.0,1.4565366187542779
2010-06-20,0.0,3095250.0,0.0,533.0,1.45927446954141
2010-06-21,0.0,3102950.0,0.0,534.0,1.462012320328542
2010-06-22,0.0,3110750.0,0.0,535.0,1.4647501711156743
2010-06-23,0.0,3120100.0,0.0,536.0,1.4674880219028064
2010-06-24,0.0,3128550.0,0.0,537.0,1.4702258726899384
2010-06-25,0.0,3136050.0,0.0,538.0,1.4729637234770705
2010-06-26,0.0,3144000.0,0.0,539.0,1.4757015742642026
2010-06-27,0.0,3152900.0,0.0,540.0,1.4784394250513346
2010-06-28,0.0,3160500.0,0.0,541.0,1.4811772758384667
2010-06-29,0.0,3168950.0,0.0,542.0,1.483915126625599
2010-06-30,0.0,3178050.0,0.0,543.0,1.486652977412731
2010-07-01,0.0,3188550.0,0.0,544.0,1.4893908281998631
2010-07-02,0.0,3196950.0,0.0,545.0,1.4921286789869952
2010-07-03,0.0,3207550.0,0.0,546.0,1.4948665297741273
2010-07-04,0.0,3215850.0,0.0,547.0,1.4976043805612593
2010-07-05,0.0,3224750.0,0.0,548.0,1.5003422313483916
2010-07-06,0.0,3233250.0,0.0,549.0,1.5030800821355237
2010-07-07,0.0,3241050.0,0.0,550.0,1.5058179329226558
2010-07-08,0.0,3248600.0,0.0,551.0,1.5085557837097878
2010-07-09,0.0,3258550.0,0.0,552.0,1.51129363449692
2010-07-10,0.0,3268450.0,0.0,553.0,1.514031485284052
2010-07-11,0.0,3277400.0,0.0,554.0,1.516769336071184
2010-07-12,0.0,3310350.0,0.0,555.0,1.5195071868583163
2010-07-13,0.0,3344950.0,0.0,556.0,1.5222450376454484
2010-07-14,0.0,3373850.0,0.0,557.0,1.5249828884325805
2010-07-15,0.0,3405000.0,0.0,558.0,1.5277207392197125
2010-07-16,0.0,3430300.0,0.0,559.0,1.5304585900068446
2010-07-17,0.0,3438950.0,0.0,560.0,1.5331964407939767
2010-07-18,0.0,3447550.0,0.0,561.0,1.5359342915811087
2010-07-19,0.0,3456250.0,0.0,562.0,1.538672142368241
2010-07-20,0.0,3465300.0,0.0,563.0,1.541409993155373
2010-07-21,0.0,3475650.0,0.0,564.0,1.5441478439425051
2010-07-22,0.0,3484450.0,0.0,565.0,1.5468856947296372
2010-07-23,0.0,3494150.0,0.0,566.0,1.5496235455167693
2010-07-24,0.0,3503600.0,0.0,567.0,1.5523613963039014
2010-07-25,0.0,3515150.0,0.0,568.0,1.5550992470910336
2010-07-26,0.0,3527300.0,0.0,569.0,1.5578370978781657
2010-07-27,0.0,3535600.0,0.0,570.0,1.5605749486652978
2010-07-28,0.0,3543550.0,0.0,571.0,1.5633127994524298
2010-07-29,0.0,3552550.0,0.0,572.0,1.566050650239562
2010-07-30,0.0,3561650.0,0.0,573.0,1.568788501026694
2010-07-31,0.0,3571800.0,0.0,574.0,1.571526351813826
2010-08-01,0.0,3583750.0,0.0,575.0,1.5742642026009583
2010-08-02,0.0,3595850.0,0.0,576.0,1.5770020533880904
2010-08-03,0.0,3607200.0,0.0,577.0,1.5797399041752225
2010-08-04,0.0,3619350.0,0.0,578.0,1.5824777549623545
2010-08-05,0.0,3630250.0,0.0,579.0,1.5852156057494866
2010-08-06,0.0,3637600.0,0.0,580.0,1.5879534565366187
2010-08-07,0.0,3645350.0,0.0,581.0,1.5906913073237507
2010-08-08,0.0,3655300.0,0.0,582.0,1.593429158110883
2010-08-09,0.0,3664800.0,0.0,583.0,1.596167008898015
2010-08-10,0.0,3674350.0,0.0,584.0,1.5989048596851472
2010-08-11,0.0,3686000.0,0.0,585.0,1.6016427104722792
2010-08-12,0.0,3696850.0,0.0,586.0,1.6043805612594113
2010-08-13,0.0,3707600.0,0.0,587.0,1.6071184120465434
2010-08-14,0.0,3721650.0,0.0,588.0,1.6098562628336757
2010-08-15,0.0,3732000.0,0.0,589.0,1.6125941136208077
2010-08-16,0.06,3739350.0,224361.0,590.0,1.6153319644079398
2010-08-17,0.07,3745800.0,262206.0,591.0,1.6180698151950719
2010-08-18,0.07,3752450.0,262671.5,592.0,1.620807665982204
2010-08-19,0.07,3759200.0,263144.0,593.0,1.623545516769336
2010-08-20,0.07,3768850.0,263819.5,594.0,1.626283367556468
2010-08-21,0.07,3777500.0,264425.0,595.0,1.6290212183436004
2010-08-22,0.06,3788100.0,227286.0,596.0,1.6317590691307324
2010-08-23,0.07,3798750.0,265912.5,597.0,1.6344969199178645
2010-08-24,0.07,3809500.0,266665.0,598.0,1.6372347707049966
2010-08-25,0.07,3820300.0,267421.0,599.0,1.6399726214921286
2010-08-26,0.07,3830800.0,268156.0,600.0,1.6427104722792607
2010-08-27,0.06,3839350.0,230361.0,601.0,1.6454483230663928
2010-08-28,0.06,3847850.0,230871.0,602.0,1.648186173853525
2010-08-29,0.06,3855950.0,231357.0,603.0,1.6509240246406571
2010-08-30,0.06,3863400.0,231804.0,604.0,1.6536618754277892
2010-08-31,0.06,3872600.0,232356.0,605.0,1.6563997262149213
2010-09-01,0.06,3880450.0,232827.0,606.0,1.6591375770020533
2010-09-02,0.06,3888250.0,233295.0,607.0,1.6618754277891854
2010-09-03,0.06,3896450.0,233787.0,608.0,1.6646132785763177
2010-09-04,0.06,3905500.0,234330.0,609.0,1.6673511293634498
2010-09-05,0.06,3913750.0,234825.0,610.0,1.6700889801505818
2010-09-06,0.06,3921650.0,235299.0,611.0,1.672826830937714
2010-09-07,0.06,3929650.0,235779.0,612.0,1.675564681724846
2010-09-08,0.06,3937900.0,236274.0,613.0,1.678302532511978
2010-09-09,0.06,3944650.0,236679.0,614.0,1.68104038329911
2010-09-10,0.06,3953500.0,237210.0,615.0,1.6837782340862424
2010-09-11,0.06,3961500.0,237690.0,616.0,1.6865160848733745
2010-09-12,0.06,3970350.0,238221.0,617.0,1.6892539356605065
2010-09-13,0.06,3978900.0,238734.0,618.0,1.6919917864476386
2010-09-14,0.06,3989050.0,239343.0,619.0,1.6947296372347707
2010-09-15,0.06,3997500.0,239850.0,620.0,1.6974674880219027
2010-09-16,0.06,4008450.0,240507.0,621.0,1.700205338809035
2010-09-17,0.06,4018850.0,241131.0,622.0,1.702943189596167
2010-09-18,0.06,4030700.0,241842.0,623.0,1.7056810403832992
2010-09-19,0.06,4041150.0,242469.0,624.0,1.7084188911704312
2010-09-20,0.06,4051300.0,243078.0,625.0,1.7111567419575633
2010-09-21,0.06,4059900.0,243594.0,626.0,1.7138945927446954
2010-09-22,0.06,4068600.0,244116.0,627.0,1.7166324435318274
2010-09-23,0.06,4080300.0,244818.0,628.0,1.7193702943189597
2010-09-24,0.06,4091700.0,245502.0,629.0,1.7221081451060918
2010-09-25,0.06,4102050.0,246123.0,630.0,1.7248459958932238
2010-09-26,0.06,4112300.0,246738.0,631.0,1.727583846680356
2010-09-27,0.06,4123750.0,247425.0,632.0,1.730321697467488
2010-09-28,0.06,4134350.0,248061.0,633.0,1.73305954825462
2010-09-29,0.06,4142550.0,248553.0,634.0,1.7357973990417521
2010-09-30,0.06,4149850.0,248991.0,635.0,1.7385352498288844
2010-10-01,0.06,4157550.0,249453.0,636.0,1.7412731006160165
2010-10-02,0.06,4162550.0,249753.0,637.0,1.7440109514031485
2010-10-03,0.06,4168650.0,250119.0,638.0,1.7467488021902806
2010-10-04,0.06,4176300.0,250578.0,639.0,1.7494866529774127
2010-10-05,0.06,4182600.0,250956.0,640.0,1.7522245037645447
2010-10-06,0.06,4191150.0,251469.0,641.0,1.754962354551677
2010-10-07,0.06,4199150.0,251949.0,642.0,1.757700205338809
2010-10-08,0.08,4206850.0,336548.0,643.0,1.7604380561259412
2010-10-09,0.09,4214750.0,379327.5,644.0,1.7631759069130732
2010-10-10,0.1,4223650.0,422365.0,645.0,1.7659137577002053
2010-10-11,0.1,4231600.0,423160.0,646.0,1.7686516084873374
2010-10-12,0.09,4239350.0,381541.5,647.0,1.7713894592744694
2010-10-13,0.1,4248150.0,424815.0,648.0,1.7741273100616017
2010-10-14,0.1,4258400.0,425840.0,649.0,1.7768651608487338
2010-10-15,0.1,4267250.0,426725.0,650.0,1.7796030116358659
2010-10-16,0.1,4280150.0,428015.0,651.0,1.782340862422998
2010-10-17,0.1,4293650.0,429365.0,652.0,1.78507871321013
2010-10-18,0.1,4306100.0,430610.0,653.0,1.787816563997262
2010-10-19,0.1,4318900.0,431890.0,654.0,1.7905544147843941
2010-10-20,0.1,4332100.0,433210.0,655.0,1.7932922655715264
2010-10-21,0.1,4341400.0,434140.0,656.0,1.7960301163586585
2010-10-22,0.11,4349100.0,478401.0,657.0,1.7987679671457906
2010-10-23,0.11,4357850.0,479363.5,658.0,1.8015058179329226
2010-10-24,0.11,4368100.0,480491.0,659.0,1.8042436687200547
2010-10-25,0.15,4378250.0,656737.5,660.0,1.8069815195071868
2010-10-26,0.16,4390300.0,702448.0,661.0,1.809719370294319
2010-10-27,0.18,4400950.0,792171.0,662.0,1.8124572210814511
2010-10-28,0.19,4411900.0,838261.0,663.0,1.8151950718685832
2010-10-29,0.19,4423050.0,840379.5,664.0,1.8179329226557153
2010-10-30,0.19,4435650.0,842773.5,665.0,1.8206707734428473
2010-10-31,0.19,4444600.0,844474.0,666.0,1.8234086242299794
2010-11-01,0.19,4453450.0,846155.5,667.0,1.8261464750171115
2010-11-02,0.19,4462250.0,847827.5,668.0,1.8288843258042438
2010-11-03,0.19,4471750.0,849632.5,669.0,1.8316221765913758
2010-11-04,0.21,4481800.0,941178.0,670.0,1.834360027378508
2010-11-05,0.24,4492750.0,1078260.0,671.0,1.83709787816564
2010-11-06,0.29,4503650.0,1306058.5,672.0,1.839835728952772
2010-11-07,0.36,4515700.0,1625652.0,673.0,1.842573579739904
2010-11-08,0.32,4529450.0,1449424.0,674.0,1.8453114305270362
2010-11-09,0.27,4540300.0,1225881.0,675.0,1.8480492813141685
2010-11-10,0.2,4550450.0,910090.0,676.0,1.8507871321013005
2010-11-11,0.22,4561400.0,1003508.0,677.0,1.8535249828884326
2010-11-12,0.26,4569850.0,1188161.0,678.0,1.8562628336755647
2010-11-13,0.29,4581000.0,1328490.0,679.0,1.8590006844626967
2010-11-14,0.28,4593750.0,1286250.0000000002,680.0,1.8617385352498288
2010-11-15,0.27,4603700.0,1242999.0,681.0,1.864476386036961
2010-11-16,0.25,4613550.0,1153387.5,682.0,1.8672142368240932
2010-11-17,0.26,4625900.0,1202734.0,683.0,1.8699520876112252
2010-11-18,0.27,4638750.0,1252462.5,684.0,1.8726899383983573
2010-11-19,0.27,4646250.0,1254487.5,685.0,1.8754277891854894
2010-11-20,0.28,4652050.0,1302574.0000000002,686.0,1.8781656399726214
2010-11-21,0.28,4659050.0,1304534.0000000002,687.0,1.8809034907597535
2010-11-22,0.28,4667200.0,1306816.0000000002,688.0,1.8836413415468858
2010-11-23,0.28,4674200.0,1308776.0000000002,689.0,1.8863791923340179
2010-11-24,0.28,4683050.0,1311254.0000000002,690.0,1.88911704312115
2010-11-25,0.28,4692100.0,1313788.0000000002,691.0,1.891854893908282
2010-11-26,0.28,4701800.0,1316504.0000000002,692.0,1.894592744695414
2010-11-27,0.28,4710800.0,1319024.0000000002,693.0,1.8973305954825461
2010-11-28,0.28,4719400.0,1321432.0000000002,694.0,1.9000684462696784
2010-11-29,0.25,4729850.0,1182462.5,695.0,1.9028062970568105
2010-11-30,0.21,4739950.0,995389.5,696.0,1.9055441478439425
2010-12-01,0.21,4749350.0,997363.5,697.0,1.9082819986310746
2010-12-02,0.24,4758750.0,1142100.0,698.0,1.9110198494182067
2010-12-03,0.25,4768200.0,1192050.0,699.0,1.9137577002053388
2010-12-04,0.23,4779650.0,1099319.5,700.0,1.9164955509924708
2010-12-05,0.21,4791600.0,1006236.0,701.0,1.919233401779603
2010-12-06,0.2,4803650.0,960730.0,702.0,1.9219712525667352
2010-12-07,0.22,4815600.0,1059432.0,703.0,1.9247091033538672
2010-12-08,0.23,4827500.0,1110325.0,704.0,1.9274469541409993
2010-12-09,0.21,4838650.0,1016116.5,705.0,1.9301848049281314
2010-12-10,0.19,4846000.0,920740.0,706.0,1.9329226557152634
2010-12-11,0.22,4854750.0,1068045.0,707.0,1.9356605065023955
2010-12-12,0.21,4863300.0,1021293.0,708.0,1.9383983572895278
2010-12-13,0.22,4870350.0,1071477.0,709.0,1.9411362080766599
2010-12-14,0.23,4878750.0,1122112.5,710.0,1.943874058863792
2010-12-15,0.24,4888700.0,1173288.0,711.0,1.946611909650924
2010-12-16,0.25,4897350.0,1224337.5,712.0,1.949349760438056
2010-12-17,0.25,4905650.0,1226412.5,713.0,1.9520876112251881
2010-12-18,0.25,4913700.0,1228425.0,714.0,1.9548254620123204
2010-12-19,0.24,4922900.0,1181496.0,715.0,1.9575633127994525
2010-12-20,0.26,4930850.0,1282021.0,716.0,1.9603011635865846
2010-12-21,0.25,4940200.0,1235050.0,717.0,1.9630390143737166
2010-12-22,0.25,4948500.0,1237125.0,718.0,1.9657768651608487
2010-12-23,0.25,4955750.0,1238937.5,719.0,1.9685147159479808
2010-12-24,0.25,4963150.0,1240787.5,720.0,1.9712525667351128
2010-12-25,0.25,4971550.0,1242887.5,721.0,1.9739904175222451
2010-12-26,0.25,4978800.0,1244700.0,722.0,1.9767282683093772
2010-12-27,0.26,4987100.0,1296646.0,723.0,1.9794661190965093
2010-12-28,0.27,4995550.0,1348798.5,724.0,1.9822039698836413
2010-12-29,0.29,5003800.0,1451102.0,725.0,1.9849418206707734
2010-12-30,0.3,5012250.0,1503675.0,726.0,1.9876796714579055
2010-12-31,0.29,5020350.0,1455901.5,727.0,1.9904175222450375
2011-01-01,0.3,5029400.0,1508820.0,728.0,1.9931553730321698
2011-01-02,0.3,5038150.0,1511445.0,729.0,1.995893223819302
2011-01-03,0.3,5045950.0,1513785.0,730.0,1.998631074606434
2011-01-04,0.29,5053000.0,1465370.0,731.0,2.001368925393566
2011-01-05,0.3,5060700.0,1518210.0,732.0,2.004106776180698
2011-01-06,0.3,5067750.0,1520325.0,733.0,2.00684462696783
2011-01-07,0.31,5075950.0,1573544.5,734.0,2.0095824777549622
2011-01-08,0.31,5084450.0,1576179.5,735.0,2.0123203285420943
2011-01-09,0.32,5092600.0,1629632.0,736.0,2.0150581793292264
2011-01-10,0.32,5100700.0,1632224.0,737.0,2.0177960301163584
2011-01-11,0.32,5109300.0,1634976.0,738.0,2.020533880903491
2011-01-12,0.34,5117650.0,1740001.0000000002,739.0,2.023271731690623
2011-01-13,0.36,5127050.0,1845738.0,740.0,2.026009582477755
2011-01-14,0.39,5136100.0,2003079.0,741.0,2.028747433264887
2011-01-15,0.39,5143950.0,2006140.5,742.0,2.0314852840520192
2011-01-16,0.39,5152650.0,2009533.5,743.0,2.0342231348391513
2011-01-17,0.35,5161700.0,1806595.0,744.0,2.0369609856262834
2011-01-18,0.32,5168750.0,1654000.0,745.0,2.0396988364134154
2011-01-19,0.31,5177200.0,1604932.0,746.0,2.0424366872005475
2011-01-20,0.35,5186500.0,1815275.0,747.0,2.0451745379876796
2011-01-21,0.4,5195200.0,2078080.0,748.0,2.0479123887748116
2011-01-22,0.43,5203450.0,2237483.5,749.0,2.0506502395619437
2011-01-23,0.44,5211950.0,2293258.0,750.0,2.0533880903490758
2011-01-24,0.41,5221350.0,2140753.5,751.0,2.0561259411362083
2011-01-25,0.42,5229150.0,2196243.0,752.0,2.0588637919233403
2011-01-26,0.41,5238150.0,2147641.5,753.0,2.0616016427104724
2011-01-27,0.44,5246150.0,2308306.0,754.0,2.0643394934976045
2011-01-28,0.43,5254050.0,2259241.5,755.0,2.0670773442847366
2011-01-29,0.44,5262100.0,2315324.0,756.0,2.0698151950718686
2011-01-30,0.46,5269900.0,2424154.0,757.0,2.0725530458590007
2011-01-31,0.51,5278400.0,2691984.0,758.0,2.0752908966461328
2011-02-01,0.74,5286600.0,3912084.0,759.0,2.078028747433265
2011-02-02,0.73,5294500.0,3864985.0,760.0,2.080766598220397
2011-02-03,0.71,5302500.0,3764775.0,761.0,2.083504449007529
2011-02-04,0.8,5312200.0,4249760.0,762.0,2.086242299794661
2011-02-05,0.86,5321150.0,4576189.0,763.0,2.088980150581793
2011-02-06,0.87,5330000.0,4637100.0,764.0,2.0917180013689256
2011-02-07,0.86,5340150.0,4592529.0,765.0,2.0944558521560577
2011-02-08,0.9,5348550.0,4813695.0,766.0,2.0971937029431897
2011-02-09,0.96,5358150.0,5143824.0,767.0,2.099931553730322
2011-02-10,0.96,5367450.0,5152752.0,768.0,2.102669404517454
2011-02-11,0.99,5376750.0,5322982.5,769.0,2.105407255304586
2011-02-12,1.06,5386550.0,5709743.0,770.0,2.108145106091718
2011-02-13,1.05,5396450.0,5666272.5,771.0,2.11088295687885
2011-02-14,1.06,5406250.0,5730625.0,772.0,2.113620807665982
2011-02-15,1.05,5417500.0,5688375.0,773.0,2.116358658453114
2011-02-16,1.04,5429100.0,5646264.0,774.0,2.1190965092402463
2011-02-17,1.04,5440650.0,5658276.0,775.0,2.1218343600273784
2011-02-18,0.89,5451250.0,4851612.5,776.0,2.1245722108145104
2011-02-19,0.91,5459300.0,4967963.0,777.0,2.127310061601643
2011-02-20,0.85,5469200.0,4648820.0,778.0,2.130047912388775
2011-02-21,0.84,5478900.0,4602276.0,779.0,2.132785763175907
2011-02-22,0.88,5489450.0,4830716.0,780.0,2.135523613963039
2011-02-23,0.9,5501600.0,4951440.0,781.0,2.138261464750171
2011-02-24,0.95,5511950.0,5236352.5,782.0,2.1409993155373033
2011-02-25,0.96,5523200.0,5302272.0,783.0,2.1437371663244353
2011-02-26,0.94,5537000.0,5204780.0,784.0,2.1464750171115674
2011-02-27,0.93,5549200.0,5160756.0,785.0,2.1492128678986995
2011-02-28,0.88,5556700.0,4889896.0,786.0,2.1519507186858315
2011-03-01,0.95,5563200.0,5285040.0,787.0,2.1546885694729636
2011-03-02,0.92,5571600.0,5125872.0,788.0,2.1574264202600957
2011-03-03,0.92,5580900.0,5134428.0,789.0,2.1601642710472277
2011-03-04,0.91,5591950.0,5088674.5,790.0,2.16290212183436
2011-03-05,0.88,5605800.0,4933104.0,791.0,2.1656399726214923
2011-03-06,0.85,5619500.0,4776575.0,792.0,2.1683778234086244
2011-03-07,0.89,5630050.0,5010744.5,793.0,2.1711156741957565
2011-03-08,0.87,5639400.0,4906278.0,794.0,2.1738535249828885
2011-03-09,0.85,5647400.0,4800290.0,795.0,2.1765913757700206
2011-03-10,0.89,5652900.0,5031081.0,796.0,2.1793292265571527
2011-03-11,0.89,5659400.0,5036866.0,797.0,2.1820670773442847
2011-03-12,0.9,5666400.0,5099760.0,798.0,2.184804928131417
2011-03-13,0.9,5672250.0,5105025.0,799.0,2.187542778918549
2011-03-14,0.89,5677850.0,5053286.5,800.0,2.190280629705681
2011-03-15,0.88,5683450.0,5001436.0,801.0,2.193018480492813
2011-03-16,0.85,5690250.0,4836712.5,802.0,2.195756331279945
2011-03-17,0.84,5697300.0,4785732.0,803.0,2.198494182067077
2011-03-18,0.77,5703300.0,4391541.0,804.0,2.2012320328542097
2011-03-19,0.76,5709050.0,4338878.0,805.0,2.2039698836413417
2011-03-20,0.77,5715900.0,4401243.0,806.0,2.206707734428474
2011-03-21,0.75,5723300.0,4292475.0,807.0,2.209445585215606
2011-03-22,0.78,5729250.0,4468815.0,808.0,2.212183436002738
2011-03-23,0.83,5737100.0,4761793.0,809.0,2.21492128678987
2011-03-24,0.88,5744700.0,5055336.0,810.0,2.217659137577002
2011-03-25,0.88,5753350.0,5062948.0,811.0,2.220396988364134
2011-03-26,0.87,5760250.0,5011417.5,812.0,2.223134839151266
2011-03-27,0.83,5767400.0,4786942.0,813.0,2.2258726899383983
2011-03-28,0.81,5775800.0,4678398.0,814.0,2.2286105407255303
2011-03-29,0.79,5783950.0,4569320.5,815.0,2.2313483915126624
2011-03-30,0.79,5791750.0,4575482.5,816.0,2.2340862422997945
2011-03-31,0.79,5801800.0,4583422.0,817.0,2.236824093086927
2011-04-01,0.78,5810600.0,4532268.0,818.0,2.239561943874059
2011-04-02,0.79,5819600.0,4597484.0,819.0,2.242299794661191
2011-04-03,0.78,5828350.0,4546113.0,820.0,2.245037645448323
2011-04-04,0.69,5837250.0,4027702.4999999995,821.0,2.2477754962354553
2011-04-05,0.67,5846950.0,3917456.5000000005,822.0,2.2505133470225873
2011-04-06,0.72,5854350.0,4215132.0,823.0,2.2532511978097194
2011-04-07,0.75,5861700.0,4396275.0,824.0,2.2559890485968515
2011-04-08,0.76,5870000.0,4461200.0,825.0,2.2587268993839835
2011-04-09,0.74,5877800.0,4349572.0,826.0,2.2614647501711156
2011-04-10,0.74,5886450.0,4355973.0,827.0,2.2642026009582477
2011-04-11,0.77,5894600.0,4538842.0,828.0,2.2669404517453797
2011-04-12,0.85,5902750.0,5017337.5,829.0,2.269678302532512
2011-04-13,0.93,5912450.0,5498578.5,830.0,2.272416153319644
2011-04-14,0.95,5920450.0,5624427.5,831.0,2.2751540041067764
2011-04-15,1.0,5927250.0,5927250.0,832.0,2.2778918548939084
2011-04-16,1.04,5935900.0,6173336.0,833.0,2.2806297056810405
2011-04-17,1.08,5944900.0,6420492.0,834.0,2.2833675564681726
2011-04-18,1.15,5952300.0,6845144.999999999,835.0,2.2861054072553046
2011-04-19,1.18,5960000.0,7032800.0,836.0,2.2888432580424367
2011-04-20,1.16,5967200.0,6921951.999999999,837.0,2.291581108829569
2011-04-21,1.18,5974550.0,7049969.0,838.0,2.294318959616701
2011-04-22,1.29,5983350.0,7718521.5,839.0,2.297056810403833
2011-04-23,1.55,5991950.0,9287522.5,840.0,2.299794661190965
2011-04-24,1.67,6000050.0,10020083.5,841.0,2.302532511978097
2011-04-25,1.58,6009650.0,9495247.0,842.0,2.305270362765229
2011-04-26,1.67,6019400.0,10052398.0,843.0,2.308008213552361
2011-04-27,1.89,6028550.0,11393959.5,844.0,2.3107460643394937
2011-04-28,2.03,6036750.0,12254602.499999998,845.0,2.3134839151266258
2011-04-29,2.59,6046750.0,15661082.5,846.0,2.316221765913758
2011-04-30,3.29,6056200.0,19924898.0,847.0,2.31895961670089
2011-05-01,3.14,6065150.0,19044571.0,848.0,2.321697467488022
2011-05-02,3.24,6075000.0,19683000.0,849.0,2.324435318275154
2011-05-03,3.32,6084800.0,20201536.0,850.0,2.327173169062286
2011-05-04,3.44,6094650.0,20965596.0,851.0,2.329911019849418
2011-05-05,3.41,6105600.0,20820096.0,852.0,2.3326488706365502
2011-05-06,3.48,6116500.0,21285420.0,853.0,2.3353867214236823
2011-05-07,3.61,6127200.0,22119192.0,854.0,2.3381245722108144
2011-05-08,3.77,6138150.0,23140825.5,855.0,2.3408624229979464
2011-05-09,3.8,6150100.0,23370380.0,856.0,2.3436002737850785
2011-05-10,4.74,6159250.0,29194845.0,857.0,2.346338124572211
2011-05-11,5.35,6168800.0,33003079.999999996,858.0,2.349075975359343
2011-05-12,5.83,6177250.0,36013367.5,859.0,2.351813826146475
2011-05-13,7.48,6187600.0,46283248.0,860.0,2.3545516769336072
2011-05-14,7.86,6199700.0,48729642.0,861.0,2.3572895277207393
2011-05-15,6.74,6210700.0,41860118.0,862.0,2.3600273785078714
2011-05-16,7.77,6223050.0,48353098.5,863.0,2.3627652292950034
2011-05-17,7.52,6235900.0,46893968.0,864.0,2.3655030800821355
2011-05-18,7.14,6250299.98999999,44627141.928599924,865.0,2.3682409308692676
2011-05-19,6.96,6258849.98999999,43561595.93039993,866.0,2.3709787816563996
2011-05-20,6.28,6269849.98999999,39374657.937199935,867.0,2.3737166324435317
2011-05-21,5.97,6280849.98999999,37496674.440299936,868.0,2.3764544832306638
2011-05-22,6.47,6293449.98999999,40718621.43529993,869.0,2.379192334017796
2011-05-23,7.1,6307749.98999999,44785024.92899992,870.0,2.3819301848049284
2011-05-24,7.23,6322699.98999999,45713120.92769993,871.0,2.3846680355920604
2011-05-25,7.98,6338049.98999999,50577638.92019992,872.0,2.3874058863791925
2011-05-26,8.55,6352849.98999999,54316867.414499916,873.0,2.3901437371663246
2011-05-27,8.67,6361199.98999999,55151603.91329991,874.0,2.3928815879534566
2011-05-28,8.45,6368949.98999999,53817627.41549991,875.0,2.3956194387405887
2011-05-29,8.3,6377949.98999999,52936984.91699992,876.0,2.3983572895277208
2011-05-30,8.72,6385649.98999999,55682867.91279992,877.0,2.401095140314853
2011-05-31,8.88,6393149.98999999,56771171.91119991,878.0,2.403832991101985
2011-06-01,9.21,6402549.98999999,58967485.407899916,879.0,2.406570841889117
2011-06-02,10.11,6412049.98999999,64825825.3988999,880.0,2.409308692676249
2011-06-03,13.08,6422149.98999999,84001721.86919987,881.0,2.412046543463381
2011-06-04,16.41,6433349.98999999,105571273.33589983,882.0,2.414784394250513
2011-06-05,17.32,6443749.98999999,111605749.82679982,883.0,2.4175222450376452
2011-06-06,18.46,6455399.98999999,119166683.81539983,884.0,2.4202600958247777
2011-06-07,19.9,6463899.98999999,128631609.80099979,885.0,2.42299794661191
2011-06-08,27.25,6473149.98999999,176393337.22749972,886.0,2.425735797399042
2011-06-09,29.58,6484249.98999999,191804114.7041997,887.0,2.428473648186174
2011-06-10,24.67,6495399.98999999,160241517.75329977,888.0,2.431211498973306
2011-06-11,17.61,6507999.98999999,114605879.82389982,889.0,2.433949349760438
2011-06-12,16.21,6519649.98999999,105683526.33789985,890.0,2.43668720054757
2011-06-13,20.11,6530999.98999999,131338409.7988998,891.0,2.439425051334702
2011-06-14,19.25,6543349.98999999,125959487.30749981,892.0,2.4421629021218343
2011-06-15,19.68,6557299.98999999,129047663.8031998,893.0,2.4449007529089664
2011-06-16,18.86,6566299.98999999,123840417.8113998,894.0,2.4476386036960984
2011-06-17,15.51,6575599.98999999,101987555.84489985,895.0,2.4503764544832305
2011-06-18,16.04,6585449.98999999,105630617.83959983,896.0,2.4531143052703626
2011-06-19,17.77,6596599.98999999,117221581.82229982,897.0,2.455852156057495
2011-06-20,17.51,6608299.98999999,115711332.82489984,898.0,2.458590006844627
2011-06-21,17.51,6620949.98999999,115932834.32489984,899.0,2.461327857631759
2011-06-22,17.51,6633949.98999999,116160464.32489984,900.0,2.4640657084188913
2011-06-23,17.51,6645949.98999999,116370584.32489984,901.0,2.4668035592060233
2011-06-24,17.51,6656749.98999999,116559692.32489984,902.0,2.4695414099931554
2011-06-25,17.51,6663899.98999999,116684888.82489984,903.0,2.4722792607802875
2011-06-26,15.59,6671349.98999999,104006346.34409985,904.0,2.4750171115674195
2011-06-27,17.01,6679799.98999999,113623397.82989983,905.0,2.4777549623545516
2011-06-28,16.93,6687799.98999999,113224453.83069983,906.0,2.4804928131416837
2011-06-29,16.88,6696399.98999999,113035231.83119982,907.0,2.4832306639288158
2011-06-30,16.51,6705949.98999999,110715234.33489984,908.0,2.485968514715948
2011-07-01,15.9,6714599.98999999,106762139.84099984,909.0,2.48870636550308
2011-07-02,15.53,6723049.98999999,104408966.34469984,910.0,2.4914442162902124
2011-07-03,15.48,6731299.98999999,104200523.84519985,911.0,2.4941820670773445
2011-07-04,14.48,6739799.98999999,97592303.85519986,912.0,2.4969199178644765
2011-07-05,12.8,6746749.98999999,86358399.87199987,913.0,2.4996577686516086
2011-07-06,14.8,6754599.98999999,99968079.85199985,914.0,2.5023956194387407
2011-07-07,15.16,6761149.98999999,102499033.84839985,915.0,2.5051334702258727
2011-07-08,14.35,6769399.98999999,97140889.85649985,916.0,2.507871321013005
2011-07-09,14.39,6776849.98999999,97518871.35609986,917.0,2.510609171800137
2011-07-10,15.08,6783699.98999999,102298195.84919985,918.0,2.513347022587269
2011-07-11,14.37,6791549.98999999,97594573.35629985,919.0,2.516084873374401
2011-07-12,14.15,6798599.98999999,96200189.85849985,920.0,2.518822724161533
2011-07-13,14.03,6808149.98999999,95518344.35969986,921.0,2.521560574948665
2011-07-14,13.93,6815349.98999999,94937825.36069986,922.0,2.524298425735797
2011-07-15,13.9,6823449.98999999,94845954.86099987,923.0,2.5270362765229293
2011-07-16,13.62,6831299.98999999,93042305.86379986,924.0,2.529774127310062
2011-07-17,13.34,6839799.98999999,91242931.86659987,925.0,2.532511978097194
2011-07-18,13.03,6848299.98999999,89233348.86969987,926.0,2.535249828884326
2011-07-19,14.04,6855399.98999999,96249815.85959986,927.0,2.537987679671458
2011-07-20,13.69,6862849.98999999,93952416.36309986,928.0,2.54072553045859
2011-07-21,13.66,6870449.98999999,93850346.86339986,929.0,2.543463381245722
2011-07-22,13.65,6877999.98999999,93884699.86349986,930.0,2.546201232032854
2011-07-23,13.64,6885299.98999999,93915491.86359987,931.0,2.5489390828199863
2011-07-24,13.86,6893599.98999999,95545295.86139986,932.0,2.5516769336071183
2011-07-25,14.2,6901849.98999999,98006269.85799985,933.0,2.5544147843942504
2011-07-26,13.91,6910649.98999999,96127141.36089987,934.0,2.5571526351813825
2011-07-27,13.96,6919349.98999999,96594125.86039987,935.0,2.5598904859685145
2011-07-28,13.61,6927099.98999999,94277830.86389986,936.0,2.5626283367556466
2011-07-29,13.51,6935299.98999999,93695902.86489986,937.0,2.565366187542779
2011-07-30,13.53,6942899.98999999,93937436.86469986,938.0,2.568104038329911
2011-07-31,13.52,6951649.98999999,93986307.86479986,939.0,2.5708418891170433
2011-08-01,13.17,6959899.98999999,91661882.86829987,940.0,2.5735797399041753
2011-08-02,12.39,6967599.98999999,86328563.87609988,941.0,2.5763175906913074
2011-08-03,10.45,6975449.98999999,72893452.39549989,942.0,2.5790554414784395
2011-08-04,10.58,6981899.98999999,73868501.8941999,943.0,2.5817932922655715
2011-08-05,10.27,6988899.98999999,71776002.8972999,944.0,2.5845311430527036
2011-08-06,7.82,6994999.98999999,54700899.92179992,945.0,2.5872689938398357
2011-08-07,7.72,7001299.98999999,54050035.92279992,946.0,2.5900068446269677
2011-08-08,7.74,7008099.98999999,54242693.92259993,947.0,2.5927446954141
2011-08-09,9.72,7015399.98999999,68189687.9027999,948.0,2.595482546201232
2011-08-10,10.0,7022999.98999999,70229999.8999999,949.0,2.598220396988364
2011-08-11,9.47,7029849.98999999,66572679.40529991,950.0,2.6009582477754964
2011-08-12,9.32,7036399.98999999,65579247.906799905,951.0,2.6036960985626285
2011-08-13,9.8,7042899.98999999,69020419.9019999,952.0,2.6064339493497606
2011-08-14,10.61,7049499.98999999,74795194.89389989,953.0,2.6091718001368926
2011-08-15,11.3,7055949.98999999,79732234.88699989,954.0,2.6119096509240247
2011-08-16,11.05,7063299.98999999,78049464.88949989,955.0,2.614647501711157
2011-08-17,10.88,7070099.98999999,76922687.8911999,956.0,2.617385352498289
2011-08-18,10.9,7077299.98999999,77142569.8909999,957.0,2.620123203285421
2011-08-19,11.4,7083849.98999999,80755889.88599989,958.0,2.622861054072553
2011-08-20,11.49,7091449.98999999,81480760.38509989,959.0,2.625598904859685
2011-08-21,11.38,7099449.98999999,80791740.88619989,960.0,2.628336755646817
2011-08-22,11.03,7107899.98999999,78400136.88969989,961.0,2.631074606433949
2011-08-23,11.03,7115649.98999999,78485619.38969989,962.0,2.6338124572210813
2011-08-24,10.94,7122349.98999999,77918508.89059989,963.0,2.6365503080082138
2011-08-25,10.01,7129099.98999999,71362290.8998999,964.0,2.639288158795346
2011-08-26,8.65,7136449.98999999,61730292.413499914,965.0,2.642026009582478
2011-08-27,8.63,7142549.98999999,61640206.41369992,966.0,2.64476386036961
2011-08-28,8.97,7148349.98999999,64120699.41029991,967.0,2.647501711156742
2011-08-29,8.93,7155249.98999999,63896382.41069991,968.0,2.650239561943874
2011-08-30,8.78,7162549.98999999,62887188.91219991,969.0,2.652977412731006
2011-08-31,8.35,7170299.98999999,59872004.91649991,970.0,2.6557152635181382
2011-09-01,8.22,7176749.98999999,58992884.91779992,971.0,2.6584531143052703
2011-09-02,8.44,7184549.98999999,60637601.91559991,972.0,2.6611909650924024
2011-09-03,8.53,7191799.98999999,61346053.91469991,973.0,2.6639288158795345
2011-09-04,8.17,7198499.98999999,58811744.91829992,974.0,2.6666666666666665
2011-09-05,7.62,7206299.98999999,54912005.923799925,975.0,2.6694045174537986
2011-09-06,6.73,7213849.98999999,48549210.43269993,976.0,2.6721423682409307
2011-09-07,7.03,7220649.98999999,50761169.429699935,977.0,2.674880219028063
2011-09-08,6.8,7227099.98999999,49144279.93199993,978.0,2.6776180698151952
2011-09-09,5.31,7234799.98999999,38416787.94689994,979.0,2.6803559206023273
2011-09-10,5.03,7241449.98999999,36424493.44969995,980.0,2.6830937713894594
2011-09-11,6.06,7247699.98999999,43921061.939399935,981.0,2.6858316221765914
2011-09-12,6.04,7254349.98999999,43816273.93959994,982.0,2.6885694729637235
2011-09-13,5.79,7261449.98999999,42043795.442099944,983.0,2.6913073237508556
2011-09-14,5.55,7268749.98999999,40341562.44449994,984.0,2.6940451745379876
2011-09-15,4.97,7276549.98999999,36164453.45029995,985.0,2.6967830253251197
2011-09-16,4.81,7282499.98999999,35028824.951899946,986.0,2.6995208761122518
2011-09-17,4.77,7289199.98999999,34769483.95229995,987.0,2.702258726899384
2011-09-18,5.11,7297099.98999999,37288180.948899955,988.0,2.704996577686516
2011-09-19,5.26,7303449.98999999,38416146.947399944,989.0,2.707734428473648
2011-09-20,6.1,7310449.98999999,44593744.938999936,990.0,2.7104722792607805
2011-09-21,5.62,7317749.98999999,41125754.94379994,991.0,2.7132101300479126
2011-09-22,5.49,7325149.98999999,40215073.44509995,992.0,2.7159479808350446
2011-09-23,5.59,7331799.98999999,40984761.94409994,993.0,2.7186858316221767
2011-09-24,5.41,7338249.98999999,39699932.44589995,994.0,2.7214236824093088
2011-09-25,5.32,7345099.98999999,39075931.94679995,995.0,2.724161533196441
2011-09-26,4.95,7351799.98999999,36391409.95049995,996.0,2.726899383983573
2011-09-27,4.84,7358449.98999999,35614897.95159995,997.0,2.729637234770705
2011-09-28,4.74,7365799.98999999,34913891.95259996,998.0,2.732375085557837
2011-09-29,4.7,7372049.98999999,34648634.95299996,999.0,2.735112936344969
2011-09-30,5.01,7378149.98999999,36964531.44989995,1000.0,2.737850787132101
2011-10-01,5.05,7385299.98999999,37295764.94949995,1001.0,2.7405886379192332
2011-10-02,4.98,7391349.98999999,36808922.950199954,1002.0,2.7433264887063653
2011-10-03,4.94,7398599.98999999,36549083.95059995,1003.0,2.746064339493498
2011-10-04,4.9,7404199.98999999,36280579.95099995,1004.0,2.74880219028063
2011-10-05,4.86,7411449.98999999,36019646.95139995,1005.0,2.751540041067762
2011-10-06,4.68,7417849.98999999,34715537.95319995,1006.0,2.754277891854894
2011-10-07,4.29,7424749.98999999,31852177.457099956,1007.0,2.757015742642026
2011-10-08,4.03,7430699.98999999,29945720.959699962,1008.0,2.759753593429158
2011-10-09,4.19,7437049.98999999,31161239.45809996,1009.0,2.7624914442162902
2011-10-10,4.1,7443199.98999999,30517119.958999958,1010.0,2.7652292950034223
2011-10-11,3.95,7447849.98999999,29419007.46049996,1011.0,2.7679671457905544
2011-10-12,4.07,7453849.98999999,30337169.459299963,1012.0,2.7707049965776864
2011-10-13,4.08,7458699.98999999,30431495.95919996,1013.0,2.7734428473648185
2011-10-14,4.0,7465649.98999999,29862599.95999996,1014.0,2.7761806981519506
2011-10-15,3.89,7472349.98999999,29067441.461099964,1015.0,2.7789185489390826
2011-10-16,3.64,7478299.98999999,27221011.963599965,1016.0,2.7816563997262147
2011-10-17,2.85,7484199.98999999,21329969.971499972,1017.0,2.784394250513347
2011-10-18,2.62,7490199.98999999,19624323.973799974,1018.0,2.7871321013004793
2011-10-19,2.28,7496849.98999999,17092817.977199975,1019.0,2.7898699520876113
2011-10-20,2.31,7502599.98999999,17331005.976899978,1020.0,2.7926078028747434
2011-10-21,2.54,7508649.98999999,19071970.974599976,1021.0,2.7953456536618755
2011-10-22,3.01,7513549.98999999,22615785.469899967,1022.0,2.7980835044490076
2011-10-23,3.08,7518949.98999999,23158365.96919997,1023.0,2.8008213552361396
2011-10-24,2.81,7525299.98999999,21146092.97189997,1024.0,2.8035592060232717
2011-10-25,2.74,7531749.98999999,20636994.972599976,1025.0,2.8062970568104038
2011-10-26,2.75,7537599.98999999,20728399.972499974,1026.0,2.809034907597536
2011-10-27,2.92,7542599.98999999,22024391.97079997,1027.0,2.811772758384668
2011-10-28,3.11,7547849.98999999,23473813.46889997,1028.0,2.8145106091718
2011-10-29,3.54,7553499.98999999,26739389.964599963,1029.0,2.817248459958932
2011-10-30,3.38,7559049.98999999,25549588.966199964,1030.0,2.8199863107460645
2011-10-31,3.19,7565599.98999999,24134263.968099967,1031.0,2.8227241615331966
2011-11-01,3.19,7573099.98999999,24158188.968099967,1032.0,2.8254620123203287
2011-11-02,3.23,7580799.98999999,24485983.967699967,1033.0,2.8281998631074607
2011-11-03,3.21,7587049.98999999,24354430.467899967,1034.0,2.830937713894593
2011-11-04,3.13,7594399.98999999,23770471.96869997,1035.0,2.833675564681725
2011-11-05,3.01,7601699.98999999,22881116.969899967,1036.0,2.836413415468857
2011-11-06,2.96,7608899.98999999,22522343.97039997,1037.0,2.839151266255989
2011-11-07,3.0,7615499.98999999,22846499.96999997,1038.0,2.841889117043121
2011-11-08,3.09,7622949.98999999,23554915.46909997,1039.0,2.844626967830253
2011-11-09,3.0,7630999.98999999,22892999.96999997,1040.0,2.847364818617385
2011-11-10,2.87,7638049.98999999,21921203.471299972,1041.0,2.8501026694045173
2011-11-11,2.97,7643749.98999999,22701937.47029997,1042.0,2.8528405201916494
2011-11-12,3.06,7651149.98999999,23412518.96939997,1043.0,2.855578370978782
2011-11-13,3.0,7658349.98999999,22975049.96999997,1044.0,2.858316221765914
2011-11-14,2.51,7665499.98999999,19240404.974899974,1045.0,2.861054072553046
2011-11-15,2.3,7673749.98999999,17649624.976999976,1046.0,2.863791923340178
2011-11-16,2.46,7680499.98999999,18894029.975399975,1047.0,2.86652977412731
2011-11-17,2.23,7687449.98999999,17143013.477699976,1048.0,2.869267624914442
2011-11-18,2.14,7694099.98999999,16465373.978599979,1049.0,2.8720054757015743
2011-11-19,2.17,7700249.98999999,16709542.478299977,1050.0,2.8747433264887063
2011-11-20,2.28,7707399.98999999,17572871.977199975,1051.0,2.8774811772758384
2011-11-21,2.23,7713299.98999999,17200658.977699976,1052.0,2.8802190280629705
2011-11-22,2.31,7720299.98999999,17833892.976899978,1053.0,2.8829568788501025
2011-11-23,2.32,7726999.98999999,17926639.976799976,1054.0,2.8856947296372346
2011-11-24,2.42,7732649.98999999,18713012.975799974,1055.0,2.8884325804243667
2011-11-25,2.47,7739399.98999999,19116317.975299977,1056.0,2.891170431211499
2011-11-26,2.48,7745399.98999999,19208591.975199975,1057.0,2.8939082819986313
2011-11-27,2.46,7751099.98999999,19067705.975399975,1058.0,2.8966461327857633
2011-11-28,2.51,7757449.98999999,19471199.474899974,1059.0,2.8993839835728954
2011-11-29,2.79,7764349.98999999,21662536.47209997,1060.0,2.9021218343600275
2011-11-30,2.91,7772449.98999999,22617829.470899973,1061.0,2.9048596851471595
2011-12-01,3.05,7781549.98999999,23733727.469499968,1062.0,2.9075975359342916
2011-12-02,3.1,7788849.98999999,24145434.96899997,1063.0,2.9103353867214237
2011-12-03,2.93,7796449.98999999,22843598.470699973,1064.0,2.9130732375085557
2011-12-04,2.75,7803249.98999999,21458937.472499974,1065.0,2.915811088295688
2011-12-05,2.87,7811149.98999999,22418000.471299972,1066.0,2.91854893908282
2011-12-06,2.98,7819699.98999999,23302705.97019997,1067.0,2.921286789869952
2011-12-07,3.0,7826599.98999999,23479799.96999997,1068.0,2.924024640657084
2011-12-08,2.95,7834799.98999999,23112659.97049997,1069.0,2.926762491444216
2011-12-09,2.99,7842149.98999999,23448028.47009997,1070.0,2.9295003422313486
2011-12-10,3.04,7849349.98999999,23862023.96959997,1071.0,2.9322381930184807
2011-12-11,3.2,7856949.98999999,25142239.96799997,1072.0,2.9349760438056127
2011-12-12,3.18,7863299.98999999,25005293.96819997,1073.0,2.937713894592745
2011-12-13,3.21,7869899.98999999,25262378.967899967,1074.0,2.940451745379877
2011-12-14,3.12,7877549.98999999,24577955.96879997,1075.0,2.943189596167009
2011-12-15,3.17,7883149.98999999,24989585.468299966,1076.0,2.945927446954141
2011-12-16,3.18,7889049.98999999,25087178.96819997,1077.0,2.948665297741273
2011-12-17,3.19,7896549.98999999,25189994.468099967,1078.0,2.951403148528405
2011-12-18,3.2,7903749.98999999,25291999.96799997,1079.0,2.954140999315537
2011-12-19,3.41,7911699.98999999,26978896.965899967,1080.0,2.9568788501026693
2011-12-20,3.97,7918399.98999999,31436047.96029996,1081.0,2.9596167008898013
2011-12-21,3.93,7925849.98999999,31148590.46069996,1082.0,2.9623545516769334
2011-12-22,3.79,7933249.98999999,30067017.462099962,1083.0,2.965092402464066
2011-12-23,3.9,7940349.98999999,30967364.960999962,1084.0,2.967830253251198
2011-12-24,3.92,7947599.98999999,31154591.96079996,1085.0,2.97056810403833
2011-12-25,4.14,7956299.98999999,32939081.958599955,1086.0,2.973305954825462
2011-12-26,4.04,7965149.98999999,32179205.95959996,1087.0,2.976043805612594
2011-12-27,4.02,7972399.98999999,32049047.959799957,1088.0,2.9787816563997263
2011-12-28,4.14,7980149.98999999,33037820.958599955,1089.0,2.9815195071868583
2011-12-29,4.22,7987049.98999999,33705350.957799956,1090.0,2.9842573579739904
2011-12-30,4.19,7994149.98999999,33495488.45809996,1091.0,2.9869952087611225
2011-12-31,4.58,8001699.98999999,36647785.954199955,1092.0,2.9897330595482545
2012-01-01,5.0,8009349.98999999,40046749.94999995,1093.0,2.9924709103353866
2012-01-02,5.0,8016899.98999999,40084499.94999995,1094.0,2.9952087611225187
2012-01-03,5.29,8024849.98999999,42451456.44709995,1095.0,2.9979466119096507
2012-01-04,5.57,8032299.98999999,44739910.944299944,1096.0,3.0006844626967832
2012-01-05,6.65,8039649.98999999,53463672.43349994,1097.0,3.0034223134839153
2012-01-06,6.0,8048199.98999999,48289199.93999994,1098.0,3.0061601642710474
2012-01-07,6.8,8057399.98999999,54790319.93199993,1099.0,3.0088980150581794
2012-01-08,7.0,8065549.98999999,56458849.92999993,1100.0,3.0116358658453115
2012-01-09,6.3,8073749.98999999,50864624.93699993,1101.0,3.0143737166324436
2012-01-10,7.14,8080799.98999999,57696911.928599924,1102.0,3.0171115674195756
2012-01-11,7.0,8088449.98999999,56619149.92999993,1103.0,3.0198494182067077
2012-01-12,6.51,8096199.98999999,52706261.93489993,1104.0,3.02258726899384
2012-01-13,6.72,8103199.98999999,54453503.93279993,1105.0,3.025325119780972
2012-01-14,6.3,8110699.98999999,51097409.93699993,1106.0,3.028062970568104
2012-01-15,7.15,8117649.98999999,58041197.42849993,1107.0,3.030800821355236
2012-01-16,7.1,8126349.98999999,57697084.92899992,1108.0,3.033538672142368
2012-01-17,6.0,8134249.98999999,48805499.93999994,1109.0,3.0362765229295
2012-01-18,7.1,8140649.97299999,57798614.80829993,1110.0,3.0390143737166326
2012-01-19,6.22,8148149.87710466,50681492.23559098,1111.0,3.0417522245037647
2012-01-20,6.95,8155399.48698481,56680026.43454443,1112.0,3.0444900752908968
2012-01-21,6.77,8163599.04744397,55267565.55119567,1113.0,3.047227926078029
2012-01-22,6.79,8170398.84204106,55477008.1374588,1114.0,3.049965776865161
2012-01-23,6.52,8178898.67363629,53326419.352108605,1115.0,3.052703627652293
2012-01-24,6.55,8185847.56325165,53617301.5392983,1116.0,3.055441478439425
2012-01-25,6.31,8193247.34414703,51699390.74156776,1117.0,3.058179329226557
2012-01-26,5.5,8200146.65061203,45100806.57836617,1118.0,3.060917180013689
2012-01-27,5.88,8207195.24223045,48258308.024315044,1119.0,3.0636550308008212
2012-01-28,4.91,8214442.94288381,40332914.84955951,1120.0,3.0663928815879533
2012-01-29,5.5,8222791.75104146,45225354.63072803,1121.0,3.0691307323750854
2012-01-30,5.58,8231391.41143302,45931164.075796254,1122.0,3.0718685831622174
2012-01-31,5.3,8238891.34443302,43666124.125495,1123.0,3.07460643394935
2012-02-01,5.88,8245941.10632214,48486133.705174185,1124.0,3.077344284736482
2012-02-02,6.28,8253890.94315441,51834435.1230097,1125.0,3.080082135523614
2012-02-03,6.3,8261790.7846608,52049281.94336304,1126.0,3.082819986310746
2012-02-04,5.94,8269640.75849937,49121666.10548626,1127.0,3.0855578370978782
2012-02-05,5.6,8276740.75849937,46349748.24759647,1128.0,3.0882956878850103
2012-02-06,5.6,8284040.75849937,46390628.24759647,1129.0,3.0910335386721424
2012-02-07,5.69,8290890.75599937,47175168.401636414,1130.0,3.0937713894592744
2012-02-08,5.87,8298140.75599937,48710086.2377163,1131.0,3.0965092402464065
2012-02-09,5.89,8305390.75599937,48918751.552836284,1132.0,3.0992470910335386
2012-02-10,5.88,8312290.75599937,48876269.64527629,1133.0,3.1019849418206706
2012-02-11,5.5,8319790.61839413,45758848.40116771,1134.0,3.1047227926078027
2012-02-12,5.67,8327690.58989413,47218005.644699715,1135.0,3.1074606433949348
2012-02-13,5.79,8334540.58989413,48256990.015487015,1136.0,3.1101984941820673
2012-02-14,4.89,8341440.57589413,40789644.416122295,1137.0,3.1129363449691994
2012-02-15,4.69,8348140.56808977,39152779.26434103,1138.0,3.1156741957563314
2012-02-16,4.51,8355040.43575376,37681232.365249455,1139.0,3.1184120465434635
2012-02-17,4.67,8362640.41725376,39053530.748575054,1140.0,3.1211498973305956
2012-02-18,4.23,8371190.41725376,35410135.4649834,1141.0,3.1238877481177276
2012-02-19,4.38,8379090.41725376,36700416.02757147,1142.0,3.1266255989048597
2012-02-20,4.44,8386090.41725376,37234241.45260669,1143.0,3.1293634496919918
2012-02-21,4.58,8392540.41725376,38437835.11102223,1144.0,3.132101300479124
2012-02-22,4.51,8400490.41725376,37886211.781814456,1145.0,3.134839151266256
2012-02-23,5.2,8408790.41725376,43725710.169719554,1146.0,3.137577002053388
2012-02-24,4.95,8416240.41725376,41660390.065406114,1147.0,3.14031485284052
2012-02-25,5.0,8424490.41725376,42122452.086268805,1148.0,3.143052703627652
2012-02-26,4.98,8431990.41075376,41991312.24555373,1149.0,3.1457905544147846
2012-02-27,5.04,8439690.41075376,42536039.670198955,1150.0,3.1485284052019167
2012-02-28,4.88,8447690.41075376,41224729.20447835,1151.0,3.1512662559890487
2012-02-29,4.99,8456640.41075376,42198635.649661265,1152.0,3.154004106776181
2012-03-01,5.0,8464190.41075376,42320952.0537688,1153.0,3.156741957563313
2012-03-02,4.79,8470890.41075376,40575565.067510515,1154.0,3.159479808350445
2012-03-03,4.65,8476540.38925376,39415912.81002998,1155.0,3.162217659137577
2012-03-04,4.81,8483390.38015376,40805107.728539586,1156.0,3.164955509924709
2012-03-05,5.04,8490640.38015376,42792827.515974954,1157.0,3.167693360711841
2012-03-06,4.98,8497490.32815376,42317501.834205724,1158.0,3.1704312114989732
2012-03-07,4.93,8505190.32815376,41930588.31779803,1159.0,3.1731690622861053
2012-03-08,5.01,8512990.32815376,42650081.54405033,1160.0,3.1759069130732374
2012-03-09,4.93,8521390.32815376,42010454.31779803,1161.0,3.1786447638603694
2012-03-10,4.94,8529640.32815376,42136423.22107957,1162.0,3.1813826146475015
2012-03-11,5.0,8536340.32815376,42681701.640768796,1163.0,3.184120465434634
2012-03-12,4.99,8544640.32815376,42637755.237487264,1164.0,3.186858316221766
2012-03-13,5.3,8552640.32815376,45328993.73921492,1165.0,3.189596167008898
2012-03-14,5.27,8559490.32815376,45108514.02937031,1166.0,3.19233401779603
2012-03-15,5.39,8565540.32815376,46168262.36874876,1167.0,3.1950718685831623
2012-03-16,5.26,8573190.32815376,45094981.12608877,1168.0,3.1978097193702943
2012-03-17,5.42,8581690.32815376,46512761.57859337,1169.0,3.2005475701574264
2012-03-18,5.25,8589690.32815376,45095874.222807236,1170.0,3.2032854209445585
2012-03-19,4.86,8596840.32815376,41780643.99482727,1171.0,3.2060232717316905
2012-03-20,4.79,8604840.32815376,41217185.17185651,1172.0,3.2087611225188226
2012-03-21,4.96,8612740.32815376,42719192.027642645,1173.0,3.2114989733059547
2012-03-22,4.91,8620640.32815376,42327344.01123496,1174.0,3.2142368240930868
2012-03-23,4.78,8626940.32815376,41236774.76857497,1175.0,3.216974674880219
2012-03-24,4.83,8636090.32815376,41712316.28498266,1176.0,3.2197125256673513
2012-03-25,4.54,8643990.32815376,39243716.08981807,1177.0,3.2224503764544834
2012-03-26,4.73,8651540.32815376,40921785.752167284,1178.0,3.2251882272416155
2012-03-27,4.82,8659340.32815376,41738020.38170112,1179.0,3.2279260780287475
2012-03-28,4.82,8666840.32815376,41774170.38170112,1180.0,3.2306639288158796
2012-03-29,4.84,8673890.32815376,41981629.18826419,1181.0,3.2334017796030117
2012-03-30,4.88,8681590.32815376,42366160.80139034,1182.0,3.2361396303901437
2012-03-31,4.9,8690090.32815376,42581442.60795342,1183.0,3.238877481177276
2012-04-01,4.89,8697190.32815376,42529260.70467188,1184.0,3.241615331964408
2012-04-02,5.04,8702990.32815376,43863071.25389495,1185.0,3.24435318275154
2012-04-03,4.99,8709640.32815376,43461105.237487264,1186.0,3.247091033538672
2012-04-04,5.01,8716490.32815376,43669616.54405033,1187.0,3.249828884325804
2012-04-05,5.0,8722340.32815376,43611701.640768796,1188.0,3.252566735112936
2012-04-06,4.99,8729140.32815376,43558410.237487264,1189.0,3.2553045859000687
2012-04-07,4.71,8735590.32815376,41144630.445604205,1190.0,3.2580424366872007
2012-04-08,4.76,8743090.32815376,41617109.96201189,1191.0,3.260780287474333
2012-04-09,4.75,8750390.32815376,41564354.05873036,1192.0,3.263518138261465
2012-04-10,4.8,8757740.32815376,42037153.57513804,1193.0,3.266255989048597
2012-04-11,4.92,8764790.32815376,43122768.41451649,1194.0,3.268993839835729
2012-04-12,4.93,8771140.32815376,43241721.81779803,1195.0,3.271731690622861
2012-04-13,4.93,8777290.32815376,43272041.31779803,1196.0,3.274469541409993
2012-04-14,4.96,8784240.32815376,43569832.027642645,1197.0,3.277207392197125
2012-04-15,4.98,8789590.32815376,43772159.834205724,1198.0,3.2799452429842573
2012-04-16,4.98,8797090.32815376,43809509.834205724,1199.0,3.2826830937713893
2012-04-17,4.98,8803840.32815376,43843124.834205724,1200.0,3.2854209445585214
2012-04-18,5.16,8810340.32815376,45461356.0932734,1201.0,3.2881587953456535
2012-04-19,5.13,8818190.32815376,45237316.38342878,1202.0,3.2908966461327855
2012-04-20,5.38,8825890.32815376,47483289.96546722,1203.0,3.293634496919918
2012-04-21,5.24,8833590.32815376,46288013.319525704,1204.0,3.29637234770705
2012-04-22,5.17,8840590.32815376,45705851.99655493,1205.0,3.299110198494182
2012-04-23,5.15,8847340.32815376,45563802.68999186,1206.0,3.3018480492813143
2012-04-24,5.1,8854240.32815376,45156625.67358417,1207.0,3.3045859000684463
2012-04-25,5.14,8860590.32815376,45543434.28671032,1208.0,3.3073237508555784
2012-04-26,4.98,8868340.32815376,44164334.834205724,1209.0,3.3100616016427105
2012-04-27,5.04,8875090.32815376,44730455.25389495,1210.0,3.3127994524298425
2012-04-28,4.88,8882690.32815376,43347528.80139034,1211.0,3.3155373032169746
2012-04-29,4.91,8891640.32815376,43657954.01123496,1212.0,3.3182751540041067
2012-04-30,5.0,8900590.32815376,44502951.640768796,1213.0,3.3210130047912387
2012-05-01,4.97,8909090.32815376,44278178.930924185,1214.0,3.323750855578371
2012-05-02,5.06,8916590.32815376,45117947.06045802,1215.0,3.326488706365503
2012-05-03,5.1,8924440.32815376,45514645.67358417,1216.0,3.3292265571526354
2012-05-04,5.07,8932490.32815376,45287725.96373956,1217.0,3.3319644079397674
2012-05-05,5.04,8940840.32815376,45061835.25389495,1218.0,3.3347022587268995
2012-05-06,5.08,8949040.32815376,45461124.8670211,1219.0,3.3374401095140316
2012-05-07,5.05,8957540.32815376,45235578.65717648,1220.0,3.3401779603011637
2012-05-08,5.02,8966340.32815376,45011028.44733187,1221.0,3.3429158110882957
2012-05-09,5.02,8974640.32815376,45052694.44733187,1222.0,3.345653661875428
2012-05-10,5.0,8981090.32815376,44905451.640768796,1223.0,3.34839151266256
2012-05-11,4.95,8988240.32815376,44491789.62436111,1224.0,3.351129363449692
2012-05-12,4.91,8994640.32815376,44163684.01123496,1225.0,3.353867214236824
2012-05-13,4.94,9001640.32815376,44468103.22107957,1226.0,3.356605065023956
2012-05-14,4.93,9008590.32815376,44412350.31779803,1227.0,3.359342915811088
2012-05-15,4.95,9015090.32815376,44624697.12436111,1228.0,3.36208076659822
2012-05-16,5.04,9021140.32765376,45466547.25137495,1229.0,3.3648186173853527
2012-05-17,5.02,9026940.32515376,45315240.432271875,1230.0,3.3675564681724848
2012-05-18,5.07,9034190.31365376,45803344.89022456,1231.0,3.370294318959617
2012-05-19,5.07,9041640.31215376,45841116.38261957,1232.0,3.373032169746749
2012-05-20,5.03,9048540.31062876,45514157.76246267,1233.0,3.375770020533881
2012-05-21,5.08,9054840.30962876,45998588.772914104,1234.0,3.378507871321013
2012-05-22,5.03,9060590.30862876,45574769.25240266,1235.0,3.381245722108145
2012-05-23,5.1,9067090.30862876,46242160.57400668,1236.0,3.383983572895277
2012-05-24,5.12,9073340.30812876,46455502.37761925,1237.0,3.3867214236824092
2012-05-25,5.08,9079390.30762876,46123302.762754105,1238.0,3.3894592744695413
2012-05-26,5.07,9086490.30511876,46068505.84695212,1239.0,3.3921971252566734
2012-05-27,5.07,9094440.29911876,46108812.31653211,1240.0,3.3949349760438055
2012-05-28,5.07,9101540.29711876,46144809.30639212,1241.0,3.3976728268309375
2012-05-29,5.11,9107840.29561876,46541063.91061186,1242.0,3.40041067761807
2012-05-30,5.11,9114390.29511876,46574534.40805687,1243.0,3.403148528405202
2012-05-31,5.16,9121290.29451876,47065857.9197168,1244.0,3.405886379192334
2012-06-01,5.22,9128890.29351876,47652807.33216792,1245.0,3.4086242299794662
2012-06-02,5.19,9136890.29101876,47420460.61038737,1246.0,3.4113620807665983
2012-06-03,5.19,9144540.28751876,47460164.09222237,1247.0,3.4140999315537304
2012-06-04,5.22,9152290.28551876,47774955.290407926,1248.0,3.4168377823408624
2012-06-05,5.36,9159640.28401876,49095671.92234056,1249.0,3.4195756331279945
2012-06-06,5.41,9167290.28301876,49595040.4311315,1250.0,3.4223134839151266
2012-06-07,5.53,9174240.28251876,50733548.762328744,1251.0,3.4250513347022586
2012-06-08,5.61,9181290.28101876,51507038.47651525,1252.0,3.4277891854893907
2012-06-09,5.48,9189840.27951876,50360324.73176281,1253.0,3.430527036276523
2012-06-10,5.42,9198140.27651876,49853920.29873168,1254.0,3.433264887063655
2012-06-11,5.52,9205140.27591876,50812374.32307155,1255.0,3.436002737850787
2012-06-12,5.71,9212940.27541876,52605888.97264112,1256.0,3.4387405886379194
2012-06-13,5.86,9220440.27091876,54031779.98758394,1257.0,3.4414784394250515
2012-06-14,5.91,9228240.25991876,54538899.93611988,1258.0,3.4442162902121836
2012-06-15,6.33,9236190.25691876,58465084.32629575,1259.0,3.4469541409993156
2012-06-16,6.41,9243990.25491876,59253977.53402925,1260.0,3.4496919917864477
2012-06-17,6.19,9252190.25091876,57271057.65318713,1261.0,3.4524298425735798
2012-06-18,6.06,9260940.24641876,56121297.89329768,1262.0,3.455167693360712
2012-06-19,6.46,9268290.24241876,59873154.96602519,1263.0,3.457905544147844
2012-06-20,6.64,9275540.24141876,61589587.203020565,1264.0,3.460643394934976
2012-06-21,6.64,9282340.23991876,61634739.193060555,1265.0,3.463381245722108
2012-06-22,6.59,9289240.23691876,61216093.16129463,1266.0,3.46611909650924
2012-06-23,6.45,9297440.23391876,59968489.508776,1267.0,3.468856947296372
2012-06-24,6.4,9303990.23141876,59545537.48108007,1268.0,3.4715947980835042
2012-06-25,6.26,9311690.22831876,58291180.82927544,1269.0,3.4743326488706368
2012-06-26,6.38,9319140.22631876,59456114.64391369,1270.0,3.477070499657769
2012-06-27,6.49,9327290.21981876,60534113.526623756,1271.0,3.479808350444901
2012-06-28,6.5,9334140.21731876,60671911.412571944,1272.0,3.482546201232033
2012-06-29,6.52,9341440.21281876,60906190.18757831,1273.0,3.485284052019165
2012-06-30,6.58,9348040.20931876,61510104.57731745,1274.0,3.488021902806297
2012-07-01,6.52,9355140.20881876,60995514.16149831,1275.0,3.490759753593429
2012-07-02,6.61,9362740.20431876,61887712.75054701,1276.0,3.4934976043805612
2012-07-03,6.44,9370740.20181876,60347566.89971282,1277.0,3.4962354551676933
2012-07-04,6.44,9378240.19181876,60395866.83531282,1278.0,3.4989733059548254
2012-07-05,6.6,9385440.18981876,61943905.25280382,1279.0,3.5017111567419574
2012-07-06,6.54,9393190.18581876,61431463.81525469,1280.0,3.5044490075290895
2012-07-07,6.76,9401490.18231876,63554073.63247482,1281.0,3.5071868583162216
2012-07-08,6.73,9409140.18081876,63323513.41691026,1282.0,3.509924709103354
2012-07-09,6.94,9417290.17331876,65355993.8028322,1283.0,3.512662559890486
2012-07-10,7.08,9424790.16981876,66727514.40231682,1284.0,3.515400410677618
2012-07-11,7.15,9431490.16731876,67435154.69632913,1285.0,3.5181382614647503
2012-07-12,7.59,9438990.16581876,71641935.35856439,1286.0,3.5208761122518824
2012-07-13,7.59,9447140.16521876,71703793.85401039,1287.0,3.5236139630390144
2012-07-14,7.55,9455190.15307876,71386685.65574463,1288.0,3.5263518138261465
2012-07-15,7.57,9462190.15107876,71628779.44366622,1289.0,3.5290896646132786
2012-07-16,8.3,9469690.14697876,78598428.21992372,1290.0,3.5318275154004106
2012-07-17,8.55,9478290.14447876,81039380.7352934,1291.0,3.5345653661875427
2012-07-18,9.0,9486040.13847876,85374361.24630883,1292.0,3.5373032169746748
2012-07-19,8.9,9492790.13397876,84485832.19241096,1293.0,3.540041067761807
2012-07-20,8.44,9500190.13095376,80181604.70524974,1294.0,3.542778918548939
2012-07-21,8.8,9507240.12495376,83663713.09959309,1295.0,3.5455167693360714
2012-07-22,8.42,9514990.12195376,80116216.82685065,1296.0,3.5482546201232035
2012-07-23,8.59,9522040.11945376,81794324.6261078,1297.0,3.5509924709103355
2012-07-24,8.57,9530090.11745376,81672872.30657873,1298.0,3.5537303216974676
2012-07-25,8.62,9538090.11495376,82218336.79090141,1299.0,3.5564681724845997
2012-07-26,8.75,9546540.11045376,83532225.9664704,1300.0,3.5592060232717317
2012-07-27,8.83,9555440.10745376,84374536.1488167,1301.0,3.561943874058864
2012-07-28,8.88,9563090.10295376,84920240.1142294,1302.0,3.564681724845996
2012-07-29,8.71,9571390.10045376,83366807.77495226,1303.0,3.567419575633128
2012-07-30,9.0,9580190.09742876,86221710.87685883,1304.0,3.57015742642026
2012-07-31,9.28,9586690.09642876,88964484.09485888,1305.0,3.572895277207392
2012-08-01,9.45,9593390.09592876,90657536.40652677,1306.0,3.575633127994524
2012-08-02,10.39,9601640.09492876,99761040.58630982,1307.0,3.578370978781656
2012-08-03,10.79,9609740.09092876,103689095.58112131,1308.0,3.5811088295687883
2012-08-04,10.51,9617540.08892876,101080346.33464126,1309.0,3.583846680355921
2012-08-05,10.7,9624490.08842876,102982043.94618772,1310.0,3.586584531143053
2012-08-06,10.82,9631490.08392876,104212722.70810919,1311.0,3.589322381930185
2012-08-07,10.74,9639690.08192876,103530271.47991489,1312.0,3.592060232717317
2012-08-08,10.99,9647990.07862876,106031410.96413007,1313.0,3.594798083504449
2012-08-09,11.0,9656490.07561876,106221390.83180636,1314.0,3.597535934291581
2012-08-10,11.32,9664290.07111866,109399763.60506323,1315.0,3.600273785078713
2012-08-11,11.38,9672690.06611866,110075212.95243035,1316.0,3.6030116358658453
2012-08-12,11.49,9680640.06161866,111230554.3079984,1317.0,3.6057494866529773
2012-08-13,11.89,9688640.06111866,115197930.32670088,1318.0,3.6084873374401094
2012-08-14,12.25,9696490.06111866,118782003.24870358,1319.0,3.6112251882272415
2012-08-15,13.01,9704840.05611866,126259969.13010377,1320.0,3.6139630390143735
2012-08-16,13.35,9712540.05511866,129662409.7358341,1321.0,3.6167008898015056
2012-08-17,12.75,9719440.05411866,123922860.6900129,1322.0,3.619438740588638
2012-08-18,11.54,9726990.05411866,112249465.22452933,1323.0,3.62217659137577
2012-08-19,7.85,9736090.05061866,76428306.89735648,1324.0,3.6249144421629023
2012-08-20,9.89,9744790.04911866,96375973.58578356,1325.0,3.6276522929500343
2012-08-21,10.18,9753440.04761866,99290019.68475795,1326.0,3.6303901437371664
2012-08-22,9.96,9761240.04706866,97221950.86880386,1327.0,3.6331279945242985
2012-08-23,10.02,9769490.04456866,97890290.24657796,1328.0,3.6358658453114305
2012-08-24,10.37,9776890.04456866,101386349.76217699,1329.0,3.6386036960985626
2012-08-25,10.57,9783790.04406866,103414660.76580575,1330.0,3.6413415468856947
2012-08-26,10.31,9792740.04206866,100963149.8337279,1331.0,3.6440793976728267
2012-08-27,10.78,9799990.03951866,105643892.62601115,1332.0,3.646817248459959
2012-08-28,11.0,9807540.03801866,107882940.41820526,1333.0,3.649555099247091
2012-08-29,10.82,9815940.03501866,106208471.17890191,1334.0,3.652292950034223
2012-08-30,10.58,9823640.02851866,103934111.50172742,1335.0,3.6550308008213555
2012-08-31,10.16,9830640.02751866,99879302.67958958,1336.0,3.6577686516084875
2012-09-01,9.91,9838690.02501866,97501418.14793493,1337.0,3.6605065023956196
2012-09-02,10.18,9846890.01801866,100241340.38342994,1338.0,3.6632443531827517
2012-09-03,10.55,9854740.01491866,103967507.15739188,1339.0,3.6659822039698837
2012-09-04,10.37,9862390.01341866,102272984.4391515,1340.0,3.668720054757016
2012-09-05,10.99,9871390.00991866,108486576.20900607,1341.0,3.671457905544148
2012-09-06,11.02,9879940.00741866,108876938.88175364,1342.0,3.67419575633128
2012-09-07,11.01,9888340.00531866,108870623.45855846,1343.0,3.676933607118412
2012-09-08,10.97,9895590.00071866,108554622.30788371,1344.0,3.679671457905544
2012-09-09,10.98,9903539.99611866,108740869.15738288,1345.0,3.682409308692676
2012-09-10,10.95,9911039.99411183,108525887.93552454,1346.0,3.685147159479808
2012-09-11,11.04,9918289.99261183,109497921.51843458,1347.0,3.6878850102669403
2012-09-12,11.14,9926039.99061183,110576085.4954158,1348.0,3.6906228610540723
2012-09-13,11.3,9932539.99011183,112237701.88826369,1349.0,3.693360711841205
2012-09-14,11.5,9940639.99011183,114317359.88628604,1350.0,3.696098562628337
2012-09-15,11.62,9947839.99011183,115593900.68509945,1351.0,3.698836413415469
2012-09-16,11.75,9955889.98711183,116981707.348564,1352.0,3.701574264202601
2012-09-17,11.79,9964289.98611183,117478978.93625848,1353.0,3.704312114989733
2012-09-18,12.07,9972639.98461183,120369764.61426479,1354.0,3.707049965776865
2012-09-19,12.32,9979689.98411183,122949780.60425776,1355.0,3.7097878165639973
2012-09-20,12.28,9987289.98411183,122643921.00489327,1356.0,3.7125256673511293
2012-09-21,12.19,9995739.98411183,121848070.40632321,1357.0,3.7152635181382614
2012-09-22,11.97,10003589.98261183,119742972.0918636,1358.0,3.7180013689253935
2012-09-23,11.99,10011489.98261183,120037764.89151584,1359.0,3.7207392197125255
2012-09-24,11.9,10019139.98261183,119227765.79308078,1360.0,3.7234770704996576
2012-09-25,11.8,10026089.98261183,118307861.7948196,1361.0,3.7262149212867897
2012-09-26,12.2,10033089.98261183,122403697.78786431,1362.0,3.728952772073922
2012-09-27,12.22,10041139.98261183,122702730.58751656,1363.0,3.7316906228610542
2012-09-28,12.15,10049039.98261183,122095835.78873374,1364.0,3.7344284736481863
2012-09-29,12.28,10057439.98261183,123505362.98647326,1365.0,3.7371663244353184
2012-09-30,12.22,10065389.98261183,122999065.58751656,1366.0,3.7399041752224504
2012-10-01,12.15,10071939.98261183,122374070.78873374,1367.0,3.7426420260095825
2012-10-02,12.48,10079239.98261183,125788914.98299563,1368.0,3.7453798767967146
2012-10-03,12.9,10085889.98261183,130107980.7756926,1369.0,3.7481177275838466
2012-10-04,12.57,10092339.98261183,126860713.5814307,1370.0,3.7508555783709787
2012-10-05,12.5,10099239.98261183,126240499.78264786,1371.0,3.753593429158111
2012-10-06,12.39,10106989.98261183,125225605.88456057,1372.0,3.756331279945243
2012-10-07,11.71,10113239.98261183,118426040.19638453,1373.0,3.759069130732375
2012-10-08,11.61,10122139.98161183,117518045.18651333,1374.0,3.761806981519507
2012-10-09,11.99,10129239.98011183,121449587.36154084,1375.0,3.7645448323066395
2012-10-10,12.24,10136689.98011183,124073085.3565688,1376.0,3.7672826830937716
2012-10-11,12.09,10143589.97961183,122636002.85350703,1377.0,3.7700205338809036
2012-10-12,11.9,10151039.97911183,120797375.75143078,1378.0,3.7727583846680357
2012-10-13,11.85,10158439.97861183,120377513.74655019,1379.0,3.7754962354551678
2012-10-14,11.82,10164789.97811183,120147817.54128183,1380.0,3.7782340862423
2012-10-15,11.6,10173239.97661183,118009583.72869723,1381.0,3.780971937029432
2012-10-16,11.92,10180989.97611183,121357400.515253,1382.0,3.783709787816564
2012-10-17,11.77,10188089.97561183,119913819.01295124,1383.0,3.786447638603696
2012-10-18,11.69,10195939.97561183,119190538.31490229,1384.0,3.789185489390828
2012-10-19,11.67,10202639.97561183,119064808.51539005,1385.0,3.79192334017796
2012-10-20,11.6,10210589.97561183,118442843.71709722,1386.0,3.7946611909650922
2012-10-21,11.32,10218639.97061183,115675004.46732591,1387.0,3.7973990417522243
2012-10-22,11.48,10226489.96711183,117400104.82244381,1388.0,3.800136892539357
2012-10-23,11.6,10232989.96611183,118702683.60689722,1389.0,3.802874743326489
2012-10-24,11.4,10241089.96611183,116748425.61367486,1390.0,3.805612594113621
2012-10-25,10.55,10248239.96501183,108118931.63087481,1391.0,3.808350444900753
2012-10-26,9.88,10256489.96401183,101334120.84443688,1392.0,3.811088295687885
2012-10-27,10.37,10265239.96251183,106450538.41124767,1393.0,3.813826146475017
2012-10-28,10.54,10273539.96201183,108283111.19960469,1394.0,3.8165639972621492
2012-10-29,10.8,10281439.96151183,111039551.58432777,1395.0,3.8193018480492813
2012-10-30,10.74,10288389.96101183,110497308.18126707,1396.0,3.8220396988364134
2012-10-31,10.98,10295789.95951183,113047773.75543989,1397.0,3.8247775496235454
2012-11-01,10.84,10302639.95801183,111680617.14484824,1398.0,3.8275154004106775
2012-11-02,10.52,10309789.95651183,108458990.34250446,1399.0,3.8302532511978096
2012-11-03,10.66,10317089.95601183,109980178.93108611,1400.0,3.8329911019849416
2012-11-04,10.64,10324939.95551183,109857361.12664588,1401.0,3.8357289527720737
2012-11-05,10.78,10332939.95451183,111389092.70963752,1402.0,3.838466803559206
2012-11-06,10.74,10339689.95351183,111048270.10071707,1403.0,3.8412046543463383
2012-11-07,10.8,10347539.95351183,111753431.49792777,1404.0,3.8439425051334704
2012-11-08,10.78,10355239.95351183,111629486.69885753,1405.0,3.8466803559206024
2012-11-09,10.8,10362839.95301183,111918671.49252777,1406.0,3.8494182067077345
2012-11-10,10.81,10370039.95201183,112100131.88124788,1407.0,3.8521560574948666
2012-11-11,10.82,10377389.95151183,112283359.275358,1408.0,3.8548939082819986
2012-11-12,10.87,10383989.95151183,112873970.77293359,1409.0,3.8576317590691307
2012-11-13,10.87,10390989.94951183,112950060.75119358,1410.0,3.8603696098562628
2012-11-14,10.96,10398139.94851183,113963613.83568966,1411.0,3.863107460643395
2012-11-15,11.05,10404939.94801183,114974586.42553073,1412.0,3.865845311430527
2012-11-16,11.46,10412189.94801183,119323696.80421558,1413.0,3.868583162217659
2012-11-17,11.57,10419189.94701183,120550027.68692689,1414.0,3.871321013004791
2012-11-18,11.59,10426489.94701183,120843018.48586711,1415.0,3.8740588637919235
2012-11-19,11.65,10433689.94601183,121552487.87103783,1416.0,3.8767967145790556
2012-11-20,11.65,10441139.94451183,121639280.35356283,1417.0,3.8795345653661877
2012-11-21,11.63,10448739.94451183,121518845.5546726,1418.0,3.8822724161533197
2012-11-22,11.96,10455939.94401183,125053041.73038149,1419.0,3.885010266940452
2012-11-23,12.1,10464089.94401183,126615488.32254314,1420.0,3.887748117727584
2012-11-24,12.25,10471639.94351183,128277589.30801992,1421.0,3.890485968514716
2012-11-25,12.26,10478939.94351183,128471803.70745504,1422.0,3.893223819301848
2012-11-26,12.2,10486789.94351183,127938837.31084433,1423.0,3.89596167008898
2012-11-27,12.07,10494189.94351183,126664872.6181878,1424.0,3.898699520876112
2012-11-28,12.22,10501314.94351183,128326068.60971458,1425.0,3.9014373716632442
2012-11-29,12.37,10505464.94301183,129952601.34505633,1426.0,3.9041752224503763
2012-11-30,12.43,10508589.94251183,130621772.98542204,1427.0,3.9069130732375084
2012-12-01,12.39,10512764.94201183,130253157.63152657,1428.0,3.909650924024641
2012-12-02,12.42,10516339.94201183,130612942.07978693,1429.0,3.912388774811773
2012-12-03,12.57,10520014.94101183,132236587.8085187,1430.0,3.915126625598905
2012-12-04,12.59,10522814.94001183,132482240.09474893,1431.0,3.917864476386037
2012-12-05,13.2,10525864.93801183,138941417.18175617,1432.0,3.920602327173169
2012-12-06,13.35,10529289.93751183,140566020.66578293,1433.0,3.923340177960301
2012-12-07,13.37,10532514.93651183,140819724.70116314,1434.0,3.9260780287474333
2012-12-08,13.36,10535964.93551183,140760491.53843802,1435.0,3.9288158795345653
2012-12-09,13.2,10539114.93551183,139116317.14875615,1436.0,3.9315537303216974
2012-12-10,13.29,10542689.93451183,140112349.2296622,1437.0,3.9342915811088295
2012-12-11,13.35,10546289.93301183,140792970.6057079,1438.0,3.9370294318959616
2012-12-12,13.49,10549539.93301183,142313293.6963296,1439.0,3.9397672826830936
2012-12-13,13.52,10552814.93301183,142674057.89431992,1440.0,3.9425051334702257
2012-12-14,13.51,10555464.93201183,142604331.23147982,1441.0,3.9452429842573578
2012-12-15,13.38,10558364.93101183,141270922.7769383,1442.0,3.9479808350444903
2012-12-16,13.27,10561139.93001183,140146326.87125698,1443.0,3.9507186858316223
2012-12-17,13.23,10564489.92951183,139768201.7674415,1444.0,3.9534565366187544
2012-12-18,13.09,10567614.92951183,138330079.42730987,1445.0,3.9561943874058865
2012-12-19,13.4,10571164.92951183,141653610.05545852,1446.0,3.9589322381930185
2012-12-20,13.38,10573814.92851183,141477643.74348828,1447.0,3.9616700889801506
2012-12-21,13.26,10576964.92751183,140250554.93880686,1448.0,3.9644079397672827
2012-12-22,13.2,10580789.92601183,139666427.02335617,1449.0,3.9671457905544147
2012-12-23,13.14,10583839.92551183,139071656.62122545,1450.0,3.969883641341547
2012-12-24,13.23,10587139.92501183,140067861.2079065,1451.0,3.972621492128679
2012-12-25,13.24,10590239.92501183,140214776.60715663,1452.0,3.975359342915811
2012-12-26,13.18,10594089.92451183,139630105.2050659,1453.0,3.978097193702943
2012-12-27,13.19,10597989.92451183,139787487.10431102,1454.0,3.980835044490075
2012-12-28,13.21,10602214.92301183,140055259.13298628,1455.0,3.9835728952772076
2012-12-29,13.11,10605814.92101183,139042233.6144651,1456.0,3.9863107460643397
2012-12-30,13.2,10609964.91601183,140051536.89135617,1457.0,3.9890485968514717
2012-12-31,13.24,10613914.91451183,140528233.46813664,1458.0,3.991786447638604
2013-01-01,13.22,10617964.91051183,140369496.1169664,1459.0,3.994524298425736
2013-01-02,13.02,10621789.90951183,138295704.62184402,1460.0,3.997262149212868
2013-01-03,13.19,10625839.90701183,140154828.373486,1461.0,4.0
2013-01-04,13.15,10629664.90351183,139780093.48118058,1462.0,4.002737850787132
2013-01-05,13.15,10633189.90101183,139826447.19830558,1463.0,4.005475701574264
2013-01-06,13.15,10636814.90051183,139874115.94173056,1464.0,4.008213552361396
2013-01-07,13.2,10641014.89901183,140461396.66695616,1465.0,4.010951403148528
2013-01-08,13.5,10644339.89801183,143698588.6231597,1466.0,4.01368925393566
2013-01-09,13.58,10647589.89701183,144594270.80142066,1467.0,4.016427104722792
2013-01-10,14.0,10651264.89501183,149117708.5301656,1468.0,4.0191649555099245
2013-01-11,14.0,10654189.89301183,149158658.50216562,1469.0,4.0219028062970565
2013-01-12,13.89,10657239.89301183,148029062.11393434,1470.0,4.024640657084189
2013-01-13,13.63,10660564.89201183,145303499.47812125,1471.0,4.027378507871321
2013-01-14,13.97,10664489.89001183,148982923.7634653,1472.0,4.030116358658453
2013-01-15,14.27,10667514.88901183,152225437.4661988,1473.0,4.032854209445585
2013-01-16,14.42,10670789.88651183,153872790.1635006,1474.0,4.035592060232717
2013-01-17,15.43,10673564.88501183,164693106.17573252,1475.0,4.03832991101985
2013-01-18,15.56,10676589.88351183,166127738.5874441,1476.0,4.041067761806982
2013-01-19,15.5,10680439.88251183,165546818.17893335,1477.0,4.043805612594114
2013-01-20,15.5,10683689.88101183,165597193.15568337,1478.0,4.046543463381246
2013-01-21,16.52,10686989.87901183,176549072.80127543,1479.0,4.049281314168378
2013-01-22,17.41,10690589.87651183,186123169.750071,1480.0,4.05201916495551
2013-01-23,17.5,10693739.87401183,187140447.79520702,1481.0,4.054757015742642
2013-01-24,17.25,10697639.87251183,184534287.80082908,1482.0,4.057494866529774
2013-01-25,17.49,10701064.87001183,187161624.5765069,1483.0,4.060232717316906
2013-01-26,17.28,10704964.86751183,184981792.91060442,1484.0,4.0629705681040384
2013-01-27,17.48,10708739.86451183,187188772.8316668,1485.0,4.0657084188911705
2013-01-28,18.67,10712414.86251183,200000785.48309588,1486.0,4.068446269678303
2013-01-29,19.41,10716364.86101183,208004641.9522396,1487.0,4.071184120465435
2013-01-30,19.45,10720189.85651183,208507692.70915508,1488.0,4.073921971252567
2013-01-31,20.46,10725014.85351183,219433803.90285206,1489.0,4.076659822039699
2013-02-01,20.49,10728689.85251183,219830855.0779674,1490.0,4.079397672826831
2013-02-02,19.82,10732514.85051183,212718444.3371445,1491.0,4.082135523613963
2013-02-03,20.29,10737164.84901183,217857074.78645,1492.0,4.084873374401095
2013-02-04,20.29,10741264.84801183,217940263.76616004,1493.0,4.087611225188227
2013-02-05,20.56,10745439.84701183,220926243.2545632,1494.0,4.090349075975359
2013-02-06,20.91,10749089.84551183,224763468.66965234,1495.0,4.093086926762491
2013-02-07,21.71,10752939.84401183,233446324.01349685,1496.0,4.095824777549623
2013-02-08,22.5,10756714.84401183,242026083.99026617,1497.0,4.098562628336755
2013-02-09,23.14,10760289.84351183,248993106.97886375,1498.0,4.101300479123887
2013-02-10,23.65,10764314.84201183,254576046.01357976,1499.0,4.1040383299110195
2013-02-11,23.94,10768289.84151183,257792858.80579323,1500.0,4.1067761806981515
2013-02-12,25.11,10771764.84001183,270479015.13269705,1501.0,4.1095140314852845
2013-02-13,25.42,10776039.83601183,273926932.63142073,1502.0,4.112251882272417
2013-02-14,27.4,10779814.83601183,295366926.5067241,1503.0,4.114989733059549
2013-02-15,27.14,10784289.83351183,292685626.0815111,1504.0,4.117727583846681
2013-02-16,27.54,10789014.83351183,297129468.51491576,1505.0,4.120465434633813
2013-02-17,26.98,10793714.82901183,291214426.0867392,1506.0,4.123203285420945
2013-02-18,26.9,10797739.82851183,290459201.3869682,1507.0,4.125941136208077
2013-02-19,29.39,10801714.82551183,317462398.7217927,1508.0,4.128678986995209
2013-02-20,30.0,10806539.82401183,324196194.7203549,1509.0,4.131416837782341
2013-02-21,30.0,10810939.82251183,324328194.6753549,1510.0,4.134154688569473
2013-02-22,30.46,10815189.82251183,329430681.99371034,1511.0,4.136892539356605
2013-02-23,29.67,10819289.82251183,321008329.033926,1512.0,4.139630390143737
2013-02-24,29.61,10823189.82201183,320474650.6297703,1513.0,4.142368240930869
2013-02-25,30.42,10828289.82051183,329396576.3399699,1514.0,4.145106091718001
2013-02-26,31.1,10832439.81951183,336888878.38681793,1515.0,4.147843942505133
2013-02-27,31.41,10837264.81851183,340398487.9494566,1516.0,4.1505817932922655
2013-02-28,33.51,10841464.81801183,363297486.0515764,1517.0,4.153319644079398
2013-03-01,34.65,10845264.81501183,375788425.8401599,1518.0,4.15605749486653
2013-03-02,34.18,10848889.81451183,370815053.8600143,1519.0,4.158795345653662
2013-03-03,34.32,10852914.81451183,372472036.43404603,1520.0,4.161533196440794
2013-03-04,36.53,10857389.81201183,396620449.83279216,1521.0,4.164271047227926
2013-03-05,40.92,10860864.81201183,444426588.1075241,1522.0,4.167008898015058
2013-03-06,42.54,10864739.81201183,462186031.60298324,1523.0,4.16974674880219
2013-03-07,41.7,10868739.81101183,453226450.1191934,1524.0,4.172484599589322
2013-03-08,43.75,10872739.81101183,475682366.7317676,1525.0,4.175222450376454
2013-03-09,46.0,10876964.81101183,500340381.3065442,1526.0,4.177960301163586
2013-03-10,45.29,10881539.81101183,492824938.04072577,1527.0,4.180698151950718
2013-03-11,48.2,10885639.81101183,524687838.89077026,1528.0,4.183436002737851
2013-03-12,44.61,10889014.81001183,485758950.6746277,1529.0,4.186173853524983
2013-03-13,46.99,10892939.80951183,511859241.6489609,1530.0,4.188911704312115
2013-03-14,46.93,10897414.80951183,511415677.01039016,1531.0,4.191649555099247
2013-03-15,47.09,10901714.80851183,513361750.33282214,1532.0,4.1943874058863795
2013-03-16,46.73,10906089.80851183,509641576.7517578,1533.0,4.1971252566735116
2013-03-17,47.1,10911314.80851183,513922927.48090726,1534.0,4.199863107460644
2013-03-18,50.35,10916064.80851183,549623863.1085707,1535.0,4.202600958247776
2013-03-19,59.2,10920314.80851183,646482636.6639004,1536.0,4.205338809034908
2013-03-20,64.84,10925589.80851183,708415243.1839072,1537.0,4.20807665982204
2013-03-21,72.81,10931039.80851183,795889008.4577464,1538.0,4.210814510609172
2013-03-22,69.68,10936764.80751183,762073771.7874244,1539.0,4.213552361396304
2013-03-23,63.9,10942189.80751183,699205928.700006,1540.0,4.216290212183436
2013-03-24,70.55,10946914.80751183,772304839.6699597,1541.0,4.219028062970568
2013-03-25,75.08,10950514.80751183,822164651.7479882,1542.0,4.2217659137577
2013-03-26,79.81,10954289.80751183,874261869.5375192,1543.0,4.224503764544832
2013-03-27,89.3,10957564.80751183,978510537.3108064,1544.0,4.227241615331964
2013-03-28,88.87,10962139.80751183,974205364.6935765,1545.0,4.229979466119096
2013-03-29,90.11,10966489.80651183,988190396.464781,1546.0,4.232717316906228
2013-03-30,92.43,10970814.80651183,1014032412.5658885,1547.0,4.2354551676933605
2013-03-31,96.14,10975039.80651183,1055140326.9980474,1548.0,4.238193018480493
2013-04-01,104.38,10979989.80651183,1146091336.0037048,1549.0,4.240930869267625
2013-04-02,115.64,10984514.80551183,1270249292.109388,1550.0,4.243668720054757
2013-04-03,130.84,10988889.80501183,1437786342.0877478,1551.0,4.246406570841889
2013-04-04,135.13,10992739.80501183,1485448929.8512485,1552.0,4.249144421629021
2013-04-05,141.4,10996689.80501183,1554931938.4286728,1553.0,4.251882272416153
2013-04-06,142.3,11000764.80501183,1565408831.7531834,1554.0,4.254620123203286
2013-04-07,164.96,11004864.80501183,1815362498.2347515,1555.0,4.257357973990418
2013-04-08,187.12,11008739.80501183,2059955392.3138134,1556.0,4.26009582477755
2013-04-09,229.45,11013139.80501183,2526964928.259964,1557.0,4.262833675564682
2013-04-10,157.0,11017914.80501183,1729812624.3868573,1558.0,4.265571526351814
2013-04-11,82.99,11021914.80501183,914708709.6679317,1559.0,4.268309377138946
2013-04-12,105.09,11026239.80501183,1158747541.1086931,1560.0,4.271047227926078
2013-04-13,96.51,11030414.80501183,1064545332.8316917,1561.0,4.27378507871321
2013-04-14,91.06,11034239.80501183,1004777876.6443772,1562.0,4.276522929500342
2013-04-15,75.81,11038339.80501183,836816540.6179469,1563.0,4.2792607802874745
2013-04-16,68.26,11042764.80501183,753779125.5901076,1564.0,4.2819986310746065
2013-04-17,89.99,11047039.80501183,994123112.0530145,1565.0,4.284736481861739
2013-04-18,103.9,11050714.80501183,1148169268.240729,1566.0,4.287474332648871
2013-04-19,117.71,11054139.80501183,1301182796.4479423,1567.0,4.290212183436003
2013-04-20,126.17,11057989.80501183,1395186573.6983426,1568.0,4.292950034223135
2013-04-21,118.02,11062389.80501183,1305583244.787496,1569.0,4.295687885010267
2013-04-22,123.61,11066214.80501183,1367894812.0475123,1570.0,4.298425735797399
2013-04-23,136.72,11070414.80501183,1513547112.1412172,1571.0,4.301163586584531
2013-04-24,150.0,11074464.80501183,1661169720.7517743,1572.0,4.303901437371663
2013-04-25,141.03,11078764.80501183,1562438200.4508183,1573.0,4.306639288158795
2013-04-26,137.32,11083039.80501183,1521923026.0242243,1574.0,4.309377138945927
2013-04-27,128.77,11086714.80501183,1427636265.4413733,1575.0,4.312114989733059
2013-04-28,135.03,11091139.80501183,1497636607.8707473,1576.0,4.314852840520191
2013-04-29,142.96,11095489.80381183,1586211222.3529391,1577.0,4.317590691307323
2013-04-30,139.24,11099214.80381183,1545454669.2827592,1578.0,4.3203285420944555
2013-05-01,116.75,11102989.80381183,1296274059.595031,1579.0,4.323066392881588
2013-05-02,105.66,11106339.80381183,1173495863.6707578,1580.0,4.32580424366872
2013-05-03,94.23,11109739.80381183,1046870781.7131888,1581.0,4.328542094455853
2013-05-04,111.83,11113739.80381183,1242849522.2602768,1582.0,4.331279945242985
2013-05-05,116.92,11117864.80381183,1299900752.861679,1583.0,4.334017796030117
2013-05-06,112.49,11122014.80381183,1251115445.2807927,1584.0,4.336755646817249
2013-05-07,111.56,11126214.80381183,1241240523.5132477,1585.0,4.339493497604381
2013-05-08,113.54,11130339.80381183,1263738781.3247952,1586.0,4.342231348391513
2013-05-09,111.97,11134439.80381183,1246723224.8328106,1587.0,4.344969199178645
2013-05-10,117.89,11138739.80381183,1313146035.4713767,1588.0,4.347707049965777
2013-05-11,115.52,11143289.80381183,1287272838.1363425,1589.0,4.350444900752909
2013-05-12,114.3,11147489.80381183,1274158084.5756922,1590.0,4.353182751540041
2013-05-13,115.99,11151839.80381183,1293501898.844134,1591.0,4.355920602327173
2013-05-14,107.09,11155689.80381183,1194662821.0902088,1592.0,4.358658453114305
2013-05-15,108.95,11159214.80331183,1215796452.820824,1593.0,4.361396303901437
2013-05-16,113.23,11162914.80331183,1263976843.1789987,1594.0,4.3641341546885695
2013-05-17,117.43,11166939.80331183,1311333741.1029084,1595.0,4.3668720054757015
2013-05-18,118.37,11170664.80331183,1322271592.7680213,1596.0,4.369609856262834
2013-05-19,116.67,11174564.80331183,1303736475.6023912,1597.0,4.372347707049966
2013-05-20,118.02,11177789.80331183,1319202752.586862,1598.0,4.375085557837098
2013-05-21,117.24,11181564.80331183,1310926657.540279,1599.0,4.37782340862423
2013-05-22,118.77,11185464.80331183,1328497654.689346,1600.0,4.380561259411362
2013-05-23,123.74,11189814.80331183,1384627683.7618058,1601.0,4.383299110198494
2013-05-24,128.67,11194039.80331183,1440337101.4921331,1602.0,4.386036960985626
2013-05-25,128.92,11198164.80331183,1443667406.442961,1603.0,4.388774811772758
2013-05-26,129.92,11202239.80331183,1455394995.2462728,1604.0,4.39151266255989
2013-05-27,126.22,11206639.80331183,1414502075.9740193,1605.0,4.394250513347022
2013-05-28,125.99,11210589.80331183,1412422209.3192575,1606.0,4.396988364134154
2013-05-29,130.35,11214789.80331183,1461847850.861697,1607.0,4.399726214921286
2013-05-30,126.41,11219264.80331183,1418227263.7866485,1608.0,4.402464065708419
2013-05-31,127.94,11223639.80331183,1435952476.4357154,1609.0,4.405201916495551
2013-06-01,128.77,11228964.80331183,1445953797.7224646,1610.0,4.407939767282683
2013-06-02,122.5,11233939.80331183,1376157625.9056993,1611.0,4.4106776180698155
2013-06-03,123.06,11239264.80331183,1383103926.6955538,1612.0,4.413415468856948
2013-06-04,120.21,11244589.80331183,1351712140.256115,1613.0,4.41615331964408
2013-06-05,120.75,11249189.80331183,1358339668.7499034,1614.0,4.418891170431212
2013-06-06,119.07,11253714.80331183,1339979821.6303396,1615.0,4.421629021218344
2013-06-07,110.12,11257739.80331183,1239702307.140699,1616.0,4.424366872005476
2013-06-08,109.14,11262264.80331183,1229163580.6334531,1617.0,4.427104722792608
2013-06-09,100.48,11266239.80331183,1132031775.4367728,1618.0,4.42984257357974
2013-06-10,104.26,11270589.80331183,1175071692.8932915,1619.0,4.432580424366872
2013-06-11,107.36,11275089.80331183,1210493641.2835581,1620.0,4.435318275154004
2013-06-12,107.09,11280164.80331183,1207992848.786664,1621.0,4.438056125941136
2013-06-13,101.97,11284814.80331183,1150712565.4937074,1622.0,4.440793976728268
2013-06-14,99.1,11289314.80331183,1118771097.0082023,1623.0,4.4435318275154
2013-06-15,99.58,11293639.80331183,1124620651.613792,1624.0,4.446269678302532
2013-06-16,99.06,11298264.80331183,1119206111.41607,1625.0,4.4490075290896645
2013-06-17,100.0,11301889.80331183,1130188980.331183,1626.0,4.4517453798767965
2013-06-18,104.32,11305389.80331183,1179378264.28149,1627.0,4.454483230663929
2013-06-19,105.2,11308789.80331183,1189684687.3084047,1628.0,4.457221081451061
2013-06-20,103.3,11312639.80331183,1168595691.682112,1629.0,4.459958932238193
2013-06-21,101.56,11316839.80331183,1149338250.4243495,1630.0,4.462696783025325
2013-06-22,100.11,11321239.80331183,1133369316.7095473,1631.0,4.465434633812457
2013-06-23,100.35,11325364.80331183,1136500358.0123422,1632.0,4.468172484599589
2013-06-24,99.14,11329114.80331183,1123168441.600335,1633.0,4.470910335386721
2013-06-25,97.87,11333039.80331183,1109164605.550129,1634.0,4.473648186173854
2013-06-26,98.87,11337389.80331183,1120927729.8534408,1635.0,4.476386036960986
2013-06-27,96.92,11341564.80331183,1099224460.7369826,1636.0,4.479123887748118
2013-06-28,89.44,11345789.80331183,1014767440.0082101,1637.0,4.48186173853525
2013-06-29,88.88,11350014.80331183,1008789315.7183554,1638.0,4.484599589322382
2013-06-30,89.54,11353839.80331183,1016622815.9885414,1639.0,4.487337440109514
2013-07-01,83.66,11357764.80331183,950190603.4450676,1640.0,4.490075290896646
2013-07-02,87.72,11361589.80331183,996638657.5465138,1641.0,4.492813141683778
2013-07-03,77.52,11366189.80331183,881107033.5527331,1642.0,4.4955509924709105
2013-07-04,79.0,11370314.80331183,898254869.4616346,1643.0,4.498288843258043
2013-07-05,67.41,11374964.80331183,766786377.3912505,1644.0,4.501026694045175
2013-07-06,65.68,11379639.80331183,747414742.2815211,1645.0,4.503764544832307
2013-07-07,71.74,11384289.80331183,816708950.4895906,1646.0,4.506502395619439
2013-07-08,74.4,11389089.80331183,847348281.3664002,1647.0,4.509240246406571
2013-07-09,75.0,11393714.80331183,854528610.2483873,1648.0,4.511978097193703
2013-07-10,85.91,11398589.80331183,979252850.0025194,1649.0,4.514715947980835
2013-07-11,87.61,11402939.80331183,999011556.1681495,1650.0,4.517453798767967
2013-07-12,88.61,11406789.80331183,1010755644.4714613,1651.0,4.520191649555099
2013-07-13,91.61,11410714.80331183,1045335583.1313968,1652.0,4.522929500342231
2013-07-14,89.99,11415014.80331183,1027237182.1500316,1653.0,4.525667351129363
2013-07-15,93.75,11419114.80331183,1070542012.810484,1654.0,4.528405201916495
2013-07-16,91.65,11423214.80331183,1046937636.7235293,1655.0,4.531143052703627
2013-07-17,91.02,11427814.80331183,1040159703.3974427,1656.0,4.5338809034907595
2013-07-18,84.99,11431839.80331183,971592064.8834724,1657.0,4.5366187542778915
2013-07-19,86.13,11436114.80331183,984992568.0092479,1658.0,4.539356605065024
2013-07-20,84.76,11440764.80231183,969719224.6439508,1659.0,4.542094455852156
2013-07-21,85.8,11445739.80231183,982044475.038355,1660.0,4.544832306639288
2013-07-22,85.58,11449864.80231183,979879429.7818464,1661.0,4.547570157426421
2013-07-23,86.99,11453389.80231183,996330378.9031061,1662.0,4.550308008213553
2013-07-24,88.25,11457364.80231183,1011112443.804019,1663.0,4.553045859000685
2013-07-25,90.18,11461014.80231183,1033554314.8724809,1664.0,4.555783709787817
2013-07-26,90.1,11465064.80231183,1033002338.6882958,1665.0,4.558521560574949
2013-07-27,88.16,11469639.80231183,1011163444.9718109,1666.0,4.561259411362081
2013-07-28,92.77,11473839.80231183,1064428118.4604684,1667.0,4.563997262149213
2013-07-29,93.38,11478289.80231183,1071842701.7398787,1668.0,4.566735112936345
2013-07-30,96.72,11483214.80131183,1110656535.5828803,1669.0,4.569472963723477
2013-07-31,97.83,11487964.80131183,1123867596.5123363,1670.0,4.572210814510609
2013-08-01,96.53,11492389.80131183,1109360387.520631,1671.0,4.574948665297741
2013-08-02,95.94,11497189.80131183,1103040389.537857,1672.0,4.577686516084873
2013-08-03,95.54,11501439.80131183,1098847558.6173322,1673.0,4.5804243668720055
2013-08-04,96.36,11505914.80131183,1108709950.254408,1674.0,4.583162217659138
2013-08-05,97.81,11510639.80031183,1125855678.8685,1675.0,4.58590006844627
2013-08-06,97.68,11515389.79931183,1124823275.5967796,1676.0,4.588637919233402
2013-08-07,97.02,11520039.79831183,1117674261.2322137,1677.0,4.591375770020534
2013-08-08,94.27,11525164.79731183,1086477285.4425862,1678.0,4.594113620807666
2013-08-09,92.72,11530039.79731183,1069065290.0067528,1679.0,4.596851471594798
2013-08-10,93.24,11535289.79731183,1075550420.701355,1680.0,4.59958932238193
2013-08-11,94.17,11540689.79681183,1086786758.16577,1681.0,4.602327173169062
2013-08-12,95.44,11546089.79581183,1101958810.112281,1682.0,4.605065023956194
2013-08-13,98.01,11550664.79581183,1132080656.6375175,1683.0,4.607802874743326
2013-08-14,99.17,11554864.79581183,1145895941.8006592,1684.0,4.610540725530458
2013-08-15,98.05,11559114.79581183,1133371205.7293499,1685.0,4.61327857631759
2013-08-16,98.25,11563314.79581183,1136095678.6885123,1686.0,4.616016427104722
2013-08-17,99.67,11568064.79581183,1152989018.198565,1687.0,4.618754277891855
2013-08-18,99.3,11572914.79581183,1149190439.2241147,1688.0,4.621492128678987
2013-08-19,102.8,11577339.79581183,1190150531.0094562,1689.0,4.6242299794661195
2013-08-20,104.57,11582089.79581183,1211139129.948043,1690.0,4.6269678302532515
2013-08-21,111.0,11586989.79581183,1286155867.335113,1691.0,4.629705681040384
2013-08-22,109.76,11592389.79581183,1272380703.9883065,1692.0,4.632443531827516
2013-08-23,107.78,11597289.79581183,1249955894.192599,1693.0,4.635181382614648
2013-08-24,109.04,11601864.79581183,1265067337.3353221,1694.0,4.63791923340178
2013-08-25,113.21,11605639.79581183,1313874481.283857,1695.0,4.640657084188912
2013-08-26,112.23,11609789.79581183,1302966708.7839618,1696.0,4.643394934976044
2013-08-27,117.71,11614014.79581183,1367085681.6150105,1697.0,4.646132785763176
2013-08-28,118.3,11618464.79581183,1374464385.3445394,1698.0,4.648870636550308
2013-08-29,119.0,11623189.79581183,1383159585.7016077,1699.0,4.65160848733744
2013-08-30,124.83,11628314.79581183,1451562535.9611907,1700.0,4.654346338124572
2013-08-31,127.45,11633889.79581183,1482739254.4762177,1701.0,4.657084188911704
2013-09-01,130.66,11639414.79581183,1520805937.2207737,1702.0,4.659822039698836
2013-09-02,129.61,11644789.79581183,1509281205.4351714,1703.0,4.662559890485968
2013-09-03,129.14,11649639.79581183,1504434483.2311397,1704.0,4.6652977412731005
2013-09-04,122.59,11653714.79581183,1428628896.8185723,1705.0,4.6680355920602326
2013-09-05,122.62,11658189.79581183,1429527232.7624466,1706.0,4.670773442847365
2013-09-06,117.68,11662814.79581183,1372480045.1711361,1707.0,4.673511293634497
2013-09-07,119.57,11666439.79581183,1394956206.3852205,1708.0,4.676249144421629
2013-09-08,118.26,11670364.79581183,1380137340.752707,1709.0,4.678986995208761
2013-09-09,121.0,11675439.79581183,1412728215.2932315,1710.0,4.681724845995893
2013-09-10,122.2,11680214.79581183,1427322248.0482056,1711.0,4.684462696783025
2013-09-11,127.16,11685214.79581183,1485891913.4354322,1712.0,4.687200547570157
2013-09-12,127.03,11690539.79581183,1485049270.2619767,1713.0,4.689938398357289
2013-09-13,127.41,11695639.79571183,1490141466.3716443,1714.0,4.692676249144422
2013-09-14,124.05,11701089.79571183,1451520189.1580524,1715.0,4.695414099931554
2013-09-15,125.09,11705614.79571183,1464255354.7955928,1716.0,4.698151950718686
2013-09-16,126.27,11709464.79571183,1478554119.7545328,1717.0,4.700889801505818
2013-09-17,126.96,11713939.79571183,1487201796.463574,1718.0,4.70362765229295
2013-09-18,127.15,11718064.79571183,1489951938.7747593,1719.0,4.706365503080082
2013-09-19,124.12,11722814.79571183,1455035772.4437525,1720.0,4.7091033538672145
2013-09-20,122.92,11727814.79571183,1441582994.688898,1721.0,4.7118412046543465
2013-09-21,123.48,11732539.79571183,1448734013.9744968,1722.0,4.714579055441479
2013-09-22,123.16,11737614.79571183,1445604638.2398689,1723.0,4.717316906228611
2013-09-23,122.81,11742864.79571183,1442141225.56137,1724.0,4.720054757015743
2013-09-24,123.75,11748164.79571183,1453835393.469339,1725.0,4.722792607802875
2013-09-25,123.96,11753314.79571183,1456940902.0764384,1726.0,4.725530458590007
2013-09-26,124.65,11757364.79571183,1465555521.7854798,1727.0,4.728268309377139
2013-09-27,126.73,11761814.79571183,1490574789.0605602,1728.0,4.731006160164271
2013-09-28,126.83,11766239.79571183,1492312193.2901313,1729.0,4.733744010951403
2013-09-29,127.01,11770489.79571183,1494969908.9533596,1730.0,4.736481861738535
2013-09-30,126.22,11774564.79571183,1486185568.5147471,1731.0,4.739219712525667
2013-10-01,127.54,11779239.79571183,1502324243.5450869,1732.0,4.741957563312799
2013-10-02,103.46,11784014.79571183,1219174170.764346,1733.0,4.744695414099931
2013-10-03,117.66,11788989.79571183,1387092539.3634539,1734.0,4.747433264887063
2013-10-04,122.09,11793489.79571183,1439867169.1584573,1735.0,4.7501711156741955
2013-10-05,121.27,11798964.79571183,1430860460.7759736,1736.0,4.7529089664613275
2013-10-06,122.49,11803589.79561183,1445821714.064493,1737.0,4.75564681724846
2013-10-07,123.5,11807489.79561183,1458224989.7580612,1738.0,4.758384668035592
2013-10-08,124.86,11811139.79561183,1474738914.880093,1739.0,4.761122518822724
2013-10-09,125.9,11815989.79561183,1487633115.2675295,1740.0,4.763860369609857
2013-10-10,126.35,11820789.79561183,1493556790.6755548,1741.0,4.766598220396989
2013-10-11,127.35,11825414.79561183,1505966574.2211666,1742.0,4.769336071184121
2013-10-12,127.77,11830764.79561183,1511616817.9353235,1743.0,4.772073921971253
2013-10-13,132.45,11836289.79561183,1567716583.4287868,1744.0,4.774811772758385
2013-10-14,135.41,11842539.79561183,1603598313.723798,1745.0,4.777549623545517
2013-10-15,141.42,11849039.79561183,1675691207.8954248,1746.0,4.780287474332649
2013-10-16,138.21,11854289.79561183,1638381392.6515112,1747.0,4.783025325119781
2013-10-17,143.73,11858464.79561183,1704417145.0732882,1748.0,4.785763175906913
2013-10-18,152.89,11863264.79561183,1813774554.6010926,1749.0,4.788501026694045
2013-10-19,165.24,11868839.79561183,1961207087.826899,1750.0,4.791238877481177
2013-10-20,166.53,11873814.79561183,1977346377.913238,1751.0,4.7939767282683095
2013-10-21,179.92,11879089.79561183,2137285836.0264804,1752.0,4.7967145790554415
2013-10-22,189.54,11885214.79561182,2252723612.3602643,1753.0,4.799452429842574
2013-10-23,203.68,11890739.79561181,2421905881.5702133,1754.0,4.802190280629706
2013-10-24,195.11,11896114.79561181,2321050957.7718205,1755.0,4.804928131416838
2013-10-25,187.52,11901989.79561181,2231861126.473127,1756.0,4.80766598220397
2013-10-26,179.96,11906539.79561181,2142700901.6183014,1757.0,4.810403832991102
2013-10-27,194.49,11911014.79561181,2316573267.5985413,1758.0,4.813141683778234
2013-10-28,196.0,11915389.79561181,2335416399.9399147,1759.0,4.815879534565366
2013-10-29,204.27,11919389.79461181,2434773753.3453546,1760.0,4.818617385352498
2013-10-30,197.52,11924264.79461181,2355280782.2317247,1761.0,4.82135523613963
2013-10-31,203.02,11929539.79461181,2421935169.10209,1762.0,4.824093086926762
2013-11-01,202.99,11934739.79461181,2422632830.9082513,1763.0,4.826830937713894
2013-11-02,204.7,11939789.79461181,2444074970.9570374,1764.0,4.829568788501026
2013-11-03,210.0,11944589.79461181,2508363856.86848,1765.0,4.832306639288158
2013-11-04,229.24,11949464.79461181,2739295309.5168114,1766.0,4.8350444900752905
2013-11-05,243.49,11953814.79461181,2910634364.3400297,1767.0,4.837782340862423
2013-11-06,261.93,11957889.79461181,3132130073.9026713,1768.0,4.8405201916495555
2013-11-07,290.01,11961489.79461181,3468951655.335371,1769.0,4.843258042436688
2013-11-08,333.8,11964839.79461181,3993863523.4414225,1770.0,4.84599589322382
2013-11-09,329.16,11968539.79461179,3939564558.794417,1771.0,4.848733744010952
2013-11-10,326.49,11972814.79461179,3909004302.2928033,1772.0,4.851471594798084
2013-11-11,343.19,11977489.79461179,4110554722.61282,1773.0,4.854209445585216
2013-11-12,354.9,11982514.79461179,4252594500.6077237,1774.0,4.856947296372348
2013-11-13,392.1,11986714.79461179,4699990870.967283,1775.0,4.85968514715948
2013-11-14,415.98,11991289.79461179,4988136728.762612,1776.0,4.862422997946612
2013-11-15,410.46,11995439.79461179,4923648218.0963545,1777.0,4.865160848733744
2013-11-16,435.82,12000289.79461179,5229966298.28771,1778.0,4.867898699520876
2013-11-17,479.5,12004939.79461179,5756368631.516353,1779.0,4.870636550308008
2013-11-18,650.0,12008839.79461179,7805745866.4976635,1780.0,4.87337440109514
2013-11-19,546.46,12012864.79461179,6564550095.663559,1781.0,4.876112251882272
2013-11-20,598.49,12016964.79461179,7192033259.92721,1782.0,4.878850102669404
2013-11-21,718.99,12020714.79461179,8642773730.17793,1783.0,4.8815879534565365
2013-11-22,796.5,12025014.79461179,9577924283.90829,1784.0,4.884325804243669
2013-11-23,827.0,12029264.79461179,9948201985.14395,1785.0,4.887063655030801
2013-11-24,807.24,12033464.79461179,9713894120.802422,1786.0,4.889801505817933
2013-11-25,816.27,12037789.79461179,9826086675.647764,1787.0,4.892539356605065
2013-11-26,911.99,12041764.79461179,10981969075.038006,1788.0,4.895277207392197
2013-11-27,963.85,12046089.79461179,11610623648.536573,1789.0,4.898015058179329
2013-11-28,1013.5,12050614.79461179,12213298094.339048,1790.0,4.900752908966461
2013-11-29,1127.49,12054939.79461179,13591824069.026846,1791.0,4.903490759753593
2013-11-30,1124.86,12059214.79461179,13564928353.867016,1792.0,4.906228610540725
2013-12-01,950.0,12064214.79461179,11461004054.881199,1793.0,4.908966461327857
2013-12-02,1042.0,12068189.79461179,12575053765.985485,1794.0,4.91170431211499
2013-12-03,1051.84,12073189.79461179,12699063953.564463,1795.0,4.914442162902122
2013-12-04,1138.58,12077464.79461179,13751159865.84909,1796.0,4.917180013689254
2013-12-05,1030.99,12081714.79461179,12456127136.09681,1797.0,4.919917864476386
2013-12-06,810.0,12086914.79461179,9790400983.63555,1798.0,4.922655715263518
2013-12-07,703.81,12091789.79395749,8510322574.885221,1799.0,4.9253935660506505
2013-12-08,786.2,12096664.79395749,9510397861.00938,1800.0,4.9281314168377826
2013-12-09,895.0,12101064.79395749,10830452990.591953,1801.0,4.930869267624915
2013-12-10,976.26,12105864.79395749,11818471563.74894,1802.0,4.933607118412047
2013-12-11,876.88,12109989.79395749,10619007850.525444,1803.0,4.936344969199179
2013-12-12,873.0,12114064.79395749,10575578565.12489,1804.0,4.939082819986311
2013-12-13,879.25,12118389.79395749,10655094226.337124,1805.0,4.941820670773443
2013-12-14,852.88,12123364.79395749,10339775365.470465,1806.0,4.944558521560575
2013-12-15,862.49,12127789.79395749,10460097419.390396,1807.0,4.947296372347707
2013-12-16,678.79,12132814.79395749,8235633353.990404,1808.0,4.950034223134839
2013-12-17,681.56,12137889.79395749,8272700167.9696665,1809.0,4.952772073921971
2013-12-18,520.12,12142864.79395749,6315746836.63317,1810.0,4.955509924709103
2013-12-19,683.71,12148514.79395749,8306061049.776676,1811.0,4.958247775496235
2013-12-20,609.74,12152964.79395749,7410148753.46764,1812.0,4.960985626283367
2013-12-21,597.5,12156989.79395749,7263801401.889601,1813.0,4.963723477070499
2013-12-22,614.55,12161214.79395749,7473674551.626575,1814.0,4.9664613278576315
2013-12-23,659.9,12165489.79395749,8028006715.032548,1815.0,4.969199178644764
2013-12-24,649.54,12169714.79395749,7904716547.267148,1816.0,4.971937029431896
2013-12-25,678.51,12173764.79395749,8260021150.348097,1817.0,4.974674880219028
2013-12-26,747.97,12178264.79395749,9108976717.936384,1818.0,4.97741273100616
2013-12-27,718.8,12182864.79395749,8757043213.896643,1819.0,4.980150581793292
2013-12-28,717.82,12186614.79395749,8747795831.398567,1820.0,4.982888432580425
2013-12-29,728.09,12190814.79395749,8876010343.33251,1821.0,4.985626283367557
2013-12-30,736.5,12195139.79395749,8981720458.249691,1822.0,4.988364134154689
2013-12-31,731.96,12199739.79395749,8929721539.585125,1823.0,4.991101984941821
2014-01-01,754.51,12204864.79395749,9208692535.688866,1824.0,4.993839835728953
2014-01-02,783.84,12208214.79395749,9569287084.09564,1825.0,4.996577686516085
2014-01-03,808.39,12212239.79395749,9872252527.037296,1826.0,4.999315537303217
2014-01-04,828.74,12215764.79395749,10123692915.34433,1827.0,5.002053388090349
2014-01-05,902.35,12220589.79395749,11027249200.577541,1828.0,5.004791238877481
2014-01-06,908.01,12225239.79395749,11100639985.31134,1829.0,5.007529089664613
2014-01-07,810.93,12229664.79395749,9917402071.363947,1830.0,5.0102669404517455
2014-01-08,820.99,12234489.79395749,10044393775.94116,1831.0,5.0130047912388775
2014-01-09,827.07,12239664.79395749,10123059561.138422,1832.0,5.01574264202601
2014-01-10,847.48,12244339.79395749,10376833088.583094,1833.0,5.018480492813142
2014-01-11,886.47,12249589.79395749,10858893864.649496,1834.0,5.021218343600274
2014-01-12,844.05,12254764.79395749,10343634224.339819,1835.0,5.023956194387406
2014-01-13,827.0,12258989.79395749,10138184559.602844,1836.0,5.026694045174538
2014-01-14,815.55,12263039.79395749,10001122103.96203,1837.0,5.02943189596167
2014-01-15,840.75,12267639.79395749,10314018156.76976,1838.0,5.032169746748802
2014-01-16,816.55,12272264.79395749,10020917817.50599,1839.0,5.034907597535934
2014-01-17,793.98,12276064.79395749,9746949925.106369,1840.0,5.037645448323066
2014-01-18,809.18,12280414.79395749,9937066042.974522,1841.0,5.040383299110198
2014-01-19,841.54,12284639.79395749,10338015772.206985,1842.0,5.04312114989733
2014-01-20,829.6,12289514.79395749,10195381473.067135,1843.0,5.045859000684462
2014-01-21,824.49,12293664.79395749,10136003685.97001,1844.0,5.048596851471594
2014-01-22,819.5,12298464.79395749,10078591898.648163,1845.0,5.0513347022587265
2014-01-23,809.69,12302889.79395749,9961526837.269442,1846.0,5.054072553045859
2014-01-24,780.76,12307614.79395749,9609293326.53025,1847.0,5.0568104038329915
2014-01-25,802.55,12311739.79395749,9880786771.640583,1848.0,5.059548254620124
2014-01-26,813.37,12315539.79395749,10017090602.211205,1849.0,5.062286105407256
2014-01-27,743.5,12319889.79395749,9159838061.807394,1850.0,5.065023956194388
2014-01-28,786.91,12323739.79395749,9697674081.263088,1851.0,5.06776180698152
2014-01-29,793.75,12327539.79395749,9784984711.453758,1852.0,5.070499657768652
2014-01-30,798.41,12331939.79395749,9845944050.8936,1853.0,5.073237508555784
2014-01-31,803.0,12336539.79395748,9906241454.547855,1854.0,5.075975359342916
2014-02-01,812.18,12341264.79395748,10023328440.356384,1855.0,5.078713210130048
2014-02-02,815.0,12345914.79395748,10061920557.075346,1856.0,5.08145106091718
2014-02-03,806.77,12350439.79395748,9963964312.571075,1857.0,5.084188911704312
2014-02-04,800.21,12354739.79395748,9886386330.522715,1858.0,5.086926762491444
2014-02-05,780.39,12358939.79395748,9644793025.806477,1859.0,5.089664613278576
2014-02-06,763.61,12363489.79395748,9440884441.563871,1860.0,5.092402464065708
2014-02-07,710.1,12367364.79395748,8782065740.189207,1861.0,5.0951403148528405
2014-02-08,680.49,12371914.79395748,8418964298.140125,1862.0,5.0978781656399725
2014-02-09,686.77,12375364.79395748,8499029279.546178,1863.0,5.100616016427105
2014-02-10,688.7,12379264.79395748,8525599663.598516,1864.0,5.103353867214237
2014-02-11,677.0,12383364.79395748,8383537965.509213,1865.0,5.106091718001369
2014-02-12,651.6,12387814.79395748,8071900119.742694,1866.0,5.108829568788501
2014-02-13,615.25,12392264.79395748,7624340914.482339,1867.0,5.111567419575633
2014-02-14,670.27,12397039.79395748,8309363862.695879,1868.0,5.114305270362765
2014-02-15,655.83,12401714.79395748,8133416613.321135,1869.0,5.117043121149897
2014-02-16,624.31,12406589.79395748,7745558074.265594,1870.0,5.119780971937029
2014-02-17,630.71,12410464.79395748,7827404250.196922,1871.0,5.122518822724161
2014-02-18,626.89,12414539.79395748,7782550851.434004,1872.0,5.125256673511293
2014-02-19,624.42,12419539.79395748,7755009038.142929,1873.0,5.127994524298426
2014-02-20,563.51,12423964.79395748,7001028401.042979,1874.0,5.130732375085558
2014-02-21,574.83,12427764.79395748,7143852036.510578,1875.0,5.13347022587269
2014-02-22,605.35,12432239.79395748,7525856359.272161,1876.0,5.136208076659822
2014-02-23,605.5,12436464.79395748,7530279432.741254,1877.0,5.138945927446954
2014-02-24,545.56,12441239.79395748,6787442781.991442,1878.0,5.1416837782340865
2014-02-25,539.85,12445264.79395748,6718576199.017945,1879.0,5.144421629021219
2014-02-26,585.34,12449814.79395748,7287374591.495071,1880.0,5.147159479808351
2014-02-27,586.56,12454564.79395748,7305349525.543698,1881.0,5.149897330595483
2014-02-28,547.5,12459089.79395748,6821351662.19172,1882.0,5.152635181382615
2014-03-01,567.11,12462689.79395748,7067716009.051227,1883.0,5.155373032169747
2014-03-02,554.19,12466189.79395748,6908637721.913296,1884.0,5.158110882956879
2014-03-03,676.38,12469889.79395748,8434384058.83696,1885.0,5.160848733744011
2014-03-04,674.21,12473614.79395748,8409835830.234073,1886.0,5.163586584531143
2014-03-05,670.7,12477514.79395748,8368669172.3072815,1887.0,5.166324435318275
2014-03-06,669.0,12481839.79395748,8350350822.157554,1888.0,5.169062286105407
2014-03-07,630.79,12485989.79395748,7876037502.130438,1889.0,5.171800136892539
2014-03-08,620.52,12490189.79395748,7750412570.946495,1890.0,5.174537987679671
2014-03-09,640.0,12494664.79395748,7996585468.132787,1891.0,5.177275838466803
2014-03-10,628.1,12498389.79395748,7850238629.584693,1892.0,5.1800136892539355
2014-03-11,635.7,12502589.79395748,7947896332.01877,1893.0,5.1827515400410675
2014-03-12,634.95,12507139.79395748,7941408412.173302,1894.0,5.1854893908282
2014-03-13,642.5,12511189.79390288,8038439442.582601,1895.0,5.188227241615332
2014-03-14,629.48,12514514.79390288,7877636772.465985,1896.0,5.190965092402464
2014-03-15,634.91,12518639.79390288,7948209591.546877,1897.0,5.193702943189596
2014-03-16,634.98,12522914.79390288,7951800435.832451,1898.0,5.196440793976728
2014-03-17,622.39,12526939.79390288,7796642058.327213,1899.0,5.19917864476386
2014-03-18,611.05,12530589.79390288,7656816893.564354,1900.0,5.201916495550993
2014-03-19,611.24,12534589.79390288,7661642665.625196,1901.0,5.204654346338125
2014-03-20,585.6,12539014.79390288,7342847063.309526,1902.0,5.207392197125257
2014-03-21,570.93,12543664.79390288,7161554540.78297,1903.0,5.210130047912389
2014-03-22,563.73,12547914.79390288,7073636006.7668705,1904.0,5.212867898699521
2014-03-23,561.47,12553264.79360286,7048281583.664198,1905.0,5.215605749486653
2014-03-24,584.4,12557964.79360286,7338874625.381511,1906.0,5.218343600273785
2014-03-25,583.48,12561889.79360286,7329611456.771397,1907.0,5.221081451060917
2014-03-26,581.92,12565864.79360286,7312328040.693376,1908.0,5.223819301848049
2014-03-27,475.43,12570189.79360286,5976245333.572608,1909.0,5.2265571526351815
2014-03-28,500.37,12574539.79360286,6291922476.525063,1910.0,5.229295003422314
2014-03-29,491.99,12578889.79360286,6188687989.554671,1911.0,5.232032854209446
2014-03-30,460.92,12582389.79360286,5799475103.66743,1912.0,5.234770704996578
2014-03-31,455.24,12586914.79360286,5730067090.639766,1913.0,5.23750855578371
2014-04-01,479.2,12591189.79360286,6033698149.09449,1914.0,5.240246406570842
2014-04-02,439.21,12596089.79360286,5532328598.248312,1915.0,5.242984257357974
2014-04-03,450.96,12601214.79260287,5682643822.87219,1916.0,5.245722108145106
2014-04-04,451.73,12606089.79260287,5694548942.012495,1917.0,5.248459958932238
2014-04-05,463.25,12610364.79260287,5841751490.17328,1918.0,5.25119780971937
2014-04-06,457.47,12614139.79260287,5770590530.922035,1919.0,5.253935660506502
2014-04-07,449.05,12617914.79260287,5666074637.6183195,1920.0,5.256673511293634
2014-04-08,453.28,12621264.79260287,5720966905.191029,1921.0,5.259411362080766
2014-04-09,441.93,12625289.79260287,5579494318.044987,1922.0,5.262149212867898
2014-04-10,370.26,12629164.79260287,4676074556.1091385,1923.0,5.2648870636550305
2014-04-11,423.41,12633389.79260287,5349103572.085981,1924.0,5.2676249144421625
2014-04-12,423.12,12637414.79260287,5347142947.046126,1925.0,5.270362765229295
2014-04-13,416.38,12642089.79260287,5263913347.843984,1926.0,5.2731006160164275
2014-04-14,459.82,12646914.79260287,5815304359.934652,1927.0,5.27583846680356
2014-04-15,523.1,12651464.79260287,6617981233.010562,1928.0,5.278576317590692
2014-04-16,528.13,12655439.79260287,6683717417.667354,1929.0,5.281314168377824
2014-04-17,498.6,12659664.79260287,6312108865.591791,1930.0,5.284052019164956
2014-04-18,482.49,12663664.79260287,6110091625.782959,1931.0,5.286789869952088
2014-04-19,503.8,12667639.79260287,6381956927.513327,1932.0,5.28952772073922
2014-04-20,501.54,12672089.79260287,6355559914.582044,1933.0,5.292265571526352
2014-04-21,496.65,12676364.79260287,6295716574.246216,1934.0,5.295003422313484
2014-04-22,489.26,12680214.79260287,6203921889.428881,1935.0,5.297741273100616
2014-04-23,489.55,12684339.79260287,6209618545.468736,1936.0,5.300479123887748
2014-04-24,502.32,12688114.79260287,6373493822.620274,1937.0,5.30321697467488
2014-04-25,466.7,12692664.79260287,5923666658.70776,1938.0,5.305954825462012
2014-04-26,461.48,12696739.79260287,5859291479.490373,1939.0,5.308692676249144
2014-04-27,439.9,12701164.79254827,5587242392.241984,1940.0,5.3114305270362765
2014-04-28,440.01,12704964.79254827,5590311558.369164,1941.0,5.314168377823409
2014-04-29,448.06,12709214.79254827,5694490779.949179,1942.0,5.316906228610541
2014-04-30,448.85,12712664.79254827,5706079592.135292,1943.0,5.319644079397673
2014-05-01,460.15,12717064.79254827,5851757364.291086,1944.0,5.322381930184805
2014-05-02,450.89,12721089.79254827,5735812176.56209,1945.0,5.325119780971937
2014-05-03,439.86,12724639.79254827,5597060059.150283,1946.0,5.327857631759069
2014-05-04,437.5,12728414.79254827,5568681471.739868,1947.0,5.330595482546201
2014-05-05,431.27,12731539.79254827,5490731166.332293,1948.0,5.333333333333333
2014-05-06,429.5,12736389.79254827,5470279415.899483,1949.0,5.336071184120465
2014-05-07,443.76,12740364.79254827,5653664280.341221,1950.0,5.338809034907597
2014-05-08,439.0,12744539.79254827,5594852968.928691,1951.0,5.341546885694729
2014-05-09,452.61,12748789.79254827,5770229748.005273,1952.0,5.344284736481861
2014-05-10,455.19,12753264.79244827,5805158600.874528,1953.0,5.347022587268994
2014-05-11,438.3,12757064.79244827,5591421498.530077,1954.0,5.349760438056126
2014-05-12,442.47,12761164.79244827,5646432585.714586,1955.0,5.352498288843258
2014-05-13,438.85,12765214.79244827,5602014511.665923,1956.0,5.3552361396303905
2014-05-14,446.13,12768964.79244827,5696618262.854946,1957.0,5.3579739904175225
2014-05-15,446.53,12773239.79190227,5703634764.27812,1958.0,5.360711841204655
2014-05-16,447.0,12777764.79190227,5711660861.980315,1959.0,5.363449691991787
2014-05-17,450.73,12782089.79190227,5761271331.904111,1960.0,5.366187542778919
2014-05-18,446.89,12786389.79190227,5714109734.103206,1961.0,5.368925393566051
2014-05-19,447.76,12790589.79102867,5727114484.8309965,1962.0,5.371663244353183
2014-05-20,488.81,12795014.79102867,6254331180.002724,1963.0,5.374401095140315
2014-05-21,493.32,12799389.79102867,6314194971.710263,1964.0,5.377138945927447
2014-05-22,528.16,12803689.79102867,6762396800.029701,1965.0,5.379876796714579
2014-05-23,523.06,12807814.79102854,6699255604.595387,1966.0,5.382614647501711
2014-05-24,527.0,12811664.79102854,6751747344.872041,1967.0,5.385352498288843
2014-05-25,572.09,12815689.79102854,7331727972.549519,1968.0,5.388090349075975
2014-05-26,584.88,12819639.79102854,7497950920.976772,1969.0,5.390828199863107
2014-05-27,572.7,12823039.79102854,7343754888.322045,1970.0,5.393566050650239
2014-05-28,580.68,12827264.79102854,7448536118.854452,1971.0,5.3963039014373715
2014-05-29,572.62,12830789.79102854,7347166850.138763,1972.0,5.3990417522245036
2014-05-30,620.65,12834964.79102854,7966020897.551864,1973.0,5.401779603011636
2014-05-31,626.42,12838639.79102854,8042380737.896098,1974.0,5.404517453798768
2014-06-01,627.48,12843014.79102854,8058734921.074589,1975.0,5.4072553045859
2014-06-02,663.48,12847839.79102854,8524284744.551617,1976.0,5.409993155373032
2014-06-03,670.32,12852264.79102854,8615130134.722252,1977.0,5.412731006160164
2014-06-04,643.23,12856814.79102854,8269888978.033288,1978.0,5.415468856947296
2014-06-05,662.37,12860614.79102854,8518485419.1335745,1979.0,5.418206707734429
2014-06-06,649.23,12864089.79102854,8351753015.02946,1980.0,5.420944558521561
2014-06-07,655.95,12867964.79102854,8440741504.675172,1981.0,5.423682409308693
2014-06-08,656.7,12871364.79102854,8452625258.268443,1982.0,5.426420260095825
2014-06-09,648.82,12875264.79102854,8353729301.715138,1983.0,5.429158110882957
2014-06-10,648.53,12879439.79102854,8352703087.675739,1984.0,5.431895961670089
2014-06-11,622.63,12883089.79102854,8021398196.5881,1985.0,5.434633812457221
2014-06-12,571.84,12887389.79102854,7369524978.101761,1986.0,5.437371663244353
2014-06-13,591.0,12891464.79102854,7618855691.497868,1987.0,5.4401095140314855
2014-06-14,566.29,12895914.79002854,7302827586.445262,1988.0,5.4428473648186175
2014-06-15,584.29,12900664.79002854,7537729430.165775,1989.0,5.44558521560575
2014-06-16,589.06,12905364.79002854,7602034183.214211,1990.0,5.448323066392882
2014-06-17,606.74,12909964.79002854,7832992036.701917,1991.0,5.451060917180014
2014-06-18,607.97,12913914.79002854,7851272774.893652,1992.0,5.453798767967146
2014-06-19,592.72,12918089.79002854,7656810180.345716,1993.0,5.456536618754278
2014-06-20,592.97,12922739.79002854,7662797013.293224,1994.0,5.45927446954141
2014-06-21,591.69,12927389.79002854,7649007264.861988,1995.0,5.462012320328542
2014-06-22,599.93,12931889.78970094,7758228641.535284,1996.0,5.464750171115674
2014-06-23,588.66,12936289.78964634,7615076347.573215,1997.0,5.467488021902806
2014-06-24,573.8,12940989.78964634,7425539941.299069,1998.0,5.470225872689938
2014-06-25,560.33,12945664.78948254,7253844351.490752,1999.0,5.47296372347707
2014-06-26,577.34,12949939.78948254,7476518238.05985,2000.0,5.475701574264202
2014-06-27,599.85,12954864.78948254,7770975643.971102,2001.0,5.478439425051334
2014-06-28,590.79,12959414.78948254,7656292663.478389,2002.0,5.4811772758384665
2014-06-29,600.0,12963339.78948254,7778003873.689524,2003.0,5.4839151266255985
2014-06-30,636.09,12966639.78948254,8247949903.691949,2004.0,5.486652977412731
2014-07-01,644.57,12969964.78948254,8360050204.356761,2005.0,5.489390828199863
2014-07-02,650.05,12973389.78948254,8433352032.653124,2006.0,5.492128678986996
2014-07-03,647.44,12976864.78948254,8401741339.302576,2007.0,5.494866529774128
2014-07-04,629.0,12981014.78948254,8165058302.5845175,2008.0,5.49760438056126
2014-07-05,630.68,12984814.78948254,8189262991.430847,2009.0,5.500342231348392
2014-07-06,631.84,12988364.78948254,8206568408.586648,2010.0,5.503080082135524
2014-07-07,623.88,12992114.78948254,8105520574.862367,2011.0,5.505817932922656
2014-07-08,624.47,12995864.78948254,8115527685.088161,2012.0,5.508555783709788
2014-07-09,620.84,13000014.78948254,8070929181.90234,2013.0,5.51129363449692
2014-07-10,616.79,13003739.78937334,8020576664.687582,2014.0,5.514031485284052
2014-07-11,633.7,13007639.78937334,8242941334.525887,2015.0,5.516769336071184
2014-07-12,636.18,13011564.78937334,8277697287.703531,2016.0,5.519507186858316
2014-07-13,629.33,13015564.78931874,8191085388.861963,2017.0,5.522245037645448
2014-07-14,619.9,13018939.78931874,8070440775.398686,2018.0,5.5249828884325805
2014-07-15,623.82,13022914.78931874,8123954703.872817,2019.0,5.5277207392197125
2014-07-16,616.93,13026514.78931874,8036447768.97441,2020.0,5.530458590006845
2014-07-17,626.08,13030814.78912764,8158332523.177033,2021.0,5.533196440793977
2014-07-18,631.85,13035114.78912764,8236237279.5103,2022.0,5.535934291581109
2014-07-19,629.31,13039539.78912764,8205912784.695914,2023.0,5.538672142368241
2014-07-20,626.99,13043414.78912764,8178090638.635139,2024.0,5.541409993155373
2014-07-21,622.24,13047289.78798104,8118545597.673323,2025.0,5.544147843942505
2014-07-22,620.0,13050839.78798104,8091520668.548245,2026.0,5.546885694729637
2014-07-23,620.12,13054489.78798104,8095350207.3228035,2027.0,5.549623545516769
2014-07-24,603.97,13058064.78789914,7886679389.947444,2028.0,5.552361396303901
2014-07-25,602.58,13062139.78781724,7870984193.342913,2029.0,5.555099247091033
2014-07-26,595.07,13065489.78708014,7774881007.59778,2030.0,5.557837097878165
2014-07-27,591.75,13069314.78708014,7733767025.254673,2031.0,5.560574948665297
2014-07-28,589.97,13073064.78708014,7712716032.433671,2032.0,5.563312799452429
2014-07-29,584.38,13076789.78708014,7641814415.773892,2033.0,5.566050650239562
2014-07-30,562.11,13081089.78699824,7353011380.169581,2034.0,5.568788501026694
2014-07-31,582.03,13084939.78686174,7615827504.147139,2035.0,5.5715263518138265
2014-08-01,598.84,13088864.78669788,7838135788.8661585,2036.0,5.574264202600959
2014-08-02,590.73,13092939.78669785,7734392320.196021,2037.0,5.577002053388091
2014-08-03,584.74,13096789.78669785,7658216859.873701,2038.0,5.579739904175223
2014-08-04,588.24,13099989.78669785,7705937992.127143,2039.0,5.582477754962355
2014-08-05,580.29,13103364.78669785,7603751552.072895,2040.0,5.585215605749487
2014-08-06,582.01,13107464.78669785,7628675580.506016,2041.0,5.587953456536619
2014-08-07,585.35,13111464.78669783,7674795912.893575,2042.0,5.590691307323751
2014-08-08,588.5,13115389.78669783,7718406889.471672,2043.0,5.593429158110883
2014-08-09,588.65,13119964.78669783,7723067271.689677,2044.0,5.596167008898015
2014-08-10,589.79,13124389.78669783,7740633852.296513,2045.0,5.598904859685147
2014-08-11,573.04,13128939.78669783,7523407655.369324,2046.0,5.601642710472279
2014-08-12,568.42,13133289.78669783,7465224580.554779,2047.0,5.604380561259411
2014-08-13,549.98,13136914.78669783,7225040394.388072,2048.0,5.607118412046543
2014-08-14,505.64,13141414.78669783,6644824972.745891,2049.0,5.6098562628336754
2014-08-15,501.57,13145539.78669783,6593408390.81403,2050.0,5.6125941136208075
2014-08-16,524.23,13149489.78669783,6893357030.880603,2051.0,5.61533196440794
2014-08-17,499.06,13153739.78669783,6564505377.949419,2052.0,5.618069815195072
2014-08-18,474.0,13158689.7866978,6237218958.894757,2053.0,5.620807665982204
2014-08-19,490.0,13163339.78669778,6450036495.481913,2054.0,5.623545516769336
2014-08-20,517.2,13167564.78669778,6810264507.680093,2055.0,5.626283367556468
2014-08-21,520.07,13171689.78669777,6850200707.367909,2056.0,5.6290212183436
2014-08-22,516.13,13175614.78669776,6800330059.8583145,2057.0,5.631759069130732
2014-08-23,496.97,13179664.78669774,6549898009.0451765,2058.0,5.634496919917864
2014-08-24,508.23,13183314.78669772,6700156074.043382,2059.0,5.637234770704997
2014-08-25,503.13,13186739.78669772,6634644388.881224,2060.0,5.639972621492129
2014-08-26,512.48,13191064.78669772,6760156881.8868475,2061.0,5.642710472279261
2014-08-27,510.99,13195289.78669771,6742661128.104663,2062.0,5.645448323066393
2014-08-28,506.4,13199614.78669771,6684284927.98372,2063.0,5.648186173853525
2014-08-29,508.86,13203864.78669769,6718918635.358987,2064.0,5.650924024640657
2014-08-30,501.0,13208414.78616061,6617415807.866466,2065.0,5.653661875427789
2014-08-31,478.46,13213114.78616058,6321946900.586391,2066.0,5.6563997262149215
2014-09-01,475.19,13216514.78616056,6280355661.235637,2067.0,5.6591375770020536
2014-09-02,474.16,13220189.78616053,6268485189.0058775,2068.0,5.661875427789186
2014-09-03,475.47,13224414.78616051,6287812498.375738,2069.0,5.664613278576318
2014-09-04,488.24,13228364.78616049,6458616823.194998,2070.0,5.66735112936345
2014-09-05,477.53,13231989.78616047,6318672082.585209,2071.0,5.670088980150582
2014-09-06,479.57,13236464.78616046,6347811417.498972,2072.0,5.672826830937714
2014-09-07,476.97,13240339.78616045,6315244867.804951,2073.0,5.675564681724846
2014-09-08,467.84,13243939.78616045,6196044789.557304,2074.0,5.678302532511978
2014-09-09,473.94,13247589.78616045,6278562703.252884,2075.0,5.68104038329911
2014-09-10,477.17,13251514.78616045,6323225310.512182,2076.0,5.683778234086242
2014-09-11,477.76,13255764.78616045,6333074184.236016,2077.0,5.686516084873374
2014-09-12,473.78,13259614.78616045,6282140293.387098,2078.0,5.689253935660506
2014-09-13,477.63,13264139.78616045,6335351086.063816,2079.0,5.691991786447638
2014-09-14,475.48,13268089.78616045,6308711331.523571,2080.0,5.69472963723477
2014-09-15,470.42,13272039.78616045,6243432956.205599,2081.0,5.6974674880219025
2014-09-16,463.42,13276314.78616045,6152509798.2024765,2082.0,5.700205338809035
2014-09-17,452.63,13280964.78599664,6011363091.085659,2083.0,5.702943189596167
2014-09-18,426.19,13285439.78583284,5662121582.324098,2084.0,5.705681040383299
2014-09-19,394.91,13289714.78583284,5248241266.073247,2085.0,5.708418891170431
2014-09-20,412.18,13294114.78583284,5479568232.42458,2086.0,5.711156741957564
2014-09-21,400.22,13298214.78566904,5322211521.520464,2087.0,5.713894592744696
2014-09-22,399.96,13302414.78566904,5320433817.676188,2088.0,5.716632443531828
2014-09-23,439.55,13306164.78566904,5848724731.540827,2089.0,5.71937029431896
2014-09-24,423.61,13310064.78566904,5638276543.857263,2090.0,5.722108145106092
2014-09-25,409.11,13314364.78566904,5447039777.465061,2091.0,5.724845995893224
2014-09-26,404.95,13317714.78566902,5393008602.456669,2092.0,5.727583846680356
2014-09-27,400.84,13321039.78566902,5339605587.68757,2093.0,5.730321697467488
2014-09-28,375.23,13324314.78566902,4999682637.026587,2094.0,5.73305954825462
2014-09-29,372.6,13327739.78566902,4965915844.140277,2095.0,5.735797399041752
2014-09-30,390.21,13331564.785669,5202109895.015901,2096.0,5.738535249828884
2014-10-01,383.25,13335439.785669,5110807297.857645,2097.0,5.7412731006160165
2014-10-02,375.66,13338864.78566899,5010877945.384413,2098.0,5.7440109514031485
2014-10-03,357.98,13342539.78566899,4776362392.473785,2099.0,5.746748802190281
2014-10-04,328.8,13346389.78566897,4388292961.527957,2100.0,5.749486652977413
2014-10-05,323.79,13350614.78566897,4322795561.451756,2101.0,5.752224503764545
2014-10-06,328.37,13354639.78566895,4385263066.420114,2102.0,5.754962354551677
2014-10-07,332.99,13357989.78566894,4448077018.7299,2103.0,5.757700205338809
2014-10-08,355.55,13361589.78566894,4750713248.294592,2104.0,5.760438056125941
2014-10-09,360.38,13365289.78566892,4816583132.959366,2105.0,5.763175906913073
2014-10-10,360.51,13369164.78566889,4819717596.881492,2106.0,5.765913757700205
2014-10-11,362.61,13372764.78566888,4849098238.931393,2107.0,5.768651608487337
2014-10-12,378.44,13376464.78566888,5062189333.488531,2108.0,5.771389459274469
2014-10-13,390.95,13380339.78566888,5231043839.207249,2109.0,5.774127310061601
2014-10-14,403.37,13383639.78566887,5398558780.345252,2110.0,5.776865160848733
2014-10-15,395.28,13387414.78566887,5291777316.479191,2111.0,5.779603011635865
2014-10-16,383.93,13391114.78566887,5141250699.66185,2112.0,5.782340862422998
2014-10-17,383.31,13394664.78566887,5134308958.994735,2113.0,5.7850787132101305
2014-10-18,391.63,13398764.78566887,5247358253.011499,2114.0,5.7878165639972625
2014-10-19,388.62,13402089.78566887,5208320132.506637,2115.0,5.790554414784395
2014-10-20,381.76,13405514.78566887,5117689324.576948,2116.0,5.793292265571527
2014-10-21,385.54,13409339.78566887,5169836860.966777,2117.0,5.796030116358659
2014-10-22,382.71,13413314.78566887,5133409701.623333,2118.0,5.798767967145791
2014-10-23,357.15,13417089.78566887,4791913616.951636,2119.0,5.801505817932923
2014-10-24,358.47,13421064.78566887,4811049093.71872,2120.0,5.804243668720055
2014-10-25,347.0,13424939.78566887,4658454105.627098,2121.0,5.806981519507187
2014-10-26,353.81,13428064.78566887,4750983601.817503,2122.0,5.809719370294319
2014-10-27,351.45,13432039.78566887,4720690382.673325,2123.0,5.812457221081451
2014-10-28,355.93,13435489.78566886,4782093879.413117,2124.0,5.815195071868583
2014-10-29,334.68,13439364.78566886,4497886606.467654,2125.0,5.817932922655715
2014-10-30,346.08,13443614.78566886,4652566205.024279,2126.0,5.820670773442847
2014-10-31,337.78,13448314.78566886,4542571768.303226,2127.0,5.823408624229979
2014-11-01,323.84,13452289.78566886,4356389524.191003,2128.0,5.8261464750171115
2014-11-02,324.82,13456164.78566886,4370831445.680959,2129.0,5.8288843258042435
2014-11-03,325.5,13460389.78566886,4381356875.235213,2130.0,5.831622176591376
2014-11-04,328.03,13464439.78566886,4416740182.892956,2131.0,5.834360027378508
2014-11-05,338.64,13467889.78566886,4560766197.018903,2132.0,5.83709787816564
2014-11-06,349.97,13471714.78566885,4714696023.540527,2133.0,5.839835728952772
2014-11-07,342.29,13475489.78566885,4612525398.736591,2134.0,5.842573579739904
2014-11-08,345.77,13479314.78566885,4660742673.440718,2135.0,5.845311430527036
2014-11-09,365.89,13483064.78556884,4933318574.391783,2136.0,5.848049281314168
2014-11-10,366.64,13486739.78556884,4944778274.98096,2137.0,5.8507871321013
2014-11-11,368.27,13489964.78556884,4967949331.581437,2138.0,5.853524982888432
2014-11-12,421.99,13493639.78556884,5694181053.112195,2139.0,5.856262833675565
2014-11-13,417.33,13497264.78556884,5632813512.961444,2140.0,5.859000684462697
2014-11-14,397.99,13501114.78556884,5373308673.508543,2141.0,5.861738535249829
2014-11-15,377.0,13504614.78556884,5091239774.159453,2142.0,5.864476386036961
2014-11-16,389.75,13508364.78540504,5264885175.111614,2143.0,5.867214236824093
2014-11-17,388.0,13511964.78540504,5242642336.737156,2144.0,5.8699520876112254
2014-11-18,374.72,13515814.78540504,5064646116.386977,2145.0,5.8726899383983575
2014-11-19,378.37,13519339.78540504,5115312594.603705,2146.0,5.87542778918549
2014-11-20,356.36,13522789.78530504,4818981367.891304,2147.0,5.878165639972622
2014-11-21,350.82,13525964.78530504,4745178965.980714,2148.0,5.880903490759754
2014-11-22,353.53,13529814.78530504,4783195421.04889,2149.0,5.883641341546886
2014-11-23,367.12,13533364.78530504,4968368879.981186,2150.0,5.886379192334018
2014-11-24,377.94,13537039.78530504,5116188816.458187,2151.0,5.88911704312115
2014-11-25,375.8,13540339.78530504,5088459691.317635,2152.0,5.891854893908282
2014-11-26,366.1,13543764.78530504,4958372287.900175,2153.0,5.894592744695414
2014-11-27,369.63,13547289.78530504,5007484723.342302,2154.0,5.897330595482546
2014-11-28,376.89,13550989.78530504,5107232540.183617,2155.0,5.900068446269678
2014-11-29,376.55,13554914.78530502,5104103162.406605,2156.0,5.90280629705681
2014-11-30,377.08,13558914.78530502,5112795587.242817,2157.0,5.905544147843942
2014-12-01,377.62,13562164.78530502,5121344666.226882,2158.0,5.908281998631074
2014-12-02,379.19,13565914.78530502,5144059227.439811,2159.0,5.9110198494182065
2014-12-03,375.1,13568814.78530502,5089662425.967913,2160.0,5.9137577002053385
2014-12-04,367.33,13572464.78530502,4985573489.586093,2161.0,5.916495550992471
2014-12-05,374.94,13576364.78525042,5090322212.581792,2162.0,5.919233401779603
2014-12-06,375.07,13579789.78525042,5093371754.753875,2163.0,5.921971252566735
2014-12-07,376.38,13582939.78525039,5112346876.372541,2164.0,5.924709103353867
2014-12-08,362.94,13587014.78525039,4931271146.158776,2165.0,5.927446954141
2014-12-09,351.67,13590564.78525039,4779393918.029005,2166.0,5.930184804928132
2014-12-10,347.15,13594139.78525039,4719205626.449673,2167.0,5.932922655715264
2014-12-11,349.01,13597839.78525039,4745782063.450238,2168.0,5.935660506502396
2014-12-12,352.21,13601364.78525037,4790536691.013032,2169.0,5.938398357289528
2014-12-13,351.01,13605014.78525037,4775496239.770732,2170.0,5.94113620807666
2014-12-14,357.98,13608539.78525037,4871585072.323928,2171.0,5.943874058863792
2014-12-15,347.19,13612064.78525037,4725972772.791076,2172.0,5.946611909650924
2014-12-16,330.55,13615639.78525036,4500649731.014506,2173.0,5.949349760438056
2014-12-17,321.15,13618839.78525035,4373690397.03315,2174.0,5.952087611225188
2014-12-18,311.7,13622064.78525035,4245997593.5625343,2175.0,5.95482546201232
2014-12-19,318.57,13625489.78525035,4340672280.887204,2176.0,5.9575633127994525
2014-12-20,331.44,13628839.78525035,4517142658.423376,2177.0,5.960301163586585
2014-12-21,321.53,13632139.78525034,4383141905.151542,2178.0,5.963039014373717
2014-12-22,331.77,13636239.78525033,4524095273.552502,2179.0,5.965776865160849
2014-12-23,336.57,13639989.78525033,4590811362.021704,2180.0,5.968514715947981
2014-12-24,322.97,13643814.78525033,4406542861.1923,2181.0,5.971252566735113
2014-12-25,319.42,13647764.78525033,4359369027.70466,2182.0,5.973990417522245
2014-12-26,329.94,13651564.78525033,4504197285.245494,2183.0,5.976728268309377
2014-12-27,316.31,13655364.78525033,4319328435.222532,2184.0,5.979466119096509
2014-12-28,317.17,13659589.78525033,4332412092.187847,2185.0,5.982203969883641
2014-12-29,313.09,13663689.78525033,4277964634.8640256,2186.0,5.984941820670773
2014-12-30,311.87,13667564.78525033,4262503429.5760207,2187.0,5.987679671457905
2014-12-31,320.98,13671364.78525033,4388234668.769651,2188.0,5.990417522245037
2015-01-01,314.39,13675489.78521033,4299437233.572275,2189.0,5.993155373032169
2015-01-02,315.99,13679614.78521033,4322621475.978612,2190.0,5.9958932238193015
2015-01-03,288.53,13683664.78496462,3948147800.4058414,2191.0,5.9986310746064335
2015-01-04,264.01,13687964.78496462,3613759582.878509,2192.0,6.0013689253935665
2015-01-05,276.8,13691864.78496462,3789908172.4782066,2193.0,6.0041067761806985
2015-01-06,281.0,13695814.78496462,3848523954.575058,2194.0,6.006844626967831
2015-01-07,300.0,13699314.78496462,4109794435.4893856,2195.0,6.009582477754963
2015-01-08,288.99,13702989.78496462,3960027017.9569254,2196.0,6.012320328542095
2015-01-09,288.99,13706489.78496462,3961038482.9569254,2197.0,6.015058179329227
2015-01-10,288.99,13710164.78496462,3962100521.2069254,2198.0,6.017796030116359
2015-01-11,288.99,13714039.78496462,3963220357.4569254,2199.0,6.020533880903491
2015-01-12,288.99,13717589.78496462,3964246271.9569254,2200.0,6.023271731690623
2015-01-13,260.0,13720764.78496462,3567398844.090801,2201.0,6.026009582477755
2015-01-14,120.0,13724389.78496462,1646926774.1957543,2202.0,6.028747433264887
2015-01-15,211.91,13728164.78463702,2909135399.512431,2203.0,6.031485284052019
2015-01-16,199.46,13731639.78463702,2738912871.4437003,2204.0,6.034223134839151
2015-01-17,184.0,13735089.78463702,2527256520.373212,2205.0,6.036960985626283
2015-01-18,184.0,13738914.78463702,2527960320.373212,2206.0,6.039698836413415
2015-01-19,225.51,13742514.78463702,3099074509.0834947,2207.0,6.0424366872005475
2015-01-20,208.0,13745464.78463702,2859056675.2045,2208.0,6.04517453798768
2015-01-21,225.51,13749189.78463701,3100579788.333492,2209.0,6.047912388774812
2015-01-22,231.69,13752564.78463701,3186331734.952549,2210.0,6.050650239561944
2015-01-23,234.26,13755664.78463701,3222402032.4490657,2211.0,6.053388090349076
2015-01-24,247.56,13758814.78463701,3406132188.0847383,2212.0,6.056125941136208
2015-01-25,252.82,13761939.78463701,3479293616.3519287,2213.0,6.05886379192334
2015-01-26,272.26,13765114.78463701,3747690151.265272,2214.0,6.061601642710472
2015-01-27,262.91,13768839.78463701,3619965667.7789164,2215.0,6.064339493497604
2015-01-28,235.14,13772939.78463701,3238569060.959546,2216.0,6.067077344284736
2015-01-29,235.56,13777039.78463701,3245319491.669094,2217.0,6.069815195071868
2015-01-30,230.81,13780489.78463701,3180674847.192068,2218.0,6.072553045859
2015-01-31,228.22,13784639.78463701,3145930491.6498585,2219.0,6.075290896646133
2015-02-01,227.69,13788514.78463701,3139506931.3140006,2220.0,6.078028747433265
2015-02-02,226.88,13792489.78463701,3129240082.3384447,2221.0,6.080766598220397
2015-02-03,228.89,13795664.78463701,3157689712.555565,2222.0,6.083504449007529
2015-02-04,226.46,13799639.78463701,3125066425.628897,2223.0,6.0862422997946615
2015-02-05,217.89,13803614.78463701,3007669625.4245577,2224.0,6.0889801505817935
2015-02-06,223.38,13808039.78463699,3084439927.092211,2225.0,6.091718001368926
2015-02-07,228.93,13812014.78463699,3161984544.646946,2226.0,6.094455852156058
2015-02-08,223.71,13815314.78463699,3090624070.471141,2227.0,6.09719370294319
2015-02-09,221.2,13819339.77463699,3056837958.149702,2228.0,6.099931553730322
2015-02-10,221.22,13822939.77463699,3057910736.9451947,2229.0,6.102669404517454
2015-02-11,219.68,13826889.77463699,3037491145.692254,2230.0,6.105407255304586
2015-02-12,221.74,13829864.77463699,3066634215.128006,2231.0,6.108145106091718
2015-02-13,237.16,13833514.77463699,3280756363.9529085,2232.0,6.11088295687885
2015-02-14,257.18,13837514.77463699,3558732049.741141,2233.0,6.113620807665982
2015-02-15,233.52,13841014.77463699,3232153770.1732297,2234.0,6.116358658453114
2015-02-16,237.29,13844939.77463699,3285265759.123611,2235.0,6.119096509240246
2015-02-17,242.61,13848664.77463699,3359824560.9746804,2236.0,6.121834360027378
2015-02-18,234.91,13852839.77463699,3254170591.4599752,2237.0,6.12457221081451
2015-02-19,242.3,13856989.77430939,3357548622.315165,2238.0,6.1273100616016425
2015-02-20,245.4,13860939.77414559,3401474620.575328,2239.0,6.1300479123887746
2015-02-21,245.69,13864489.77398179,3406366492.569586,2240.0,6.132785763175907
2015-02-22,236.11,13868264.77349039,3274435995.668816,2241.0,6.135523613963039
2015-02-23,239.58,13871814.77349039,3323409383.432828,2242.0,6.138261464750171
2015-02-24,239.97,13875039.77349039,3329593294.444489,2243.0,6.140999315537303
2015-02-25,238.67,13879014.77349039,3312504455.988951,2244.0,6.143737166324435
2015-02-26,237.38,13882764.77349039,3295490701.9311485,2245.0,6.146475017111568
2015-02-27,254.07,13886564.77349039,3528159512.0007033,2246.0,6.1492128678987
2015-02-28,252.29,13890114.77349039,3504337056.2038903,2247.0,6.151950718685832
2015-03-01,257.53,13893614.77168859,3578022612.152962,2248.0,6.154688569472964
2015-03-02,272.95,13897564.77168859,3793340304.4324,2249.0,6.157426420260096
2015-03-03,279.84,13901514.77168859,3890199893.709335,2250.0,6.160164271047228
2015-03-04,270.26,13905014.77168859,3757969292.196558,2251.0,6.16290212183436
2015-03-05,277.88,13908314.77168859,3864842508.7568254,2252.0,6.165639972621492
2015-03-06,272.63,13912014.77168859,3792832587.20546,2253.0,6.168377823408624
2015-03-07,276.38,13915514.77168859,3845969972.5992923,2254.0,6.1711156741957565
2015-03-08,275.83,13919414.77168859,3839392176.4748635,2255.0,6.1738535249828885
2015-03-09,286.77,13923014.77152479,3992702946.030164,2256.0,6.176591375770021
2015-03-10,292.05,13926814.77152479,4067326254.023815,2257.0,6.179329226557153
2015-03-11,295.27,13930664.77152479,4113307387.0881248,2258.0,6.182067077344285
2015-03-12,295.43,13933939.77152479,4116503826.701569,2259.0,6.184804928131417
2015-03-13,287.83,13937589.77152479,4011656463.93798,2260.0,6.187542778918549
2015-03-14,284.39,13940864.77152479,3964642532.373935,2261.0,6.190280629705681
2015-03-15,286.6,13944439.77136099,3996476438.4720597,2262.0,6.193018480492813
2015-03-16,289.54,13947914.77136099,4038479242.8998613,2263.0,6.195756331279945
2015-03-17,285.85,13951114.77136098,3987926157.3935366,2264.0,6.198494182067077
2015-03-18,256.73,13954939.77136098,3582651687.501505,2265.0,6.201232032854209
2015-03-19,262.71,13958364.77136098,3667002009.084243,2266.0,6.203969883641341
2015-03-20,263.19,13961764.77136098,3674596870.174496,2267.0,6.206707734428473
2015-03-21,260.92,13965539.77136098,3643888637.143507,2268.0,6.209445585215605
2015-03-22,268.37,13969089.77136098,3748884621.9401464,2269.0,6.2121834360027375
2015-03-23,266.21,13972714.77136098,3719676399.284006,2270.0,6.2149212867898695
2015-03-24,248.65,13977039.77136098,3475390939.1489077,2271.0,6.217659137577002
2015-03-25,245.63,13981089.77136098,3434175080.5393977,2272.0,6.220396988364135
2015-03-26,251.1,13984789.77136098,3511580711.5887423,2273.0,6.223134839151267
2015-03-27,248.62,13989064.77136098,3477961283.455767,2274.0,6.225872689938399
2015-03-28,251.33,13992764.77136098,3516801569.9861555,2275.0,6.228610540725531
2015-03-29,242.83,13996589.77136098,3398791894.179587,2276.0,6.231348391512663
2015-03-30,248.38,14000139.77136098,3477354716.4106402,2277.0,6.234086242299795
2015-03-31,244.13,14003889.77136098,3418769609.882356,2278.0,6.236824093086927
2015-04-01,245.84,14007189.77136098,3443527533.3913836,2279.0,6.239561943874059
2015-04-02,251.35,14011339.77136098,3521750251.5315824,2280.0,6.242299794661191
2015-04-03,253.65,14014989.77136098,3554902155.5057125,2281.0,6.245037645448323
2015-04-04,253.57,14018814.77136098,3554750861.5740037,2282.0,6.247775496235455
2015-04-05,258.83,14022514.77095148,3629447498.1653714,2283.0,6.250513347022587
2015-04-06,256.83,14025664.77095148,3602211483.1234684,2284.0,6.253251197809719
2015-04-07,254.12,14029464.77095148,3565167587.59419,2285.0,6.2559890485968515
2015-04-08,245.9,14032589.77095148,3450613824.676969,2286.0,6.2587268993839835
2015-04-09,242.93,14035914.77095148,3409744775.307243,2287.0,6.261464750171116
2015-04-10,235.12,14039714.77095148,3301017736.946112,2288.0,6.264202600958248
2015-04-11,237.18,14043214.77095148,3330769679.374272,2289.0,6.26694045174538
2015-04-12,237.13,14046414.77095148,3330826334.6357245,2290.0,6.269678302532512
2015-04-13,224.14,14050314.77095148,3149237552.7610645,2291.0,6.272416153319644
2015-04-14,216.29,14054039.77090148,3039748262.048281,2292.0,6.275154004106776
2015-04-15,221.17,14057089.77090148,3109006544.6302805,2293.0,6.277891854893908
2015-04-16,228.69,14060539.77090148,3215504840.2074594,2294.0,6.28062970568104
2015-04-17,223.5,14063689.77090148,3143234663.796481,2295.0,6.283367556468172
2015-04-18,223.79,14067339.77090148,3148129967.3300424,2296.0,6.286105407255304
2015-04-19,223.68,14070964.77090148,3147393399.955243,2297.0,6.288843258042436
2015-04-20,223.93,14074814.77090148,3151773271.647969,2298.0,6.291581108829569
2015-04-21,234.05,14078639.77090148,3295105638.379492,2299.0,6.294318959616701
2015-04-22,233.57,14082439.77090148,3289235457.2894588,2300.0,6.297056810403833
2015-04-23,234.71,14085689.77090148,3306052246.128287,2301.0,6.299794661190965
2015-04-24,231.52,14088789.77090148,3261836607.759111,2302.0,6.3025325119780975
2015-04-25,226.9,14092864.77090148,3197671016.517546,2303.0,6.30527036276523
2015-04-26,219.37,14096464.77089602,3092341476.79146,2304.0,6.308008213552362
2015-04-27,226.99,14099889.77089602,3200533979.0956874,2305.0,6.310746064339494
2015-04-28,224.43,14103714.77089602,3165296706.0321937,2306.0,6.313483915126626
2015-04-29,226.66,14106889.77089602,3197467635.4712915,2307.0,6.316221765913758
2015-04-30,237.11,14110239.77089602,3345678952.0771556,2308.0,6.31895961670089
2015-05-01,233.92,14113939.77089602,3301532791.207997,2309.0,6.321697467488022
2015-05-02,234.79,14117614.77089602,3314674772.0586762,2310.0,6.324435318275154
2015-05-03,239.83,14121139.77089602,3386672951.2539926,2311.0,6.327173169062286
2015-05-04,237.66,14124339.77089602,3356790589.951148,2312.0,6.329911019849418
2015-05-05,234.79,14128189.77089602,3317157676.3086762,2313.0,6.33264887063655
2015-05-06,229.35,14132214.77089602,3241223457.705002,2314.0,6.335386721423682
2015-05-07,237.24,14135739.77089602,3353562903.2473717,2315.0,6.338124572210814
2015-05-08,244.42,14139489.77089602,3455974089.802405,2316.0,6.3408624229979464
2015-05-09,242.75,14142714.77089602,3433144010.635009,2317.0,6.3436002737850785
2015-05-10,240.11,14145939.77069602,3396581598.3418217,2318.0,6.346338124572211
2015-05-11,241.62,14149889.77069602,3418896366.395572,2319.0,6.349075975359343
2015-05-12,241.99,14153639.77069602,3425039288.11073,2320.0,6.351813826146475
2015-05-13,237.22,14157689.77069602,3358487167.40451,2321.0,6.354551676933607
2015-05-14,237.31,14161539.77069602,3360675002.9838724,2322.0,6.357289527720739
2015-05-15,237.5,14165214.77069602,3364238508.0403047,2323.0,6.360027378507871
2015-05-16,237.03,14168514.77069602,3358363056.098078,2324.0,6.362765229295003
2015-05-17,237.04,14172789.77069602,3359518087.2457843,2325.0,6.365503080082136
2015-05-18,234.03,14176389.77069602,3317700498.0359893,2326.0,6.368240930869268
2015-05-19,232.18,14179639.77069602,3292228761.9602017,2327.0,6.3709787816564
2015-05-20,234.29,14183264.77059602,3322997103.1029415,2328.0,6.373716632443532
2015-05-21,235.08,14187139.77049602,3335112817.2482047,2329.0,6.376454483230664
2015-05-22,239.53,14190589.77049602,3399071967.7269115,2330.0,6.379192334017796
2015-05-23,238.57,14193389.77049602,3386116997.5472355,2331.0,6.381930184804928
2015-05-24,240.26,14197039.77039602,3410980775.2353477,2332.0,6.38466803559206
2015-05-25,236.21,14200564.77039602,3354315404.415244,2333.0,6.3874058863791925
2015-05-26,236.94,14204164.77039602,3365534800.697633,2334.0,6.3901437371663246
2015-05-27,234.91,14207614.77039602,3337510785.713729,2335.0,6.392881587953457
2015-05-28,237.36,14210914.77039602,3373102729.9011993,2336.0,6.395619438740589
2015-05-29,236.81,14214764.76889602,3366198444.9222665,2337.0,6.398357289527721
2015-05-30,232.05,14218164.76889602,3299325134.6223216,2338.0,6.401095140314853
2015-05-31,229.49,14221864.76889602,3263775745.8139477,2339.0,6.403832991101985
2015-06-01,222.67,14225164.76889602,3167517439.0900764,2340.0,6.406570841889117
2015-06-02,225.77,14228914.76889602,3212462087.3736544,2341.0,6.409308692676249
2015-06-03,226.52,14232464.76889602,3223937919.4503264,2342.0,6.412046543463381
2015-06-04,223.98,14235989.76889602,3188576988.4373302,2343.0,6.414784394250513
2015-06-05,224.19,14239439.76884602,3192340001.7775893,2344.0,6.417522245037645
2015-06-06,224.25,14243889.76884602,3194192280.66372,2345.0,6.420260095824777
2015-06-07,223.7,14247614.76884602,3187191423.7908545,2346.0,6.422997946611909
2015-06-08,228.85,14251539.76884602,3261464876.1004114,2347.0,6.425735797399041
2015-06-09,229.21,14255314.76884601,3267460698.1671944,2348.0,6.4284736481861735
2015-06-10,228.91,14259539.768846,3264151248.486538,2349.0,6.431211498973306
2015-06-11,229.19,14262914.76835459,3268917435.759188,2350.0,6.433949349760438
2015-06-12,229.31,14266464.76834858,3271443036.030013,2351.0,6.436687200547571
2015-06-13,231.75,14270439.76834857,3307174416.314781,2352.0,6.439425051334703
2015-06-14,232.05,14274139.76834857,3312314133.245286,2353.0,6.442162902121835
2015-06-15,236.78,14277739.76834857,3380683222.3495746,2354.0,6.444900752908967
2015-06-16,246.88,14280689.76834857,3525616690.0098953,2355.0,6.447638603696099
2015-06-17,247.44,14284639.76802097,3534591264.199109,2356.0,6.450376454483231
2015-06-18,248.98,14288539.76802095,3557560631.441856,2357.0,6.453114305270363
2015-06-19,246.23,14292214.76801545,3519172042.328444,2358.0,6.455852156057495
2015-06-20,245.04,14295564.76801544,3502985190.7545033,2359.0,6.458590006844627
2015-06-21,242.87,14298664.76785584,3472716712.169148,2360.0,6.461327857631759
2015-06-22,248.35,14302489.76763204,3552023333.7914166,2361.0,6.464065708418891
2015-06-23,244.84,14305989.76733197,3502678534.6335597,2362.0,6.466803559206023
2015-06-24,240.12,14309889.76733194,3436090730.9317455,2363.0,6.469541409993155
2015-06-25,242.21,14313689.76733191,3466918798.5454617,2364.0,6.4722792607802875
2015-06-26,242.54,14317539.7673306,3472576095.1683636,2365.0,6.4750171115674195
2015-06-27,250.93,14320764.76733059,3593509503.066265,2366.0,6.477754962354552
2015-06-28,248.79,14324289.76733054,3563740051.214165,2367.0,6.480492813141684
2015-06-29,255.63,14327789.76733051,3662612898.222698,2368.0,6.483230663928816
2015-06-30,263.03,14331414.76733049,3769592026.2509384,2369.0,6.485968514715948
2015-07-01,257.89,14334789.76733042,3696798933.096842,2370.0,6.48870636550308
2015-07-02,254.46,14338639.76701193,3648610275.113856,2371.0,6.491444216290212
2015-07-03,256.61,14342664.7668119,3680471205.8116016,2372.0,6.494182067077344
2015-07-04,259.91,14346464.76681171,3728789657.542032,2373.0,6.496919917864476
2015-07-05,270.01,14350014.76681168,3874647487.1868215,2374.0,6.499657768651608
2015-07-06,272.26,14354539.76680159,3908166996.909401,2375.0,6.50239561943874
2015-07-07,265.89,14357889.76680146,3817619310.09484,2376.0,6.505133470225872
2015-07-08,268.98,14361914.76680146,3863067833.974257,2377.0,6.507871321013004
2015-07-09,269.51,14365239.76680142,3871575769.5506506,2378.0,6.510609171800137
2015-07-10,285.43,14369089.76675142,4101369292.123858,2379.0,6.513347022587269
2015-07-11,292.88,14372789.76669132,4209502666.8685536,2380.0,6.5160848733744015
2015-07-12,309.45,14376164.76669132,4448704187.0526285,2381.0,6.5188227241615335
2015-07-13,291.82,14379864.76669129,4196332136.2158523,2382.0,6.521560574948666
2015-07-14,289.17,14383464.76669119,4159266506.5840917,2383.0,6.524298425735798
2015-07-15,290.69,14387289.76669114,4182241262.2794476,2384.0,6.52703627652293
2015-07-16,277.22,14390639.76669114,3989373156.1221185,2385.0,6.529774127310062
2015-07-17,278.82,14394314.76669114,4013422843.2488236,2386.0,6.532511978097194
2015-07-18,277.9,14398039.76669114,4001215251.163468,2387.0,6.535249828884326
2015-07-19,275.77,14401839.76669103,3971595352.460385,2388.0,6.537987679671458
2015-07-20,278.61,14405739.76669082,4013583156.39773,2389.0,6.54072553045859
2015-07-21,278.64,14408914.76669042,4014900010.5906186,2390.0,6.543463381245722
2015-07-22,276.57,14412764.76669009,3986138351.523478,2391.0,6.546201232032854
2015-07-23,276.23,14416264.76669006,3982204816.5027957,2392.0,6.548939082819986
2015-07-24,288.41,14420489.76667983,4159013453.6081305,2393.0,6.551676933607118
2015-07-25,288.43,14424339.76667982,4160412318.9034605,2394.0,6.55441478439425
2015-07-26,292.02,14427939.76667962,4213246970.6657825,2395.0,6.5571526351813825
2015-07-27,295.2,14431664.76667941,4260227439.1237617,2396.0,6.5598904859685145
2015-07-28,295.28,14435064.76667941,4262385924.3050957,2397.0,6.562628336755647
2015-07-29,291.49,14438864.76665941,4208784690.833552,2398.0,6.565366187542779
2015-07-30,287.97,14442214.76648561,4158924586.304861,2399.0,6.568104038329911
2015-07-31,285.32,14445989.76648561,4121729800.173674,2400.0,6.570841889117043
2015-08-01,282.11,14449864.76648561,4076451349.2732553,2401.0,6.573579739904175
2015-08-02,282.14,14453639.7663218,4077949923.6700325,2402.0,6.576317590691307
2015-08-03,284.26,14457564.7663218,4109707360.474635,2403.0,6.579055441478439
2015-08-04,285.27,14460964.76631634,4125279418.887062,2404.0,6.581793292265571
2015-08-05,282.33,14464289.76614708,4083702929.6763053,2405.0,6.584531143052704
2015-08-06,278.58,14467864.76614708,4030457766.5532537,2406.0,6.587268993839836
2015-08-07,278.91,14471289.76614708,4036187428.6760826,2407.0,6.590006844626968
2015-08-08,268.77,14475314.76614708,3890530349.6973505,2408.0,6.5927446954141
2015-08-09,265.15,14478864.76598323,3839070992.700453,2409.0,6.595482546201232
2015-08-10,263.75,14483039.76598323,3819901738.2780766,2410.0,6.598220396988364
2015-08-11,267.99,14487089.76581943,3882395186.3419495,2411.0,6.6009582477754964
2015-08-12,269.27,14490239.76581943,3901786861.7421975,2412.0,6.6036960985626285
2015-08-13,265.61,14493914.76581943,3849728700.949299,2413.0,6.606433949349761
2015-08-14,266.1,14497464.76581943,3857775374.184551,2414.0,6.609171800136893
2015-08-15,263.26,14500889.76581942,3817504239.74962,2415.0,6.611909650924025
2015-08-16,257.28,14504339.76565562,3731676534.9078774,2416.0,6.614647501711157
2015-08-17,257.17,14508014.76532802,3731026157.199407,2417.0,6.617385352498289
2015-08-18,251.23,14511539.76532802,3645734135.243358,2418.0,6.620123203285421
2015-08-19,226.12,14515439.76532802,3282231239.735972,2419.0,6.622861054072553
2015-08-20,235.04,14519189.76450902,3412590362.2502,2420.0,6.625598904859685
2015-08-21,234.17,14523314.76352622,3400924618.174935,2421.0,6.628336755646817
2015-08-22,231.46,14527264.76352619,3362480702.165772,2422.0,6.631074606433949
2015-08-23,228.72,14530614.76352619,3323442208.7137103,2423.0,6.633812457221081
2015-08-24,251.08,14534489.76352619,3649319689.826156,2424.0,6.636550308008213
2015-08-25,222.13,14537864.76319859,3229295899.849303,2425.0,6.639288158795345
2015-08-26,226.63,14541889.76314126,3295628477.020704,2426.0,6.6420260095824775
2015-08-27,226.59,14545289.76297625,3295817207.3927884,2427.0,6.6447638603696095
2015-08-28,233.38,14549189.76277625,3395489906.836721,2428.0,6.647501711156742
2015-08-29,229.2,14553189.76277625,3335591093.6283164,2429.0,6.650239561943874
2015-08-30,228.46,14556939.76277625,3325678458.203862,2430.0,6.652977412731006
2015-08-31,229.73,14560864.75252711,3345067459.598053,2431.0,6.655715263518139
2015-09-01,227.98,14564714.75232711,3320463669.2355347,2432.0,6.658453114305271
2015-09-02,229.11,14568714.74262711,3337838234.6832976,2433.0,6.661190965092403
2015-09-03,226.75,14572364.74118889,3304283705.0645804,2434.0,6.663928815879535
2015-09-04,231.38,14576264.72948887,3372656133.1091347,2435.0,6.666666666666667
2015-09-05,251.26,14579939.72948887,3663355656.4313736,2436.0,6.669404517453799
2015-09-06,240.52,14583539.72917249,3507632975.6605678,2437.0,6.672142368240931
2015-09-07,240.16,14587339.72875611,3503295509.258067,2438.0,6.674880219028063
2015-09-08,243.26,14590739.72755611,3549343346.125299,2439.0,6.677618069815195
2015-09-09,238.49,14594464.39563973,3480633813.7161193,2440.0,6.680355920602327
2015-09-10,239.71,14598738.98623973,3499463722.3915257,2441.0,6.683093771389459
2015-09-11,240.15,14602687.42113973,3506835384.186706,2442.0,6.685831622176591
2015-09-12,235.63,14606061.28543973,3441626220.6881633,2443.0,6.6885694729637235
2015-09-13,229.09,14609836.21063972,3346967377.495454,2444.0,6.691307323750856
2015-09-14,230.68,14613636.16283971,3371073590.0438647,2445.0,6.694045174537988
2015-09-15,229.26,14617636.16283971,3351239266.6926317,2446.0,6.69678302532512
2015-09-16,228.13,14621186.16283425,3335531199.3273773,2447.0,6.699520876112252
2015-09-17,232.13,14624786.16282879,3394851611.977447,2448.0,6.702258726899384
2015-09-18,233.64,14628461.16282879,3417793666.083318,2449.0,6.704996577686516
2015-09-19,231.42,14631586.16282879,3386041669.8018384,2450.0,6.707734428473648
2015-09-20,229.73,14634786.16262878,3362049425.1407094,2451.0,6.71047227926078
2015-09-21,226.96,14638086.16232232,3322260035.400674,2452.0,6.713210130047912
2015-09-22,229.39,14642011.1621568,3358730940.4871483,2453.0,6.715947980835044
2015-09-23,229.19,14645961.1621568,3356707838.754717,2454.0,6.718685831622176
2015-09-24,234.15,14649461.16214042,3430171331.1151795,2455.0,6.721423682409308
2015-09-25,234.58,14653561.16204042,3437432377.391442,2456.0,6.72416153319644
2015-09-26,234.47,14657236.16199128,3436682162.9020953,2457.0,6.7268993839835725
2015-09-27,232.28,14660961.16199128,3405448058.7073345,2458.0,6.729637234770705
2015-09-28,238.99,14664536.16199128,3504677497.354296,2459.0,6.7323750855578375
2015-09-29,237.28,14668886.16199126,3480633308.517286,2460.0,6.7351129363449695
2015-09-30,237.21,14672586.16139126,3480484163.343621,2461.0,6.737850787132102
2015-10-01,237.58,14676311.16139126,3486798005.7233357,2462.0,6.740588637919234
2015-10-02,237.41,14679761.16139126,3485122097.325899,2463.0,6.743326488706366
2015-10-03,239.71,14683386.16129126,3519754496.7231283,2464.0,6.746064339493498
2015-10-04,239.12,14687211.16128576,3512005932.886651,2465.0,6.74880219028063
2015-10-05,239.92,14691036.16128575,3524673395.815677,2466.0,6.751540041067762
2015-10-06,246.54,14694586.16128556,3622803272.203342,2467.0,6.754277891854894
2015-10-07,243.84,14697911.16128556,3583938657.567871,2468.0,6.757015742642026
2015-10-08,243.17,14701411.16126918,3574942152.0858264,2469.0,6.759753593429158
2015-10-09,245.16,14704561.16126918,3604970214.2967525,2470.0,6.76249144421629
2015-10-10,245.73,14708561.16126918,3614334734.1586757,2471.0,6.765229295003422
2015-10-11,248.55,14712211.16126915,3656720084.1334476,2472.0,6.767967145790554
2015-10-12,245.89,14715761.16126915,3618458511.9444714,2473.0,6.770704996577686
2015-10-13,248.99,14719186.16125274,3664930162.29032,2474.0,6.7734428473648185
2015-10-14,253.43,14722986.1612427,3731246382.8437376,2475.0,6.776180698151951
2015-10-15,254.17,14727136.1612427,3743196198.103057,2476.0,6.778918548939083
2015-10-16,262.39,14730736.15944267,3865197860.876162,2477.0,6.781656399726215
2015-10-17,269.6,14734136.13954267,3972323103.2207046,2478.0,6.784394250513347
2015-10-18,262.73,14737761.13914257,3872051984.0869274,2479.0,6.787132101300479
2015-10-19,263.34,14741886.13564252,3882128294.9601007,2480.0,6.789869952087611
2015-10-20,269.4,14745086.13564243,3972326204.9420705,2481.0,6.792607802874743
2015-10-21,268.93,14748686.13564233,3966364162.4582915,2482.0,6.795345653661875
2015-10-22,275.29,14752386.13564229,4061184379.2809663,2483.0,6.798083504449007
2015-10-23,278.56,14756111.13564225,4110462317.9445047,2484.0,6.80082135523614
2015-10-24,279.32,14759736.13564218,4122689497.4075737,2485.0,6.803559206023272
2015-10-25,287.95,14763611.13564202,4251181826.5081196,2486.0,6.806297056810404
2015-10-26,285.66,14767711.13564171,4218544363.0074115,2487.0,6.809034907597536
2015-10-27,295.31,14771386.13564154,4362138039.716303,2488.0,6.811772758384668
2015-10-28,302.15,14774861.13564121,4464224292.133991,2489.0,6.8145106091718
2015-10-29,313.34,14778636.13544093,4630737846.679061,2490.0,6.8172484599589325
2015-10-30,326.47,14782911.13544081,4826176998.387362,2491.0,6.8199863107460645
2015-10-31,311.21,14786586.13544078,4601733471.210525,2492.0,6.822724161533197
2015-11-01,327.05,14790411.13544076,4837203961.845901,2493.0,6.825462012320329
2015-11-02,363.04,14794236.13544069,5370899486.610389,2494.0,6.828199863107461
2015-11-03,398.91,14798111.13544067,5903114513.038638,2495.0,6.830937713894593
2015-11-04,416.94,14801986.13543059,6171540099.30643,2496.0,6.833675564681725
2015-11-05,406.55,14805636.13542978,6019231370.858977,2497.0,6.836413415468857
2015-11-06,372.32,14809261.13542975,5513784105.943204,2498.0,6.839151266255989
2015-11-07,384.96,14813061.13542967,5702436014.695005,2499.0,6.841889117043121
2015-11-08,383.45,14816536.13541325,5681400781.12421,2500.0,6.844626967830253
2015-11-09,380.29,14820261.13541278,5635997107.186127,2501.0,6.847364818617385
2015-11-10,335.27,14823911.13539571,4970012686.36412,2502.0,6.850102669404517
2015-11-11,312.05,14828111.13537906,4627112079.795035,2503.0,6.852840520191649
2015-11-12,327.7,14832136.1352761,4860491011.529978,2504.0,6.855578370978781
2015-11-13,334.65,14836136.13527581,4964912957.670049,2505.0,6.8583162217659135
2015-11-14,332.75,14839686.1352757,4937905561.512989,2506.0,6.861054072553046
2015-11-15,322.61,14843686.13527471,4788721584.100974,2507.0,6.863791923340178
2015-11-16,331.14,14848011.13527453,4916770407.334807,2508.0,6.86652977412731
2015-11-17,335.27,14851736.1352688,4979341574.07157,2509.0,6.869267624914442
2015-11-18,335.27,14855561.13525778,4980623981.817876,2510.0,6.872005475701574
2015-11-19,327.7,14858961.13525742,4869281564.023856,2511.0,6.874743326488707
2015-11-20,320.86,14863136.13525728,4768985860.358651,2512.0,6.877481177275839
2015-11-21,324.43,14867486.13524075,4823458526.856156,2513.0,6.880219028062971
2015-11-22,323.82,14871786.13524056,4815781786.313599,2514.0,6.882956878850103
2015-11-23,323.83,14875861.13524023,4817250111.424844,2515.0,6.885694729637235
2015-11-24,320.49,14879761.13524011,4768814646.233103,2516.0,6.888432580424367
2015-11-25,327.46,14883461.13523992,4873738183.345664,2517.0,6.891170431211499
2015-11-26,351.16,14887861.13523984,5228021316.250822,2518.0,6.893908281998631
2015-11-27,358.73,14891186.13515748,5341915202.265043,2519.0,6.896646132785763
2015-11-28,355.72,14895036.1349356,5298462253.919292,2520.0,6.899383983572895
2015-11-29,363.56,14898761.1348373,5416593598.181449,2521.0,6.9021218343600275
2015-11-30,376.09,14902811.13483719,5604798239.700918,2522.0,6.9048596851471595
2015-12-01,362.56,14906986.13482619,5404676893.042583,2523.0,6.907597535934292
2015-12-02,359.11,14911011.13482609,5354693208.627398,2524.0,6.910335386721424
2015-12-03,362.07,14914561.13482596,5400115150.086435,2525.0,6.913073237508556
2015-12-04,362.87,14918386.13482583,5413434776.744248,2526.0,6.915811088295688
2015-12-05,384.37,14922761.13479302,5735861697.380393,2527.0,6.91854893908282
2015-12-06,393.1,14926736.13458208,5867699974.504216,2528.0,6.921286789869952
2015-12-07,394.11,14930411.13452084,5884224332.226008,2529.0,6.924024640657084
2015-12-08,397.16,14934786.13404066,5931499660.995588,2530.0,6.926762491444216
2015-12-09,416.72,14938986.1340406,6225374301.777399,2531.0,6.929500342231348
2015-12-10,416.67,14944386.13404054,6226877370.470672,2532.0,6.93223819301848
2015-12-11,450.52,14948386.1339405,6734546921.062874,2533.0,6.934976043805612
2015-12-12,427.65,14952436.13393043,6394409312.675348,2534.0,6.937713894592744
2015-12-13,436.88,14955986.13393037,6533971222.1915,2535.0,6.940451745379876
2015-12-14,441.93,14960861.13393011,6611653360.917733,2536.0,6.9431895961670085
2015-12-15,461.98,14965436.13385339,6913732185.11759,2537.0,6.945927446954141
2015-12-16,456.28,14969511.13382056,6830288540.139645,2538.0,6.9486652977412735
2015-12-17,456.57,14973386.13382042,6836398907.118389,2539.0,6.951403148528406
2015-12-18,461.9,14977611.13382039,6918158582.7116375,2540.0,6.954140999315538
2015-12-19,462.37,14981536.13382033,6927012862.194507,2541.0,6.95687885010267
2015-12-20,441.44,14985661.13376031,6615270250.887152,2542.0,6.959616700889802
2015-12-21,436.62,14989386.13376028,6544665773.722414,2543.0,6.962354551676934
2015-12-22,436.88,14993136.13376016,6550201314.117139,2544.0,6.965092402464066
2015-12-23,441.77,14997061.13375988,6625251697.061102,2545.0,6.967830253251198
2015-12-24,455.5,15000511.13375977,6832732821.427575,2546.0,6.97056810403833
2015-12-25,456.47,15004561.13375975,6849132020.727313,2547.0,6.973305954825462
2015-12-26,417.49,15008836.13375974,6266038997.483355,2548.0,6.976043805612594
2015-12-27,422.24,15013961.13375937,6339494949.118557,2549.0,6.978781656399726
2015-12-28,420.9,15017736.13375936,6320965138.699315,2550.0,6.981519507186858
2015-12-29,430.05,15021711.13375907,6460086873.073089,2551.0,6.98425735797399
2015-12-30,427.1,15025836.13375898,6417534612.728461,2552.0,6.9869952087611225
2015-12-31,431.35,15029386.13375289,6482925708.79431,2553.0,6.9897330595482545
2016-01-01,433.57,15032761.13374194,6517754244.756493,2554.0,6.992470910335387
2016-01-02,432.89,15036386.1337419,6509101193.435531,2555.0,6.995208761122519
2016-01-03,428.86,15040011.13374189,6450059174.816546,2556.0,6.997946611909651
2016-01-04,433.51,15044536.13374178,6521956859.338399,2557.0,7.000684462696783
2016-01-05,432.08,15048461.13374084,6502139086.666742,2558.0,7.003422313483915
2016-01-06,431.7,15051986.13373527,6497942413.933516,2559.0,7.006160164271047
2016-01-07,456.42,15055661.13373498,6871704854.65932,2560.0,7.008898015058179
2016-01-08,452.27,15059986.1337344,6811179928.704057,2561.0,7.011635865845311
2016-01-09,451.89,15063761.13373428,6807163018.723184,2562.0,7.014373716632443
2016-01-10,447.14,15068136.13373425,6737566390.837933,2563.0,7.017111567419575
2016-01-11,447.56,15072386.13373418,6745797138.01407,2564.0,7.019849418206708
2016-01-12,446.97,15076636.13373409,6738804052.695127,2565.0,7.02258726899384
2016-01-13,431.01,15080336.13373393,6499775677.000661,2566.0,7.025325119780972
2016-01-14,431.58,15083661.13373384,6509806472.09685,2567.0,7.028062970568104
2016-01-15,387.93,15086711.13371737,5852587850.102979,2568.0,7.030800821355236
2016-01-16,384.24,15090261.13371732,5798281938.019544,2569.0,7.0335386721423685
2016-01-17,384.59,15094036.13371728,5805015356.666328,2570.0,7.036276522929501
2016-01-18,384.85,15098361.1336572,5810604282.287973,2571.0,7.039014373716633
2016-01-19,380.91,15101686.13365166,5752383265.169254,2572.0,7.041752224503765
2016-01-20,407.74,15105486.13365161,6159110916.135108,2573.0,7.044490075290897
2016-01-21,407.86,15108911.13365142,6162320494.971068,2574.0,7.047227926078029
2016-01-22,380.4,15113311.13364037,5749103555.236796,2575.0,7.049965776865161
2016-01-23,389.25,15117786.13364031,5884598252.51949,2576.0,7.052703627652293
2016-01-24,402.67,15122061.13364026,6089200356.682923,2577.0,7.055441478439425
2016-01-25,393.12,15126111.13364007,5946376808.856585,2578.0,7.058179329226557
2016-01-26,393.07,15130111.13363976,5947192783.299781,2579.0,7.060917180013689
2016-01-27,394.65,15133986.13363768,5972627627.64011,2580.0,7.063655030800821
2016-01-28,382.72,15137636.13363757,5793476101.065771,2581.0,7.066392881587953
2016-01-29,377.63,15141861.13331554,5718021019.773948,2582.0,7.069130732375085
2016-01-30,377.53,15146536.13329498,5718271786.402853,2583.0,7.0718685831622174
2016-01-31,378.77,15151061.13329493,5738767425.45812,2584.0,7.0746064339493495
2016-02-01,372.45,15155086.13329469,5644511830.345607,2585.0,7.077344284736482
2016-02-02,374.35,15159586.13326693,5674991068.988476,2586.0,7.080082135523614
2016-02-03,369.99,15164061.13323563,5610550978.685851,2587.0,7.082819986310746
2016-02-04,387.84,15168261.13323537,5882858397.914006,2588.0,7.085557837097878
2016-02-05,386.16,15172961.13321332,5859190671.201656,2589.0,7.08829568788501
2016-02-06,376.09,15177961.13321325,5708279402.590171,2590.0,7.091033538672143
2016-02-07,376.19,15182361.13321261,5711452434.703252,2591.0,7.093771389459275
2016-02-08,372.79,15186061.13321241,5661211729.850255,2592.0,7.096509240246407
2016-02-09,373.79,15190461.13321212,5678042466.983358,2593.0,7.099247091033539
2016-02-10,380.2,15194561.13321119,5776972142.846894,2594.0,7.101984941820671
2016-02-11,377.53,15199361.13319756,5738214808.616075,2595.0,7.104722792607803
2016-02-12,383.02,15203636.13319726,5823296711.737214,2596.0,7.107460643394935
2016-02-13,388.88,15207536.13319695,5913906651.47763,2597.0,7.110198494182067
2016-02-14,401.7,15211686.13319692,6110534319.705203,2598.0,7.112936344969199
2016-02-15,400.51,15215486.13319655,6093954351.20655,2599.0,7.115674195756331
2016-02-16,406.45,15218936.13319615,6185736591.337575,2600.0,7.1184120465434635
2016-02-17,417.21,15222811.1331793,6351109032.873735,2601.0,7.121149897330596
2016-02-18,420.44,15227036.13317911,6402055071.833825,2602.0,7.123887748117728
2016-02-19,418.98,15230661.13317886,6381342401.579279,2603.0,7.12662559890486
2016-02-20,439.75,15234411.13317828,6699332295.815149,2604.0,7.129363449691992
2016-02-21,436.77,15237611.13317822,6655331414.63825,2605.0,7.132101300479124
2016-02-22,436.96,15240786.13317802,6659613908.753468,2606.0,7.134839151266256
2016-02-23,420.32,15244186.1331774,6407436315.497125,2607.0,7.137577002053388
2016-02-24,422.47,15247136.13317656,6441457602.183102,2608.0,7.14031485284052
2016-02-25,421.99,15251011.13279609,6435774187.928622,2609.0,7.143052703627652
2016-02-26,425.12,15254511.13247588,6484997772.638146,2610.0,7.145790554414784
2016-02-27,431.74,15258186.13247566,6587569280.835041,2611.0,7.148528405201916
2016-02-28,430.36,15261536.13247535,6567954689.972092,2612.0,7.151266255989048
2016-02-29,435.84,15264861.13247488,6653037075.977852,2613.0,7.15400410677618
2016-03-01,433.21,15268386.13247454,6614417556.449295,2614.0,7.156741957563312
2016-03-02,427.5,15272311.13237401,6528913009.089889,2615.0,7.1594798083504445
2016-03-03,421.4,15275686.1323733,6437174136.182108,2616.0,7.162217659137577
2016-03-04,412.0,15279561.11391517,6295179178.93305,2617.0,7.1649555099247095
2016-03-05,401.3,15283311.11391495,6133192750.01407,2618.0,7.167693360711842
2016-03-06,407.04,15287011.11391378,6222425003.807466,2619.0,7.170431211498974
2016-03-07,412.33,15290336.11391328,6304664289.849863,2620.0,7.173169062286106
2016-03-08,412.56,15294186.1139072,6309769423.153554,2621.0,7.175906913073238
2016-03-09,412.69,15298386.11390652,6313490965.348082,2622.0,7.17864476386037
2016-03-10,416.66,15302261.11387588,6375840115.707525,2623.0,7.181382614647502
2016-03-11,418.51,15306261.11387517,6405823338.767897,2624.0,7.184120465434634
2016-03-12,412.05,15309861.11387487,6308428271.97214,2625.0,7.186858316221766
2016-03-13,412.88,15313186.11385472,6322508282.688336,2626.0,7.189596167008898
2016-03-14,413.88,15316986.11385454,6339394212.802117,2627.0,7.19233401779603
2016-03-15,416.86,15321011.11385368,6386716692.921045,2628.0,7.195071868583162
2016-03-16,416.94,15324811.1138526,6389526745.809703,2629.0,7.197809719370294
2016-03-17,418.64,15328336.11359196,6417054630.594138,2630.0,7.200547570157426
2016-03-18,407.56,15331736.11358966,6248602370.454601,2631.0,7.2032854209445585
2016-03-19,407.66,15335136.11357959,6251521588.061856,2632.0,7.2060232717316905
2016-03-20,412.5,15338786.11355934,6327249271.843227,2633.0,7.208761122518823
2016-03-21,412.22,15342261.113559,6324386876.231292,2634.0,7.211498973305955
2016-03-22,417.06,15345961.1135081,6400186541.999688,2635.0,7.214236824093087
2016-03-23,417.57,15349686.11350746,6409568430.417311,2636.0,7.216974674880219
2016-03-24,416.87,15353361.11350703,6400355647.387676,2637.0,7.219712525667351
2016-03-25,417.11,15357011.11350662,6405562905.554747,2638.0,7.222450376454483
2016-03-26,417.17,15360836.11350654,6408080001.471524,2639.0,7.225188227241615
2016-03-27,426.08,15364361.11350649,6546446983.242846,2640.0,7.227926078028747
2016-03-28,422.17,15368611.11103401,6488166552.745228,2641.0,7.230663928815879
2016-03-29,416.17,15372536.11101348,6397588353.32048,2642.0,7.233401779603011
2016-03-30,413.0,15376211.11101256,6350375188.848187,2643.0,7.236139630390143
2016-03-31,416.82,15379311.11101189,6410404457.291976,2644.0,7.238877481177276
2016-04-01,416.94,15383136.11101152,6413844770.125143,2645.0,7.241615331964408
2016-04-02,418.26,15386611.11100266,6435603963.287972,2646.0,7.24435318275154
2016-04-03,417.47,15390161.11100263,6424930559.010268,2647.0,7.2470910335386725
2016-04-04,417.81,15394311.11100255,6431897125.287975,2648.0,7.2498288843258045
2016-04-05,421.69,15398186.11100244,6493261101.148619,2649.0,7.252566735112937
2016-04-06,421.81,15402111.11099218,6496764487.727612,2650.0,7.255304585900069
2016-04-07,421.42,15405586.11093126,6492222098.868652,2651.0,7.258042436687201
2016-04-08,418.45,15409186.11040104,6447973927.897315,2652.0,7.260780287474333
2016-04-09,417.38,15413236.11036093,6433176487.742445,2653.0,7.263518138261465
2016-04-10,421.63,15417561.11036084,6500506290.961441,2654.0,7.266255989048597
2016-04-11,421.91,15421386.11036076,6506437013.822309,2655.0,7.268993839835729
2016-04-12,426.54,15425086.11036026,6579416229.513065,2656.0,7.271731690622861
2016-04-13,425.14,15429186.11036009,6559564182.958488,2657.0,7.274469541409993
2016-04-14,426.01,15433286.10858908,6574734215.120033,2658.0,7.277207392197125
2016-04-15,429.02,15436761.10858875,6622679250.806745,2659.0,7.279945242984257
2016-04-16,431.72,15440211.10858863,6665847939.799884,2660.0,7.282683093771389
2016-04-17,427.04,15444161.10858861,6595274559.81168,2661.0,7.285420944558521
2016-04-18,426.9,15447511.1085881,6594542492.256259,2662.0,7.2881587953456535
2016-04-19,431.88,15451261.10858659,6673090647.576377,2663.0,7.2908966461327855
2016-04-20,441.69,15455386.10854901,6826489490.285012,2664.0,7.293634496919918
2016-04-21,451.54,15459161.10854142,6980429606.950793,2665.0,7.29637234770705
2016-04-22,446.87,15462736.10853684,6909832884.821857,2666.0,7.299110198494182
2016-04-23,450.79,15466336.10853654,6972069654.367187,2667.0,7.301848049281314
2016-04-24,458.93,15469636.10853271,7099480099.288917,2668.0,7.304585900068446
2016-04-25,466.51,15472811.10852985,7218221110.24026,2669.0,7.307323750855578
2016-04-26,467.85,15476586.10768972,7240720810.4826355,2670.0,7.310061601642711
2016-04-27,452.03,15479811.10767344,6997339015.001625,2671.0,7.312799452429843
2016-04-28,447.82,15483186.10767311,6933680402.738173,2672.0,7.315537303216975
2016-04-29,455.54,15487136.10764661,7055009982.477337,2673.0,7.318275154004107
2016-04-30,449.58,15490786.10764657,6964347618.275744,2674.0,7.321013004791239
2016-05-01,452.51,15494661.10763954,7011489097.817968,2675.0,7.323750855578371
2016-05-02,444.69,15498586.10763895,6892066256.205964,2676.0,7.326488706365503
2016-05-03,451.86,15502361.1076386,7004896890.097578,2677.0,7.329226557152635
2016-05-04,446.92,15506536.10568564,6930181116.353026,2678.0,7.3319644079397674
2016-05-05,447.72,15510411.1056852,6944321260.237378,2679.0,7.3347022587268995
2016-05-06,460.0,15514461.10568457,7136652108.614902,2680.0,7.337440109514032
2016-05-07,457.74,15518211.10568454,7103305951.516041,2681.0,7.340177960301164
2016-05-08,457.45,15522411.10568446,7100726960.295356,2682.0,7.342915811088296
2016-05-09,461.95,15526686.10568239,7172552646.5199795,2683.0,7.345653661875428
2016-05-10,452.45,15530636.10568231,7026836306.015961,2684.0,7.34839151266256
2016-05-11,452.52,15533961.10567517,7029428079.540128,2685.0,7.351129363449692
2016-05-12,452.62,15537436.10567268,7032554330.149569,2686.0,7.353867214236824
2016-05-13,457.07,15541236.10567255,7103432786.819752,2687.0,7.356605065023956
2016-05-14,457.22,15544836.10567248,7107409964.235572,2688.0,7.359342915811088
2016-05-15,457.58,15548311.10567242,7114596195.733585,2689.0,7.36208076659822
2016-05-16,456.55,15551836.10567182,7100190774.044469,2690.0,7.364818617385352
2016-05-17,452.92,15555361.10565159,7045334151.971718,2691.0,7.367556468172484
2016-05-18,453.3,15559186.1056484,7052979061.69042,2692.0,7.370294318959616
2016-05-19,442.7,15562186.10542638,6889379788.872258,2693.0,7.3730321697467485
2016-05-20,441.89,15565911.10542637,6878420458.376858,2694.0,7.3757700205338805
2016-05-21,442.32,15569436.10542637,6886672978.152191,2695.0,7.378507871321013
2016-05-22,438.03,15574036.10542637,6821895035.2599125,2696.0,7.381245722108145
2016-05-23,441.93,15578536.1054163,6884622461.066626,2697.0,7.383983572895278
2016-05-24,446.55,15582211.10541627,6958236369.123635,2698.0,7.38672142368241
2016-05-25,447.18,15585661.10541622,6969595933.120026,2699.0,7.389459274469542
2016-05-26,452.79,15589036.10541617,7058559658.171388,2700.0,7.392197125256674
2016-05-27,471.91,15592511.10541607,7358261915.756898,2701.0,7.394934976043806
2016-05-28,523.11,15595836.10541607,8158337825.104201,2702.0,7.397672826830938
2016-05-29,524.2,15599511.10541607,8177263721.459105,2703.0,7.40041067761807
2016-05-30,526.47,15603111.10541601,8214569903.668366,2704.0,7.403148528405202
2016-05-31,527.92,15606286.10541596,8238870560.7711935,2705.0,7.405886379192334
2016-06-01,537.07,15609861.10541291,8383588103.884112,2706.0,7.408624229979466
2016-06-02,536.86,15613311.10518488,8382162199.929554,2707.0,7.411362080766598
2016-06-03,569.75,15616861.10507888,8897706614.618692,2708.0,7.41409993155373
2016-06-04,573.34,15619836.10497886,8955476832.42858,2709.0,7.416837782340862
2016-06-05,574.26,15624086.10497886,8972287686.645159,2710.0,7.4195756331279945
2016-06-06,582.87,15628336.10497868,9109288265.508924,2711.0,7.422313483915127
2016-06-07,575.63,15631836.10491857,8998153817.074276,2712.0,7.425051334702259
2016-06-08,581.48,15635436.10491854,9091693386.288033,2713.0,7.427789185489391
2016-06-09,575.43,15639561.10476847,8999472646.51692,2714.0,7.430527036276523
2016-06-10,576.69,15643161.1047584,9021254577.503122,2715.0,7.433264887063655
2016-06-11,584.79,15647061.1047584,9150244863.451664,2716.0,7.436002737850787
2016-06-12,670.21,15650711.10475839,10489263089.52012,2717.0,7.438740588637919
2016-06-13,699.02,15654736.10475837,10942973631.948196,2718.0,7.441478439425051
2016-06-14,685.77,15658036.10475831,10737811419.560106,2719.0,7.444216290212183
2016-06-15,691.4,15661836.10475819,10828593482.829813,2720.0,7.446954140999315
2016-06-16,766.99,15665561.10475409,12015328711.73534,2721.0,7.449691991786447
2016-06-17,746.5,15669286.10475401,11697122077.198868,2722.0,7.452429842573579
2016-06-18,751.92,15673236.10475401,11785019691.886635,2723.0,7.455167693360712
2016-06-19,761.84,15677661.10475399,11943869336.04578,2724.0,7.457905544147844
2016-06-20,735.43,15681761.10475398,11532837569.269218,2725.0,7.460643394934976
2016-06-21,666.28,15685486.10475393,10450925681.875448,2726.0,7.4633812457221085
2016-06-22,623.07,15688711.10475389,9775165228.039007,2727.0,7.4661190965092405
2016-06-23,622.68,15692211.10475383,9771226010.708115,2728.0,7.468856947296373
2016-06-24,657.46,15695436.1047538,10319121421.431435,2729.0,7.471594798083505
2016-06-25,661.34,15699486.10475379,10382698140.517872,2730.0,7.474332648870637
2016-06-26,624.8,15703136.10474378,9811319438.243914,2731.0,7.477070499657769
2016-06-27,646.31,15706811.10474376,10151469085.10694,2732.0,7.479808350444901
2016-06-28,646.03,15710511.10474373,10149461488.997591,2733.0,7.482546201232033
2016-06-29,633.44,15714161.10474368,9953978210.188837,2734.0,7.485284052019165
2016-06-30,668.43,15717911.10474153,10506323319.74238,2735.0,7.488021902806297
2016-07-01,676.17,15721786.10474151,10630600110.443066,2736.0,7.490759753593429
2016-07-02,699.82,15725511.10474144,11005027181.320154,2737.0,7.493497604380561
2016-07-03,662.47,15729361.10474144,10420229851.058062,2738.0,7.496235455167693
2016-07-04,675.36,15733136.10474141,10625530799.698158,2739.0,7.498973305954825
2016-07-05,669.08,15736761.10474131,10529152119.960318,2740.0,7.501711156741957
2016-07-06,675.73,15740261.10474131,10636166636.306847,2741.0,7.5044490075290895
2016-07-07,638.38,15743686.10474124,10050454335.544712,2742.0,7.507186858316222
2016-07-08,661.36,15747311.10474122,10414641672.231653,2743.0,7.509924709103354
2016-07-09,652.67,15750436.10474103,10279837132.481327,2744.0,7.512662559890486
2016-07-10,646.58,15752386.10474103,10185177807.603455,2745.0,7.515400410677618
2016-07-11,647.23,15754173.60474101,10196573782.196526,2746.0,7.51813826146475
2016-07-12,668.97,15755961.10474093,10540265300.23854,2747.0,7.520876112251882
2016-07-13,662.01,15757573.60473786,10431671302.07251,2748.0,7.523613963039014
2016-07-14,661.7,15759336.10473785,10427952700.505035,2749.0,7.526351813826146
2016-07-15,667.78,15761023.60473783,10524896342.771828,2750.0,7.529089664613279
2016-07-16,663.07,15762986.10473783,10451963196.468513,2751.0,7.531827515400411
2016-07-17,675.92,15764848.60473783,10655776468.914392,2752.0,7.534565366187543
2016-07-18,674.6,15766698.60473576,10636214878.754744,2753.0,7.537303216974675
2016-07-19,670.7,15768298.60473572,10575797874.196249,2754.0,7.540041067761807
2016-07-20,668.2,15770173.60473565,10537630002.684362,2755.0,7.542778918548939
2016-07-21,666.58,15771836.10473559,10513190510.69465,2756.0,7.545516769336071
2016-07-22,653.51,15773448.60473554,10308106397.680723,2757.0,7.5482546201232035
2016-07-23,654.02,15775086.10473554,10317221814.219137,2758.0,7.5509924709103355
2016-07-24,662.33,15776636.10473553,10449339391.249485,2759.0,7.553730321697468
2016-07-25,654.25,15778273.60473552,10322935505.898214,2760.0,7.5564681724846
2016-07-26,653.75,15779886.1047354,10316100540.970768,2761.0,7.559206023271732
2016-07-27,654.2,15781486.1047354,10324248209.7179,2762.0,7.561943874058864
2016-07-28,653.96,15783186.10473536,10321572385.052736,2763.0,7.564681724845996
2016-07-29,656.2,15785023.60473531,10358132489.42731,2764.0,7.567419575633128
2016-07-30,653.8,15786511.10473531,10321220960.275944,2765.0,7.57015742642026
2016-07-31,630.61,15788436.10473531,9956345692.007133,2766.0,7.572895277207392
2016-08-01,614.17,15790348.6047353,9697958402.570278,2767.0,7.575633127994524
2016-08-02,556.94,15792273.6047343,8795348861.420721,2768.0,7.578370978781656
2016-08-03,567.98,15794348.60473128,8970874120.515272,2769.0,7.581108829568788
2016-08-04,575.12,15796261.10472027,9084745686.546722,2770.0,7.58384668035592
2016-08-05,575.61,15798373.60472011,9093701830.612944,2771.0,7.586584531143052
2016-08-06,588.26,15800448.60472011,9294771896.212652,2772.0,7.5893223819301845
2016-08-07,593.62,15802298.60472011,9380560497.733952,2773.0,7.592060232717317
2016-08-08,589.88,15804148.60472,9322551178.952234,2774.0,7.594798083504449
2016-08-09,586.93,15805698.6047177,9276838682.06696,2775.0,7.597535934291581
2016-08-10,595.52,15807586.10471745,9413733677.081335,2776.0,7.600273785078714
2016-08-11,589.3,15809461.10471729,9316515429.0099,2777.0,7.603011635865846
2016-08-12,588.04,15811323.60471726,9297690732.517937,2778.0,7.605749486652978
2016-08-13,584.29,15813361.10471723,9239588759.87523,2779.0,7.60848733744011
2016-08-14,568.88,15815398.60471723,8997063958.251537,2780.0,7.611225188227242
2016-08-15,566.99,15817223.6047172,8968207611.638605,2781.0,7.613963039014374
2016-08-16,576.85,15818911.1047172,9125138870.756117,2782.0,7.616700889801506
2016-08-17,569.65,15820448.60471718,9012118547.677141,2783.0,7.619438740588638
2016-08-18,573.37,15822373.60471717,9072074353.736685,2784.0,7.62217659137577
2016-08-19,574.2,15824298.60471714,9086312258.828583,2785.0,7.624914442162902
2016-08-20,577.73,15826236.10471611,9143291384.777637,2786.0,7.627652292950034
2016-08-21,577.2,15828273.60471611,9136079524.64214,2787.0,7.630390143737166
2016-08-22,583.01,15830248.60441064,9229193238.857447,2788.0,7.6331279945242985
2016-08-23,582.62,15832086.10441063,9224090006.151722,2789.0,7.6358658453114305
2016-08-24,576.32,15833986.10441062,9125442871.69393,2790.0,7.638603696098563
2016-08-25,575.7,15835611.10429061,9116561312.740105,2791.0,7.641341546885695
2016-08-26,576.75,15837261.10429061,9134140341.899609,2792.0,7.644079397672827
2016-08-27,569.51,15839061.10429061,9020503689.504545,2793.0,7.646817248459959
2016-08-28,570.4,15840961.10429059,9035684213.887352,2794.0,7.649555099247091
2016-08-29,574.78,15842823.60429051,9106138151.2741,2795.0,7.652292950034223
2016-08-30,575.77,15844873.60429048,9123002875.14233,2796.0,7.655030800821355
2016-08-31,570.42,15846548.60429039,9039188254.859324,2797.0,7.657768651608487
2016-09-01,569.72,15848298.60429038,9029092680.836315,2798.0,7.660506502395619
2016-09-02,570.38,15850211.10429024,9040643409.665068,2799.0,7.663244353182751
2016-09-03,596.25,15851786.10429024,9451627464.683056,2800.0,7.665982203969883
2016-09-04,602.82,15854023.60429024,9557122509.138243,2801.0,7.668720054757015
2016-09-05,603.94,15855773.60429023,9575935910.575043,2802.0,7.671457905544147
2016-09-06,609.11,15857473.60429014,9658945747.109167,2803.0,7.67419575633128
2016-09-07,615.57,15859373.60428909,9762554609.592236,2804.0,7.676933607118412
2016-09-08,623.86,15861173.60428901,9895151764.771742,2805.0,7.6796714579055445
2016-09-09,623.67,15862948.6042889,9893245156.036858,2806.0,7.682409308692677
2016-09-10,624.16,15864886.1042889,9902227310.852959,2807.0,7.685147159479809
2016-09-11,602.82,15866936.10428889,9564906422.387428,2808.0,7.687885010266941
2016-09-12,607.28,15868973.60428784,9636910290.411919,2809.0,7.690622861054073
2016-09-13,609.21,15871036.10428572,9668793905.091904,2810.0,7.693360711841205
2016-09-14,609.76,15872986.10428549,9678712006.94912,2811.0,7.696098562628337
2016-09-15,607.19,15874911.10428497,9639087273.410791,2812.0,7.698836413415469
2016-09-16,608.39,15876648.60428491,9659194244.360897,2813.0,7.701574264202601
2016-09-17,603.6,15878686.10413484,9584374932.45579,2814.0,7.704312114989733
2016-09-18,609.36,15880498.60413482,9676940629.415594,2815.0,7.707049965776865
2016-09-19,609.33,15882161.10403371,9677477225.52086,2816.0,7.709787816563997
2016-09-20,609.64,15884048.60403367,9683551390.963085,2817.0,7.712525667351129
2016-09-21,595.8,15886123.60403355,9464952443.283188,2818.0,7.715263518138261
2016-09-22,595.89,15887886.10403349,9467432450.532516,2819.0,7.7180013689253935
2016-09-23,602.49,15889586.10402794,9573316731.815794,2820.0,7.7207392197125255
2016-09-24,602.64,15891661.10402793,9576950647.731392,2821.0,7.723477070499658
2016-09-25,597.98,15893973.60402793,9504278335.736622,2822.0,7.72621492128679
2016-09-26,603.46,15895886.1040279,9592531428.336678,2823.0,7.728952772073922
2016-09-27,602.75,15897973.60402783,9582503589.827774,2824.0,7.731690622861054
2016-09-28,603.03,15899823.60392779,9588070627.876574,2825.0,7.734428473648186
2016-09-29,603.5,15901611.10392776,9596622301.220404,2826.0,7.737166324435318
2016-09-30,604.83,15903386.10392773,9618845017.23861,2827.0,7.73990417522245
2016-10-01,611.13,15905348.60392773,9720235692.318354,2828.0,7.742642026009582
2016-10-02,608.85,15907111.10392773,9685044595.626398,2829.0,7.745379876796714
2016-10-03,610.11,15908998.60392764,9706239138.242292,2830.0,7.748117727583847
2016-10-04,608.97,15910973.60392757,9689305595.583773,2831.0,7.750855578370979
2016-10-05,609.99,15913061.1039275,9706808142.784737,2832.0,7.753593429158111
2016-10-06,610.02,15915073.60392743,9708513199.867811,2833.0,7.756331279945243
2016-10-07,616.43,15916861.10392732,9811630690.293917,2834.0,7.759069130732375
2016-10-08,617.68,15918973.6039273,9832831615.673813,2835.0,7.761806981519507
2016-10-09,613.83,15920973.60392728,9772771227.298683,2836.0,7.7645448323066395
2016-10-10,617.56,15922523.60392695,9833113676.841125,2837.0,7.767282683093772
2016-10-11,638.29,15924261.10392684,10164296620.025461,2838.0,7.770020533880904
2016-10-12,636.4,15926061.10391672,10135345286.5326,2839.0,7.772758384668036
2016-10-13,636.48,15927661.10391644,10137637739.420736,2840.0,7.775496235455168
2016-10-14,638.48,15929361.10391639,10170578477.628536,2841.0,7.7782340862423
2016-10-15,638.71,15931136.10391639,10175375940.932438,2842.0,7.780971937029432
2016-10-16,639.16,15932761.10391639,10183583587.1792,2843.0,7.783709787816564
2016-10-17,638.31,15934323.60391538,10171038099.615225,2844.0,7.786447638603696
2016-10-18,636.02,15936261.10390499,10135780787.305653,2845.0,7.789185489390828
2016-10-19,625.45,15937823.60389491,9968311773.056072,2846.0,7.79192334017796
2016-10-20,626.85,15939498.60386459,9991674699.832518,2847.0,7.794661190965092
2016-10-21,630.76,15941548.60385451,10055291197.36727,2848.0,7.797399041752224
2016-10-22,652.92,15943411.10385451,10409771977.928686,2849.0,7.800136892539356
2016-10-23,651.2,15945211.10383451,10383521470.817034,2850.0,7.8028747433264884
2016-10-24,647.59,15946998.60377447,10327116825.81831,2851.0,7.8056125941136205
2016-10-25,654.57,15948736.10341442,10439564191.211977,2852.0,7.808350444900753
2016-10-26,669.9,15950461.10341442,10685213893.17732,2853.0,7.811088295687885
2016-10-27,680.48,15952486.10334332,10855347743.603062,2854.0,7.813826146475017
2016-10-28,684.99,15954386.10334313,10928594936.92901,2855.0,7.816563997262149
2016-10-29,714.35,15956248.6033431,11398346189.798143,2856.0,7.819301848049282
2016-10-30,698.44,15958348.60334308,11145948998.518942,2857.0,7.822039698836414
2016-10-31,700.51,15960186.10326279,11180269967.196617,2858.0,7.824777549623546
2016-11-01,724.21,15961986.10321279,11559829955.807735,2859.0,7.827515400410678
2016-11-02,729.61,15963648.60321259,11647237657.389938,2860.0,7.83025325119781
2016-11-03,686.31,15965586.10320243,10957341398.48886,2861.0,7.832991101984942
2016-11-04,698.16,15967036.10319222,11147545925.80468,2862.0,7.835728952772074
2016-11-05,701.32,15968873.60319218,11199290435.390741,2863.0,7.838466803559206
2016-11-06,709.14,15970786.10319216,11325523257.217688,2864.0,7.841204654346338
2016-11-07,707.83,15972611.10319171,11305893317.172188,2865.0,7.84394250513347
2016-11-08,708.75,15974723.60318125,11322085353.754711,2866.0,7.846680355920602
2016-11-09,718.47,15976561.10318101,11478679855.802462,2867.0,7.8494182067077345
2016-11-10,711.55,15978661.10318049,11369616307.968077,2868.0,7.852156057494867
2016-11-11,716.47,15980698.60317047,11449691128.213547,2869.0,7.854893908281999
2016-11-12,702.01,15982798.60317045,11220084447.411688,2870.0,7.857631759069131
2016-11-13,700.14,15984573.60317045,11191439362.52376,2871.0,7.860369609856263
2016-11-14,706.9,15986723.60317038,11301014915.08114,2872.0,7.863107460643395
2016-11-15,711.75,15988673.60316028,11379938437.04933,2873.0,7.865845311430527
2016-11-16,738.44,15990811.10305011,11808254550.936325,2874.0,7.868583162217659
2016-11-17,740.06,15992798.60288997,11835630534.05475,2875.0,7.871321013004791
2016-11-18,745.63,15994648.60275978,11926089837.675776,2876.0,7.874058863791923
2016-11-19,750.32,15996423.60264975,12002436557.540161,2877.0,7.876796714579055
2016-11-20,724.49,15998023.60261974,11590408119.861975,2878.0,7.879534565366187
2016-11-21,734.86,15999761.10261964,11757584443.871069,2879.0,7.882272416153319
2016-11-22,749.21,16001436.10261964,11988435942.44366,2880.0,7.885010266940451
2016-11-23,741.15,16003273.60261958,11860826230.581503,2881.0,7.887748117727583
2016-11-24,733.86,16005298.60260949,11745648432.511,2882.0,7.8904859685147155
2016-11-25,734.02,16007198.60260938,11749603918.287336,2883.0,7.8932238193018485
2016-11-26,732.28,16009111.10260934,11723151878.218767,2884.0,7.8959616700889805
2016-11-27,732.08,16010911.10246933,11721267799.895748,2885.0,7.898699520876113
2016-11-28,732.39,16012961.10242917,11727732581.8081,2886.0,7.901437371663245
2016-11-29,733.14,16014823.60237892,11741107775.848082,2887.0,7.904175222450377
2016-11-30,741.88,16016598.60234863,11882394171.110401,2888.0,7.906913073237509
2016-12-01,751.41,16018423.60227622,12036403678.986374,2889.0,7.909650924024641
2016-12-02,768.07,16020211.10227622,12304643541.325298,2890.0,7.912388774811773
2016-12-03,762.05,16022361.10220592,12209840277.93602,2891.0,7.915126625598905
2016-12-04,760.4,16024211.10212792,12184810122.058071,2892.0,7.917864476386037
2016-12-05,751.42,16026111.10206787,12042340404.315838,2893.0,7.920602327173169
2016-12-06,757.94,16027986.10206779,12148251786.201262,2894.0,7.923340177960301
2016-12-07,766.9,16030161.10197774,12293530549.106728,2895.0,7.926078028747433
2016-12-08,767.73,16032123.60190764,12308342252.892553,2896.0,7.928815879534565
2016-12-09,768.11,16033811.10187762,12315730645.463219,2897.0,7.931553730321697
2016-12-10,771.39,16035461.10180759,12369594339.323357,2898.0,7.9342915811088295
2016-12-11,767.86,16037798.60161758,12314784034.238075,2899.0,7.9370294318959616
2016-12-12,776.21,16039748.60156203,12450213262.018465,2900.0,7.939767282683094
2016-12-13,776.67,16041973.6014919,12459319637.070713,2901.0,7.942505133470226
2016-12-14,776.07,16043711.10144439,12451042874.497948,2902.0,7.945242984257358
2016-12-15,776.07,16045298.60144435,12452274885.622917,2903.0,7.94798083504449
2016-12-16,777.32,16046961.10144429,12473623803.374676,2904.0,7.950718685831622
2016-12-17,786.31,16048761.10144428,12619301341.676651,2905.0,7.953456536618754
2016-12-18,786.3,16050523.60143428,12620526707.807774,2906.0,7.956194387405886
2016-12-19,788.21,16052411.10135417,12652670954.198372,2907.0,7.958932238193018
2016-12-20,793.71,16054136.1013341,12742328364.98989,2908.0,7.96167008898015
2016-12-21,824.18,16056123.60133407,13233135949.747513,2909.0,7.964407939767283
2016-12-22,861.3,16058111.101304,13830851091.553135,2910.0,7.967145790554415
2016-12-23,910.5,16060011.10127399,14622640107.709967,2911.0,7.969883641341547
2016-12-24,892.34,16061723.60122397,14332518438.316198,2912.0,7.972621492128679
2016-12-25,890.64,16063786.10107397,14307050453.06052,2913.0,7.975359342915811
2016-12-26,900.59,16065561.10098396,14468483671.935146,2914.0,7.9780971937029435
2016-12-27,932.09,16067511.10091394,14976366422.050875,2915.0,7.9808350444900755
2016-12-28,967.66,16069561.1008239,15549871494.823254,2916.0,7.983572895277208
2016-12-29,965.91,16071436.10077382,15523560844.09844,2917.0,7.98631074606434
2016-12-30,955.75,16073398.60070381,15362150712.622665,2918.0,7.989048596851472
2016-12-31,964.67,16075248.60058381,15507310067.525185,2919.0,7.991786447638604
2017-01-01,999.19,16077198.60040376,16064176069.537434,2920.0,7.994524298425736
2017-01-02,1012.57,16079186.10039371,16281301469.675661,2921.0,7.997262149212868
2017-01-03,1024.43,16081236.10035364,16474100698.28528,2922.0,8.0
2017-01-04,1114.83,16083148.60035356,17929976554.132156,2923.0,8.002737850787133
2017-01-05,968.28,16084898.60035317,15574685616.749968,2924.0,8.005475701574264
2017-01-06,890.44,16086911.1003527,14324429120.19806,2925.0,8.008213552361397
2017-01-07,895.0,16088636.10031232,14399329309.779528,2926.0,8.010951403148528
2017-01-08,910.36,16090723.60019194,14648351136.670734,2927.0,8.013689253935661
2017-01-09,893.56,16092423.60014191,14379546032.142805,2928.0,8.016427104722792
2017-01-10,904.97,16094423.60014187,14564970525.42039,2929.0,8.019164955509925
2017-01-11,787.57,16096336.10011181,12676991422.365059,2930.0,8.021902806297057
2017-01-12,816.12,16098486.09995176,13138296475.892632,2931.0,8.02464065708419
2017-01-13,824.53,16100361.09976171,13275230737.586521,2932.0,8.02737850787132
2017-01-14,825.0,16102511.09962168,13284571657.187885,2933.0,8.030116358658454
2017-01-15,816.15,16104598.59960157,13143768147.064821,2934.0,8.032854209445585
2017-01-16,831.48,16106711.09950151,13392408145.013515,2935.0,8.035592060232718
2017-01-17,902.28,16108686.09940031,14534545293.76691,2936.0,8.038329911019849
2017-01-18,872.1,16110561.09934002,14050020334.734432,2937.0,8.041067761806982
2017-01-19,902.14,16112736.09919661,14535943744.529228,2938.0,8.043805612594113
2017-01-20,894.48,16115098.59904648,14414633394.875095,2939.0,8.046543463381246
2017-01-21,922.6,16117361.09895642,14869877349.897192,2940.0,8.049281314168377
2017-01-22,920.12,16119536.09895609,14831907555.371477,2941.0,8.05201916495551
2017-01-23,921.77,16121261.098956,14860094843.184671,2942.0,8.054757015742641
2017-01-24,902.73,16123123.59895584,14554827366.485405,2943.0,8.057494866529774
2017-01-25,892.15,16124986.09893561,14385906348.165403,2944.0,8.060232717316905
2017-01-26,912.38,16126923.59884539,14713882553.114557,2945.0,8.062970568104038
2017-01-27,920.91,16129048.598835,14853402145.15314,2946.0,8.06570841889117
2017-01-28,914.28,16130948.59882497,14748203684.933693,2947.0,8.068446269678303
2017-01-29,912.49,16133036.09882495,14721234109.816778,2948.0,8.071184120465434
2017-01-30,920.01,16134836.09882487,14844210559.27987,2949.0,8.073921971252567
2017-01-31,956.84,16136648.59882471,15440190845.299437,2950.0,8.0766598220397
2017-02-01,976.83,16139048.59878458,15765106842.750742,2951.0,8.07939767282683
2017-02-02,1002.42,16141011.0987845,16180072345.643559,2952.0,8.082135523613964
2017-02-03,1011.49,16142873.59878438,16328355216.434412,2953.0,8.084873374401095
2017-02-04,1032.07,16144673.59878436,16662433281.097372,2954.0,8.087611225188228
2017-02-05,1011.26,16146661.09878433,16328472502.756641,2955.0,8.09034907597536
2017-02-06,1023.1,16148223.59878432,16521247563.916239,2956.0,8.093086926762492
2017-02-07,1047.5,16150111.09878425,16917241375.976501,2957.0,8.095824777549623
2017-02-08,1056.99,16151936.0987822,17072434937.051798,2958.0,8.098562628336756
2017-02-09,976.48,16154048.5987711,15774105375.728004,2959.0,8.101300479123887
2017-02-10,997.6,16155886.09873996,16117111972.102983,2960.0,8.10403832991102
2017-02-11,1012.21,16157623.59873994,16354908182.880556,2961.0,8.106776180698152
2017-02-12,1000.89,16159373.59873789,16173755441.240767,2962.0,8.109514031485284
2017-02-13,1000.01,16161411.09868583,16161572712.796818,2963.0,8.112251882272416
2017-02-14,1010.87,16163523.59868578,16339221100.203495,2964.0,8.114989733059549
2017-02-15,1011.74,16165261.09868566,16355041263.98423,2965.0,8.11772758384668
2017-02-16,1034.57,16167148.59868552,16726046925.742077,2966.0,8.120465434633813
2017-02-17,1058.42,16169036.09868544,17113631187.570644,2967.0,8.123203285420944
2017-02-18,1059.85,16170923.59868541,17138753376.06673,2968.0,8.125941136208077
2017-02-19,1048.6,16172598.59868541,16958586890.58152,2969.0,8.128678986995208
2017-02-20,1060.36,16174448.59868534,17150738316.101984,2970.0,8.131416837782341
2017-02-21,1111.73,16176173.59868523,17983537474.86633,2971.0,8.134154688569472
2017-02-22,1134.05,16177898.59868515,18346545905.838894,2972.0,8.136892539356605
2017-02-23,1111.15,16179773.5986851,17978155434.17895,2973.0,8.139630390143736
2017-02-24,1178.17,16181811.09868503,19064924382.13774,2974.0,8.14236824093087
2017-02-25,1149.04,16183898.59866502,18595946845.810055,2975.0,8.145106091718
2017-02-26,1175.39,16186123.59866499,19025007816.634846,2976.0,8.147843942505133
2017-02-27,1188.38,16187923.59866491,19237404646.181408,2977.0,8.150581793292266
2017-02-28,1190.28,16189836.09866475,19270438111.518677,2978.0,8.153319644079398
2017-03-01,1218.62,16191636.09866461,19731451582.554665,2979.0,8.15605749486653
2017-03-02,1256.68,16193598.59866456,20350171486.96978,2980.0,8.158795345653662
2017-03-03,1277.48,16195486.09866437,20689409581.32176,2981.0,8.161533196440795
2017-03-04,1258.85,16197136.09866431,20389764777.803566,2982.0,8.164271047227926
2017-03-05,1265.8,16198973.59866426,20504660781.18922,2983.0,8.167008898015059
2017-03-06,1274.1,16200748.59866417,20641373789.558018,2984.0,8.16974674880219
2017-03-07,1242.99,16202661.09866404,20139745719.028416,2985.0,8.172484599589323
2017-03-08,1163.6,16204436.09866386,18855481844.405266,2986.0,8.175222450376454
2017-03-09,1197.85,16206286.09860357,19412699803.212284,2987.0,8.177960301163587
2017-03-10,1247.29,16208236.09860345,20216370803.427097,2988.0,8.180698151950718
2017-03-11,1174.42,16210098.59860343,19037463996.17184,2989.0,8.183436002737851
2017-03-12,1228.29,16212036.09860342,19913081819.553593,2990.0,8.186173853524982
2017-03-13,1243.07,16213848.59854876,20154948777.398006,2991.0,8.188911704312115
2017-03-14,1245.34,16215798.59854864,20194182626.71656,2992.0,8.191649555099247
2017-03-15,1248.11,16217573.59854854,20241315784.08442,2993.0,8.19438740588638
2017-03-16,1175.58,16219486.0984084,19067303467.566944,2994.0,8.19712525667351
2017-03-17,1106.99,16221411.09840831,17956939871.827015,2995.0,8.199863107460644
2017-03-18,963.61,16223373.59840688,15633005033.160852,2996.0,8.202600958247775
2017-03-19,1034.24,16225436.09840686,16780995030.416311,2997.0,8.205338809034908
2017-03-20,1041.32,16227136.09840683,16897641361.993,2998.0,8.208076659822039
2017-03-21,1108.94,16228911.09840678,17996888673.467216,2999.0,8.210814510609172
2017-03-22,1012.73,16230898.59840667,16437517937.564388,3000.0,8.213552361396303
2017-03-23,1029.29,16232748.59840639,16708205804.853712,3001.0,8.216290212183436
2017-03-24,936.11,16234948.59840637,15197697732.454187,3002.0,8.219028062970569
2017-03-25,949.85,16236611.09840636,15422345051.821281,3003.0,8.2217659137577
2017-03-26,956.83,16238686.09840634,15537662019.53814,3004.0,8.224503764544833
2017-03-27,1025.99,16240336.09840625,16662422433.603828,3005.0,8.227241615331964
2017-03-28,1038.76,16242273.59840615,16871824123.080372,3006.0,8.229979466119097
2017-03-29,1035.87,16243998.59840603,16826670828.130852,3007.0,8.232717316906228
2017-03-30,1026.94,16246048.59840588,16683717147.646936,3008.0,8.235455167693361
2017-03-31,1071.7,16247736.09840576,17412698776.661453,3009.0,8.238193018480493
2017-04-01,1072.62,16249386.09840573,17429416516.871952,3010.0,8.240930869267626
2017-04-02,1085.59,16251361.09840571,17642315094.818253,3011.0,8.243668720054757
2017-04-03,1146.87,16253561.09827566,18640721616.779404,3012.0,8.24640657084189
2017-04-04,1134.9,16255123.59827559,18447939771.68297,3013.0,8.24914442162902
2017-04-05,1124.82,16257148.59827556,18286365886.312317,3014.0,8.251882272416154
2017-04-06,1189.27,16258986.0982755,19336324397.096104,3015.0,8.254620123203285
2017-04-07,1189.16,16261011.09827543,19336943957.625214,3016.0,8.257357973990418
2017-04-08,1177.36,16262723.59827542,19147080255.665546,3017.0,8.260095824777549
2017-04-09,1210.71,16264711.09827541,19691848373.793022,3018.0,8.262833675564682
2017-04-10,1204.06,16266548.59827534,19585900505.239403,3019.0,8.265571526351813
2017-04-11,1220.23,16268636.09801882,19851477825.885506,3020.0,8.268309377138946
2017-04-12,1216.37,16270411.09800867,19790839947.284805,3021.0,8.271047227926077
2017-04-13,1173.46,16271998.59800859,19094539474.81916,3022.0,8.27378507871321
2017-04-14,1176.03,16273736.09800848,19138401863.34091,3023.0,8.276522929500342
2017-04-15,1178.12,16275611.09776844,19174622946.502953,3024.0,8.279260780287474
2017-04-16,1175.03,16277436.09776841,19126475737.96081,3025.0,8.281998631074606
2017-04-17,1183.66,16279161.09776834,19268991824.984474,3026.0,8.284736481861739
2017-04-18,1202.73,16280986.09776821,19581630409.36876,3027.0,8.28747433264887
2017-04-19,1202.67,16282773.59776807,19582803322.827724,3028.0,8.290212183436003
2017-04-20,1230.89,16284498.59776791,20044426479.006546,3029.0,8.292950034223136
2017-04-21,1244.64,16286586.09776784,20270936520.725765,3030.0,8.295687885010267
2017-04-22,1244.06,16288398.59776778,20263745159.538982,3031.0,8.2984257357974
2017-04-23,1244.72,16290311.09776771,20276876029.613426,3032.0,8.301163586584531
2017-04-24,1250.71,16291861.09776769,20376393593.589027,3033.0,8.303901437371664
2017-04-25,1273.04,16293711.09776745,20742545975.901875,3034.0,8.306639288158795
2017-04-26,1297.37,16295623.59776734,21141453187.03541,3035.0,8.309377138945928
2017-04-27,1331.23,16297461.09576723,21695669134.51821,3036.0,8.31211498973306
2017-04-28,1325.51,16299161.09576713,21604701024.05029,3037.0,8.314852840520192
2017-04-29,1333.42,16301323.59567707,21736510908.94772,3038.0,8.317590691307323
2017-04-30,1346.56,16303211.09567704,21953251932.994873,3039.0,8.320328542094456
2017-05-01,1403.43,16305086.09567638,22883046979.2551,3040.0,8.323066392881588
2017-05-02,1434.46,16307061.09567634,23391826859.303883,3041.0,8.32580424366872
2017-05-03,1429.15,16308711.09566627,23307594462.371452,3042.0,8.328542094455852
2017-05-04,1531.94,16310811.09557622,24987183949.757034,3043.0,8.331279945242985
2017-05-05,1522.36,16312423.59551617,24833381184.869995,3044.0,8.334017796030116
2017-05-06,1548.32,16314523.59551609,25260103173.40947,3045.0,8.336755646817249
2017-05-07,1532.74,16316611.09551607,25009122490.5413,3046.0,8.33949349760438
2017-05-08,1633.46,16318861.09549604,26656206845.04896,3047.0,8.342231348391513
2017-05-09,1720.36,16320798.595476,28077649071.71309,3048.0,8.344969199178644
2017-05-10,1760.03,16322648.59546588,28728351207.477814,3049.0,8.347707049965777
2017-05-11,1837.03,16324336.09546586,29988295137.453648,3050.0,8.350444900752908
2017-05-12,1709.15,16326261.09546569,27904029151.315186,3051.0,8.353182751540041
2017-05-13,1770.96,16328236.09546552,28916652995.625618,3052.0,8.355920602327172
2017-05-14,1780.37,16330286.09546548,29073951455.783875,3053.0,8.358658453114305
2017-05-15,1730.4,16332411.09546544,28261604159.5934,3054.0,8.361396303901437
2017-05-16,1726.52,16334061.09546538,28201083162.54289,3055.0,8.36413415468857
2017-05-17,1784.42,16335998.59544538,29150282613.684647,3056.0,8.366872005475702
2017-05-18,1879.22,16337773.59543524,30702270896.01381,3057.0,8.369609856262834
2017-05-19,1954.09,16339823.59543516,31929485889.60389,3058.0,8.372347707049967
2017-05-20,1995.0,16341886.0954349,32602062760.392628,3059.0,8.375085557837098
2017-05-21,2013.89,16343723.59543484,32914461511.61027,3060.0,8.37782340862423
2017-05-22,2133.65,16345548.59543484,34875679760.64955,3061.0,8.380561259411362
2017-05-23,2239.23,16347648.59543468,36606145164.3552,3062.0,8.383299110198495
2017-05-24,2452.92,16349573.59443461,40104196061.260544,3063.0,8.386036960985626
2017-05-25,2511.6,16351611.09443457,41068706424.78187,3064.0,8.388774811772759
2017-05-26,2510.91,16353523.59443453,41062225928.5016,3065.0,8.39151266255989
2017-05-27,2512.04,16355623.59443449,41085980694.163216,3066.0,8.394250513347023
2017-05-28,2510.47,16357686.09443448,41065480209.49493,3067.0,8.396988364134154
2017-05-29,2302.71,16359573.59443446,37671353711.640175,3068.0,8.399726214921287
2017-05-30,2511.67,16361811.09443445,41095470071.558174,3069.0,8.402464065708418
2017-05-31,2296.5,16363861.09443441,37579607003.36862,3070.0,8.405201916495551
2017-06-01,2396.12,16365986.0944344,39214866600.59615,3071.0,8.407939767282683
2017-06-02,2427.78,16367811.09440437,39737444418.77304,3072.0,8.410677618069816
2017-06-03,2559.1,16370211.09440434,41893007211.69015,3073.0,8.413415468856947
2017-06-04,2511.66,16372223.59440431,41121459113.12153,3074.0,8.41615331964408
2017-06-05,2659.85,16374273.59440428,43553111620.076225,3075.0,8.41889117043121
2017-06-06,2854.73,16376161.09440426,46749518361.02867,3076.0,8.421629021218344
2017-06-07,2695.03,16378223.59440423,44139803933.627235,3077.0,8.424366872005475
2017-06-08,2777.68,16380286.0937442,45499193076.87138,3078.0,8.427104722792608
2017-06-09,2821.66,16382173.59373988,46224923942.51207,3079.0,8.429842573579739
2017-06-10,2864.5,16383936.09373957,46931784940.517,3080.0,8.432580424366872
2017-06-11,2951.2,16385761.09373957,48357658139.844215,3081.0,8.435318275154003
2017-06-12,2635.87,16387598.59373894,43195579505.278656,3082.0,8.438056125941136
2017-06-13,2710.65,16389361.09373872,44425821648.74286,3083.0,8.44079397672827
2017-06-14,2528.07,16391111.09373858,41437876222.747696,3084.0,8.4435318275154
2017-06-15,2400.35,16393023.59373834,39348994183.22982,3085.0,8.446269678302533
2017-06-16,2480.66,16394873.59373819,40670107129.04258,3086.0,8.449007529089664
2017-06-17,2644.27,16396686.09373816,43357265137.089005,3087.0,8.451745379876797
2017-06-18,2499.78,16398498.59373267,40992638814.64106,3088.0,8.454483230663929
2017-06-19,2575.19,16400386.09373264,42234110264.71936,3089.0,8.457221081451062
2017-06-20,2750.28,16402111.0937326,45110398098.870895,3090.0,8.459958932238193
2017-06-21,2643.09,16403861.09373246,43356881218.23333,3091.0,8.462696783025326
2017-06-22,2693.4,16405598.59373233,44186839252.35866,3092.0,8.465434633812457
2017-06-23,2707.55,16407598.5937322,44424393572.459625,3093.0,8.46817248459959
2017-06-24,2566.89,16409423.59373217,42121185328.51517,3094.0,8.470910335386721
2017-06-25,2501.15,16410948.59373217,41046244075.21322,3095.0,8.473648186173854
2017-06-26,2407.68,16412723.59373207,39516586342.15683,3096.0,8.476386036960985
2017-06-27,2507.31,16414361.09373195,41155891713.92505,3097.0,8.479123887748118
2017-06-28,2562.52,16416323.59373183,42067157535.40969,3098.0,8.48186173853525
2017-06-29,2556.39,16417823.59372169,41970360056.75419,3099.0,8.484599589322382
2017-06-30,2479.7,16419748.59372155,40716050587.851326,3100.0,8.487337440109513
2017-07-01,2418.18,16421798.59372144,39710864923.36531,3101.0,8.490075290896646
2017-07-02,2509.42,16424148.59362141,41215086963.80544,3102.0,8.492813141683778
2017-07-03,2561.25,16426273.59362129,42071793241.66253,3103.0,8.49555099247091
2017-07-04,2583.78,16428186.09362108,42446818664.97628,3104.0,8.498288843258042
2017-07-05,2599.96,16430048.59361095,42717469141.444725,3105.0,8.501026694045175
2017-07-06,2598.33,16431823.59361082,42695300197.9868,3106.0,8.503764544832306
2017-07-07,2503.32,16433673.59361069,41138743780.35752,3107.0,8.506502395619439
2017-07-08,2538.46,16435736.09361057,41721458644.18669,3108.0,8.509240246406572
2017-07-09,2513.63,16437461.09361045,41317695328.73204,3109.0,8.511978097193703
2017-07-10,2325.74,16439923.59361043,38234987898.603516,3110.0,8.514715947980836
2017-07-11,2339.29,16442086.09361041,38462807577.9219,3111.0,8.517453798767967
2017-07-12,2374.02,16444298.59361037,39039093747.20289,3112.0,8.5201916495551
2017-07-13,2343.16,16446261.09361034,38536221144.104004,3113.0,8.522929500342231
2017-07-14,2194.88,16447998.59361031,36101383153.1434,3114.0,8.525667351129364
2017-07-15,2035.89,16449586.0936103,33489547832.120274,3115.0,8.528405201916495
2017-07-16,1924.38,16451623.59361029,31659175411.071774,3116.0,8.531143052703628
2017-07-17,2163.95,16453473.59361027,35604494182.892944,3117.0,8.53388090349076
2017-07-18,2297.03,16455536.09361024,37798860073.10553,3118.0,8.536618754277892
2017-07-19,2266.29,16457398.59361021,37297237858.71288,3119.0,8.539356605065024
2017-07-20,2783.62,16459423.59361019,45816780703.645195,3120.0,8.542094455852157
2017-07-21,2648.76,16461348.59361016,43602161700.81085,3121.0,8.544832306639288
2017-07-22,2819.61,16463348.59361014,46420222328.02909,3122.0,8.54757015742642
2017-07-23,2771.08,16465498.59361012,45627213842.78113,3123.0,8.550308008213552
2017-07-24,2754.78,16467723.59361011,45364955601.20526,3124.0,8.553045859000685
2017-07-25,2540.25,16469573.59360999,41836834321.16778,3125.0,8.555783709787816
2017-07-26,2491.77,16471411.09360998,41042968020.72454,3126.0,8.558521560574949
2017-07-27,2652.02,16473336.09360995,43687616786.97546,3127.0,8.56125941136208
2017-07-28,2775.67,16475211.09357994,45729749176.117035,3128.0,8.563997262149213
2017-07-29,2710.32,16477173.59357981,44658413134.15123,3129.0,8.566735112936344
2017-07-30,2719.83,16479011.0935797,44820108742.65087,3130.0,8.569472963723477
2017-07-31,2853.38,16480823.5935797,47026052425.44845,3131.0,8.572210814510608
2017-08-01,2726.21,16482686.09357968,44935263655.17786,3132.0,8.574948665297741
2017-08-02,2688.58,16484586.09357967,44320128479.47643,3133.0,8.577686516084873
2017-08-03,2782.89,16486311.09356965,45879590279.18404,3134.0,8.580424366872005
2017-08-04,2848.54,16488548.59356963,46968290210.72684,3135.0,8.583162217659138
2017-08-05,3235.8,16490761.09356962,53360804746.57258,3136.0,8.58590006844627
2017-08-06,3247.41,16492511.09356961,53557945450.36889,3137.0,8.588637919233403
2017-08-07,3353.18,16494423.5935696,55308771305.4857,3138.0,8.591375770020534
2017-08-08,3429.21,16496473.59356959,56569872211.80477,3139.0,8.594113620807667
2017-08-09,3340.27,16498198.59356956,55108437816.14259,3140.0,8.596851471594798
2017-08-10,3425.86,16499873.59356953,56526256949.26611,3141.0,8.59958932238193
2017-08-11,3605.03,16501673.59356403,59489028355.006134,3142.0,8.602327173169062
2017-08-12,3836.53,16503361.09356403,63315639936.291214,3143.0,8.605065023956195
2017-08-13,4067.56,16505211.09356403,67135936435.737305,3144.0,8.607802874743326
2017-08-14,4264.58,16506836.09356402,70394723067.89125,3145.0,8.61054072553046
2017-08-15,4164.51,16508736.09356402,68750796549.0083,3146.0,8.61327857631759
2017-08-16,4321.72,16510361.09356402,71353157745.2775,3147.0,8.616016427104723
2017-08-17,4317.75,16512598.59356397,71297272577.36084,3148.0,8.618754277891854
2017-08-18,4109.91,16514461.09356395,67872948793.04941,3149.0,8.621492128678987
2017-08-19,4156.41,16516348.59356394,68648716457.77509,3150.0,8.624229979466119
2017-08-20,4120.58,16517973.59356391,68063631630.16758,3151.0,8.626967830253252
2017-08-21,4011.34,16519411.09356389,66264974496.05658,3152.0,8.629705681040383
2017-08-22,4067.08,16520523.59356387,67190291096.91174,3153.0,8.632443531827516
2017-08-23,4141.65,16522511.09356306,68430458070.65544,3154.0,8.635181382614647
2017-08-24,4218.28,16523773.59274545,69701903670.80627,3155.0,8.63791923340178
2017-08-25,4355.97,16525036.09274545,71982561468.9164,3156.0,8.640657084188911
2017-08-26,4325.22,16526348.59274545,71480093460.31448,3157.0,8.643394934976044
2017-08-27,4362.24,16528286.09274539,72100350725.21765,3158.0,8.646132785763175
2017-08-28,4351.68,16529898.59274537,71932829108.07817,3159.0,8.648870636550308
2017-08-29,4583.64,16531761.09274533,75775641415.15121,3160.0,8.65160848733744
2017-08-30,4571.09,16533861.09274531,75577767102.43716,3161.0,8.654346338124572
2017-08-31,4730.53,16535898.59271529,78223564369.79745,3162.0,8.657084188911705
2017-09-01,4889.45,16538073.59270525,80862083927.85268,3163.0,8.659822039698836
2017-09-02,4540.29,16540123.59270523,75096957746.72362,3164.0,8.66255989048597
2017-09-03,4589.0,16542048.59270519,75911460991.92412,3165.0,8.6652977412731
2017-09-04,4340.45,16544236.09268517,71809429548.49535,3166.0,8.668035592060233
2017-09-05,4447.68,16546698.59268515,73594420396.7139,3167.0,8.670773442847365
2017-09-06,4576.26,16548723.59268512,75731261828.26122,3168.0,8.673511293634498
2017-09-07,4616.15,16550923.5926851,76401545942.37332,3169.0,8.676249144421629
2017-09-08,4310.73,16553111.09268507,71355992580.5703,3170.0,8.678986995208762
2017-09-09,4309.71,16555223.59268504,71348212669.63065,3171.0,8.681724845995893
2017-09-10,4267.62,16556948.59268504,70658764953.11453,3172.0,8.684462696783026
2017-09-11,4207.27,16559123.59268501,69668703917.79587,3173.0,8.687200547570157
2017-09-12,4166.73,16561473.59268497,69007188862.84824,3174.0,8.68993839835729
2017-09-13,3908.84,16563848.59268495,64745433933.03065,3175.0,8.692676249144421
2017-09-14,3315.38,16566023.59268492,54922663298.71574,3176.0,8.695414099931554
2017-09-15,3720.96,16568273.59267488,61649883307.39952,3177.0,8.698151950718685
2017-09-16,3708.41,16570386.09267486,61449785489.93638,3178.0,8.700889801505818
2017-09-17,3711.08,16572586.09267484,61502192796.80374,3179.0,8.70362765229295
2017-09-18,4031.5,16574173.59267484,66818780838.86862,3180.0,8.706365503080082
2017-09-19,3927.24,16576123.59266478,65098415618.05682,3181.0,8.709103353867214
2017-09-20,3949.16,16577586.09265475,65467539893.66843,3182.0,8.711841204654347
2017-09-21,3633.26,16579786.09263473,60238673618.92606,3183.0,8.714579055441478
2017-09-22,3597.65,16581523.59263472,59654518353.042305,3184.0,8.71731690622861
2017-09-23,3757.12,16583598.59263469,62306569944.35965,3185.0,8.720054757015742
2017-09-24,3676.59,16585411.09263468,60977756569.06974,3186.0,8.722792607802875
2017-09-25,3933.37,16586973.59263466,65242704320.061386,3187.0,8.725530458590006
2017-09-26,3898.67,16588698.59263465,64673861542.146935,3188.0,8.728268309377139
2017-09-27,4176.6,16590536.09263462,69292033044.49776,3189.0,8.731006160164272
2017-09-28,4170.96,16592748.59263458,69207690669.93512,3190.0,8.733744010951403
2017-09-29,4169.19,16594861.09260456,69187128918.676,3191.0,8.736481861738536
2017-09-30,4319.43,16596586.09260454,71687791865.97884,3192.0,8.739219712525667
2017-10-01,4341.26,16598211.09260452,72057149887.8803,3193.0,8.7419575633128
2017-10-02,4373.33,16600086.0926045,72597654511.37004,3194.0,8.744695414099931
2017-10-03,4282.17,16602373.59260448,71094186127.04314,3195.0,8.747433264887064
2017-10-04,4213.67,16604048.59260446,69963981433.19963,3196.0,8.750171115674195
2017-10-05,4319.09,16605611.09260441,71721128813.95679,3197.0,8.752908966461328
2017-10-06,4353.62,16607598.59260439,72303173384.73431,3198.0,8.75564681724846
2017-10-07,4368.96,16609573.59260439,72566562643.14487,3199.0,8.758384668035593
2017-10-08,4589.0,16611848.59260439,76231773191.46155,3200.0,8.761122518822724
2017-10-09,4782.83,16613861.09260437,79461273249.54095,3201.0,8.763860369609857
2017-10-10,4801.86,16615861.09260435,79787038746.13312,3202.0,8.766598220396988
2017-10-11,4799.95,16617598.59230431,79763642363.13107,3203.0,8.76933607118412
2017-10-12,5306.84,16619511.09180429,88197086242.43068,3204.0,8.772073921971252
2017-10-13,5576.81,16621211.09180429,92693336228.88509,3205.0,8.774811772758385
2017-10-14,5713.02,16622973.59170423,94967380588.87811,3206.0,8.777549623545516
2017-10-15,5678.24,16625411.09160422,94403074276.79074,3207.0,8.780287474332649
2017-10-16,5699.44,16627586.0915042,94767929273.36269,3208.0,8.78302532511978
2017-10-17,5569.45,16629636.09149416,92617926729.77214,3209.0,8.785763175906913
2017-10-18,5538.84,16631523.59149412,92119348129.51129,3210.0,8.788501026694044
2017-10-19,5690.99,16633748.59059409,94662496891.58505,3211.0,8.791238877481177
2017-10-20,5968.12,16635986.09039406,99285561305.8026,3212.0,8.793976728268309
2017-10-21,6061.69,16637898.58969404,100853783502.16246,3213.0,8.796714579055442
2017-10-22,5917.19,16640173.58909403,98463068759.65129,3214.0,8.799452429842573
2017-10-23,5886.69,16642311.08899401,97968126264.47014,3215.0,8.802190280629706
2017-10-24,5513.81,16644398.588794,91774051382.87825,3216.0,8.804928131416839
2017-10-25,5687.52,16646711.08867214,94678502251.04459,3217.0,8.80766598220397
2017-10-26,5882.42,16648961.08847211,97936181686.05011,3218.0,8.810403832991103
2017-10-27,5753.21,16650261.08847211,95792448596.80862,3219.0,8.813141683778234
2017-10-28,5746.47,16651323.58847207,95686331461.4471,3220.0,8.815879534565367
2017-10-29,6176.35,16653248.58737205,102856291912.61537,3221.0,8.818617385352498
2017-10-30,6096.6,16655086.08693203,101539397837.58981,3222.0,8.821355236139631
2017-10-31,6385.69,16656811.08692201,106365231989.647,3223.0,8.824093086926762
2017-11-01,6625.6,16658761.08659199,110374287455.3239,3224.0,8.826830937713895
2017-11-02,7077.36,16660636.08659197,117913319413.80254,3225.0,8.829568788501026
2017-11-03,7192.25,16662123.58629195,119838158363.50829,3226.0,8.83230663928816
2017-11-04,7420.06,16663748.58629193,123646014335.20131,3227.0,8.83504449007529
2017-11-05,7415.74,16665511.08629191,123587097183.05836,3228.0,8.837782340862423
2017-11-06,7111.97,16667173.58625459,118536438530.23506,3229.0,8.840520191649555
2017-11-07,7083.39,16669123.58625457,118073903319.63977,3230.0,8.843258042436688
2017-11-08,7361.85,16670923.58625455,122728838803.46806,3231.0,8.845995893223819
2017-11-09,7152.49,16672836.08625453,119252293378.57466,3232.0,8.848733744010952
2017-11-10,6651.11,16674336.08625451,110902843486.64822,3233.0,8.851471594798083
2017-11-11,6379.31,16675336.08625451,106377138248.40427,3234.0,8.854209445585216
2017-11-12,6204.73,16676336.08625451,103472162804.46593,3235.0,8.856947296372347
2017-11-13,6471.86,16678086.08625447,107938238218.18684,3236.0,8.85968514715948
2017-11-14,6596.54,16679686.08625444,110028216455.42087,3237.0,8.862422997946611
2017-11-15,7236.64,16681586.08622712,120718633135.03464,3238.0,8.865160848733744
2017-11-16,7808.01,16683486.0862271,130264826196.12207,3239.0,8.867898699520875
2017-11-17,7724.36,16685573.58622708,128885377186.509,3240.0,8.870636550308008
2017-11-18,7775.04,16687273.58622706,129744219623.85884,3241.0,8.873374401095141
2017-11-19,8025.52,16689273.58622704,133940098951.73685,3242.0,8.876112251882272
2017-11-20,8243.48,16691461.08622702,137595725635.0907,3243.0,8.878850102669405
2017-11-21,8101.38,16693623.586227,135241388248.98769,3244.0,8.881587953456537
2017-11-22,8224.66,16695473.58622698,137314593785.69759,3245.0,8.88432580424367
2017-11-23,8137.85,16697436.08622696,135881230254.30208,3246.0,8.8870636550308
2017-11-24,8231.64,16699298.58622694,137462614214.32913,3247.0,8.889801505817934
2017-11-25,8707.2,16701248.58622692,145421111689.99506,3248.0,8.892539356605065
2017-11-26,9332.28,16703161.0862269,155878576141.7736,3249.0,8.895277207392198
2017-11-27,9638.7,16705286.08622689,161017240999.31512,3250.0,8.898015058179329
2017-11-28,9901.86,16707236.08622687,165432712712.7664,3251.0,8.900752908966462
2017-11-29,9840.98,16709398.58622613,164436857299.07962,3252.0,8.903490759753593
2017-11-30,9841.19,16711486.08620611,164460909756.71072,3253.0,8.906228610540726
2017-12-01,10828.24,16713773.58620609,180980751697.10022,3254.0,8.908966461327857
2017-12-02,10968.97,16715786.08620608,183354956106.0119,3255.0,8.91170431211499
2017-12-03,11104.93,16717986.08620607,185652065228.29236,3256.0,8.914442162902121
2017-12-04,11480.07,16720248.58620605,191949624187.04648,3257.0,8.917180013689254
2017-12-05,11750.98,16722473.58620603,196505452662.03534,3258.0,8.919917864476385
2017-12-06,13352.01,16724823.58620601,223310011771.2585,3259.0,8.922655715263518
2017-12-07,16395.79,16726723.586206,274247847307.4805,3260.0,8.92539356605065
2017-12-08,15738.08,16728673.586206,263277203193.59692,3261.0,8.928131416837783
2017-12-09,14295.89,16730848.58620596,239182370995.0559,3262.0,8.930869267624914
2017-12-10,15276.99,16732898.58620595,255628324372.48242,3263.0,8.933607118412047
2017-12-11,17040.11,16735036.08620594,285166855762.9187,3264.0,8.936344969199178
2017-12-12,17209.16,16736986.08620593,288029471475.2916,3265.0,8.93908281998631
2017-12-13,16430.78,16739311.08620592,275039937809.0105,3266.0,8.941820670773442
2017-12-14,16480.7,16741623.58620591,275913675837.1838,3267.0,8.944558521560575
2017-12-15,17598.93,16743736.08620511,294671839319.5977,3268.0,8.947296372347708
2017-12-16,19385.84,16745873.5862051,324632826002.3983,3269.0,8.950034223134839
2017-12-17,19339.63,16748186.08620508,323903722078.3544,3270.0,8.952772073921972
2017-12-18,18785.69,16750461.08620507,314668969322.5117,3271.0,8.955509924709103
2017-12-19,17541.55,16752211.08620507,293859748379.2205,3272.0,8.958247775496236
2017-12-20,16711.73,16753911.08620506,279986838516.66565,3273.0,8.960985626283367
2017-12-21,15381.4,16755561.08620506,257723987291.3545,3274.0,8.9637234770705
2017-12-22,14345.45,16757498.58620504,240393858093.4751,3275.0,8.966461327857632
2017-12-23,15814.03,16759236.08620501,265031062244.3286,3276.0,8.969199178644764
2017-12-24,14283.52,16761136.086185,239408022509.74518,3277.0,8.971937029431896
2017-12-25,14275.57,16762823.58618499,239298861502.23483,3278.0,8.974674880219029
2017-12-26,15774.86,16764598.58618498,264459195653.26602,3279.0,8.97741273100616
2017-12-27,15198.38,16766548.58618496,254824376701.30176,3280.0,8.980150581793293
2017-12-28,14041.25,16768411.08618494,235449452163.8943,3281.0,8.982888432580424
2017-12-29,14437.45,16770473.58618493,242122873876.86563,3282.0,8.985626283367557
2017-12-30,13150.24,16772298.58618492,220559751759.9924,3283.0,8.988364134154688
2017-12-31,13960.52,16774336.08618491,234178454417.90616,3284.0,8.991101984941821
2018-01-01,13506.63,16776286.08618491,226591088940.24768,3285.0,8.993839835728952
2018-01-02,14835.27,16778423.5861849,248912444075.42126,3286.0,8.996577686516085
2018-01-03,14945.38,16780386.08618489,250789246604.7459,3287.0,8.999315537303216
2018-01-04,14913.55,16782486.08618487,250286445370.62238,3288.0,9.00205338809035
2018-01-05,16851.53,16784273.5861841,282840689865.78894,3289.0,9.00479123887748
2018-01-06,16829.33,16786373.58618408,282503420585.17535,3290.0,9.007529089664613
2018-01-07,16333.65,16788398.58618406,274215826567.22525,3291.0,9.010266940451745
2018-01-08,14893.38,16790473.58612404,250066903498.10803,3292.0,9.013004791238878
2018-01-09,14338.82,16792523.58610403,240784973046.9002,3293.0,9.015742642026009
2018-01-10,14427.53,16794598.58609401,242304574938.82892,3294.0,9.018480492813142
2018-01-11,13337.97,16797011.08609399,224038029955.989,3295.0,9.021218343600275
2018-01-12,13699.2,16799236.08608398,230136094990.48166,3296.0,9.023956194387406
2018-01-13,14255.45,16801098.58608398,239507220838.99088,3297.0,9.026694045174539
2018-01-14,13508.2,16803036.08608396,226978772058.03937,3298.0,9.02943189596167
2018-01-15,13817.3,16804911.08608394,232198497949.74762,3299.0,9.032169746748803
2018-01-16,11065.67,16806898.58608392,185979593477.07123,3300.0,9.034907597535934
2018-01-17,11115.03,16808986.0860839,186832384616.40515,3301.0,9.037645448323067
2018-01-18,11141.43,16811148.58608389,187300235191.45264,3302.0,9.040383299110198
2018-01-19,11357.64,16813211.08608388,190958398759.74973,3303.0,9.043121149897331
2018-01-20,12836.61,16815436.08608386,215853195016.98492,3304.0,9.045859000684462
2018-01-21,11330.31,16817773.58608384,190550588240.1416,3305.0,9.048596851471595
2018-01-22,10549.66,16819861.08608352,177443815705.41187,3306.0,9.051334702258726
2018-01-23,11081.26,16822073.5860835,186409771146.52365,3307.0,9.05407255304586
2018-01-24,11140.56,16824273.58608349,187431829342.17828,3308.0,9.05681040383299
2018-01-25,11208.03,16826248.58608317,188589098940.27777,3309.0,9.059548254620124
2018-01-26,10868.91,16828186.08598315,182904040031.8031,3310.0,9.062286105407255
2018-01-27,11468.28,16830148.58598304,193012856425.65762,3311.0,9.065023956194388
2018-01-28,11740.81,16832123.58598303,197622764919.5454,3312.0,9.067761806981519
2018-01-29,11138.81,16833973.58598281,187510433319.2812,3313.0,9.070499657768652
2018-01-30,10131.19,16836061.08598251,170569333713.69513,3314.0,9.073237508555783
2018-01-31,9994.76,16837523.58598251,168287007236.23456,3315.0,9.075975359342916
2018-02-01,9095.86,16839523.58598229,153169949004.79288,3316.0,9.078713210130047
2018-02-02,7165.13,16841623.58598228,120672422404.62923,3317.0,9.08145106091718
2018-02-03,9129.56,16843598.58598226,153774643906.6402,3318.0,9.084188911704311
2018-02-04,8300.45,16845823.58598195,139827916384.2639,3319.0,9.086926762491444
2018-02-05,7169.48,16848136.08598108,120792374705.71962,3320.0,9.089664613278575
2018-02-06,7662.5,16850261.08598087,129115125571.32841,3321.0,9.092402464065708
2018-02-07,7682.96,16852023.58598065,129473423130.14589,3322.0,9.095140314852841
2018-02-08,8233.98,16853661.08598054,138772708308.74203,3323.0,9.097878165639973
2018-02-09,8531.35,16855348.58598013,143798878159.0016,3324.0,9.100616016427105
2018-02-10,8518.34,16857136.08597951,143594816606.6427,3325.0,9.103353867214237
2018-02-11,8302.25,16859023.5859795,139967828566.6983,3326.0,9.10609171800137
2018-02-12,8913.42,16861098.58597949,150290053358.24133,3327.0,9.1088295687885
2018-02-13,8527.34,16863148.58594927,143797801462.90863,3328.0,9.111567419575634
2018-02-14,9446.19,16865386.08594925,159313641391.23294,3329.0,9.114305270362765
2018-02-15,10099.54,16867023.58594923,170349179387.2377,3330.0,9.117043121149898
2018-02-16,10200.59,16868986.08594921,172073610778.47263,3331.0,9.119780971937029
2018-02-17,11074.6,16870848.5859492,186837899749.95303,3332.0,9.122518822724162
2018-02-18,10471.06,16872873.58594919,176676871690.88913,3333.0,9.125256673511293
2018-02-19,11123.15,16874898.58594908,187702028206.29947,3334.0,9.127994524298426
2018-02-20,11347.32,16876661.08594906,191504873873.8115,3335.0,9.130732375085557
2018-02-21,10457.0,16878773.58594893,176501335388.26794,3336.0,9.13347022587269
2018-02-22,9897.47,16880636.08592882,167075589241.39792,3337.0,9.136208076659821
2018-02-23,10118.07,16882486.0859288,170818175991.4536,3338.0,9.138945927446954
2018-02-24,9662.37,16884298.58591878,163142340127.62405,3339.0,9.141683778234086
2018-02-25,9605.77,16886436.08591876,162207221161.03586,3340.0,9.144421629021219
2018-02-26,10293.2,16888198.58591856,173833605684.57693,3341.0,9.14715947980835
2018-02-27,10688.46,16890198.58591845,180530211977.64587,3342.0,9.149897330595483
2018-02-28,10522.72,16892136.0858975,177751218233.79535,3343.0,9.152635181382614
2018-03-01,10949.78,16894198.58589658,184987757791.8787,3344.0,9.155373032169747
2018-03-02,11025.98,16896148.58589556,186296596385.11273,3345.0,9.158110882956878
2018-03-03,11410.49,16898398.58589525,192819008080.37192,3346.0,9.160848733744011
2018-03-04,11459.99,16900248.58589443,193676679791.8643,3347.0,9.163586584531142
2018-03-05,11588.13,16902111.08589371,195863860537.77747,3348.0,9.166324435318275
2018-03-06,10694.91,16904061.08589279,180787411948.12564,3349.0,9.169062286105408
2018-03-07,9935.86,16906023.58589177,167975883506.1186,3350.0,9.17180013689254
2018-03-08,9330.9,16908048.58589141,157767310550.09415,3351.0,9.174537987679672
2018-03-09,9236.99,16909873.5858903,156196333214.13284,3352.0,9.177275838466803
2018-03-10,8803.84,16911623.5858891,148887228190.39392,3353.0,9.180013689253936
2018-03-11,9526.92,16913536.0858879,161133905207.36716,3354.0,9.182751540041068
2018-03-12,9138.26,16915548.5858879,154578681020.47598,3355.0,9.1854893908282
2018-03-13,9147.18,16917523.5858879,154747633394.3621,3356.0,9.188227241615332
2018-03-14,8223.4,16919323.5858879,139134365576.19055,3357.0,9.190965092402465
2018-03-15,8267.39,16921123.5858876,139893527922.73126,3358.0,9.193702943189596
2018-03-16,8509.42,16923073.5858872,144005540833.22028,3359.0,9.196440793976729
2018-03-17,7910.54,16924936.0858872,133885383904.85414,3360.0,9.19917864476386
2018-03-18,8201.3,16926823.5858871,138821958274.93585,3361.0,9.201916495550993
2018-03-19,8511.3,16928761.0858871,144085764230.31085,3362.0,9.204654346338124
2018-03-20,8915.9,16930348.5858871,150949294956.9108,3363.0,9.207392197125257
2018-03-21,8873.61,16932248.5858871,150250170374.21365,3364.0,9.210130047912388
2018-03-22,8708.87,16934036.0858868,147476318847.29697,3365.0,9.212867898699521
2018-03-23,8711.45,16935698.58588536,147534491446.01105,3366.0,9.215605749486652
2018-03-24,8623.88,16937648.58588536,146068248886.84503,3367.0,9.218343600273785
2018-03-25,8595.88,16939336.08588536,145608500273.94025,3368.0,9.221081451060916
2018-03-26,8174.66,16941211.08588535,138488640615.34354,3369.0,9.22381930184805
2018-03-27,7927.86,16943111.08588535,134322612653.34702,3370.0,9.22655715263518
2018-03-28,7947.73,16944798.58588535,134672684064.99857,3371.0,9.229295003422314
2018-03-29,7155.45,16946698.58586535,121261254396.23021,3372.0,9.232032854209445
2018-03-30,6826.63,16948723.58586535,115702664892.97597,3373.0,9.234770704996578
2018-03-31,6931.09,16950323.58586535,117484218302.75546,3374.0,9.23750855578371
2018-04-01,6804.1,16952348.58586535,115345475013.08643,3375.0,9.240246406570842
2018-04-02,7013.81,16954298.58586515,118914228964.52686,3376.0,9.242984257357975
2018-04-03,7421.72,16956336.08586515,125845178655.18712,3377.0,9.245722108145106
2018-04-04,6766.14,16958173.58586475,114741376626.26292,3378.0,9.248459958932239
2018-04-05,6799.85,16960123.58586455,115326296365.34108,3379.0,9.25119780971937
2018-04-06,6610.95,16961848.58586455,112133932908.72125,3380.0,9.253935660506503
2018-04-07,6918.15,16964098.58586455,117360178631.79884,3381.0,9.256673511293634
2018-04-08,7007.6,16966111.08586455,118891720045.30444,3382.0,9.259411362080767
2018-04-09,6709.86,16967948.58584445,113852559498.21423,3383.0,9.262149212867898
2018-04-10,6832.21,16969998.58584425,115942594038.19093,3384.0,9.264887063655031
2018-04-11,6925.21,16972011.08584425,117534740891.79945,3385.0,9.267624914442163
2018-04-12,7854.43,16973936.08584425,133320592810.73764,3386.0,9.270362765229295
2018-04-13,7937.94,16975998.58584425,134754458214.5165,3387.0,9.273100616016427
2018-04-14,8039.27,16977711.08584425,136488403401.0951,3388.0,9.27583846680356
2018-04-15,8323.93,16979748.58584425,141338238646.16653,3389.0,9.27857631759069
2018-04-16,8036.98,16981511.08584425,136480064966.7085,3390.0,9.281314168377824
2018-04-17,7873.12,16983536.08584425,133713417628.18207,3391.0,9.284052019164955
2018-04-18,8159.4,16985536.08584425,138591783138.83755,3392.0,9.286789869952088
2018-04-19,8276.73,16987761.08584425,140603111812.03967,3393.0,9.289527720739219
2018-04-20,8815.77,16989473.58584415,149775291553.87732,3394.0,9.292265571526352
2018-04-21,8812.75,16991461.08584415,149741498684.27304,3395.0,9.295003422313483
2018-04-22,8816.19,16993461.08583415,149817581690.3202,3396.0,9.297741273100616
2018-04-23,8915.86,16995373.58582415,151528371538.90613,3397.0,9.300479123887747
2018-04-24,9572.15,16997361.08582415,162701289917.67163,3398.0,9.30321697467488
2018-04-25,9115.79,16998898.58582415,154958389739.66995,3399.0,9.305954825462011
2018-04-26,9214.02,17000661.08582405,156644431258.00452,3400.0,9.308692676249144
2018-04-27,9019.22,17002436.08582395,153348711593.98508,3401.0,9.311430527036277
2018-04-28,9335.98,17004036.08582395,158749340816.53067,3402.0,9.314168377823409
2018-04-29,9405.87,17006011.08582395,159956329491.81894,3403.0,9.316906228610542
2018-04-30,9223.89,17007948.58582395,156879446881.29565,3404.0,9.319644079397673
2018-05-01,9092.06,17009923.58581849,154655245837.67685,3405.0,9.322381930184806
2018-05-02,9223.28,17011673.58581839,156903428750.60706,3406.0,9.325119780971937
2018-05-03,9745.35,17013561.08581839,165803107527.68027,3407.0,9.32785763175907
2018-05-04,9671.86,17015286.08581839,164569464881.9835,3408.0,9.330595482546201
2018-05-05,9798.02,17017298.58579839,166735831889.62436,3409.0,9.333333333333334
2018-05-06,9577.45,17019011.08579839,162998727723.6798,3410.0,9.336071184120465
2018-05-07,9333.71,17020886.08579819,158868014667.8754,3411.0,9.338809034907598
2018-05-08,9221.75,17022623.58579735,156978379052.32672,3412.0,9.34154688569473
2018-05-09,9308.7,17024623.58579735,158477113573.11182,3413.0,9.344284736481862
2018-05-10,9097.71,17026548.58579735,154902601334.49442,3414.0,9.347022587268993
2018-05-11,8421.18,17028136.08579735,143396999042.99493,3415.0,9.349760438056126
2018-05-12,8495.41,17030198.58579735,144678519367.76868,3416.0,9.352498288843258
2018-05-13,8712.61,17032048.58579735,148393596829.10388,3417.0,9.35523613963039
2018-05-14,8670.47,17033698.58579735,147690172577.19833,3418.0,9.357973990417522
2018-05-15,8495.75,17035523.58576995,144729549503.80505,3419.0,9.360711841204655
2018-05-16,8316.24,17037761.08576985,141690110251.92267,3420.0,9.363449691991786
2018-05-17,8044.28,17039411.08576975,137069793809.03589,3421.0,9.366187542778919
2018-05-18,8227.63,17041261.08574245,140209190946.88715,3422.0,9.36892539356605
2018-05-19,8224.61,17043186.08574245,140173558712.65823,3423.0,9.371663244353183
2018-05-20,8516.04,17044986.08574235,145155783305.6253,3424.0,9.374401095140314
2018-05-21,8413.03,17046948.58574235,143416489860.30798,3425.0,9.377138945927447
2018-05-22,8016.94,17048836.08574225,136679495969.23047,3426.0,9.379876796714578
2018-05-23,7505.59,17050861.08574225,127976772456.53618,3427.0,9.382614647501711
2018-05-24,7587.03,17052648.58574215,129378956399.48326,3428.0,9.385352498288844
2018-05-25,7417.37,17054848.58574205,126502122254.4255,3429.0,9.388090349075975
2018-05-26,7329.4,17056873.58574205,125016649259.33777,3430.0,9.390828199863108
2018-05-27,7333.12,17058923.58574135,125095133725.0716,3431.0,9.39356605065024
2018-05-28,7107.25,17060873.58571405,121255893792.06618,3432.0,9.396303901437372
2018-05-29,7437.02,17062611.08571395,126894979896.67636,3433.0,9.399041752224504
2018-05-30,7354.2,17064786.08568665,125497849831.35677,3434.0,9.401779603011637
2018-05-31,7484.83,17066911.08565935,127742928101.27568,3435.0,9.404517453798768
2018-06-01,7505.36,17068986.08565935,128108885407.86426,3436.0,9.4072553045859
2018-06-02,7624.59,17070886.08565935,130158507339.85744,3437.0,9.409993155373032
2018-06-03,7678.93,17072923.58565935,131101785109.62717,3438.0,9.412731006160165
2018-06-04,7497.26,17075211.08563205,128017297063.86574,3439.0,9.415468856947296
2018-06-05,7596.35,17077398.58560475,129725896745.75865,3440.0,9.418206707734429
2018-06-06,7663.27,17079236.08557668,130882797517.51721,3441.0,9.42094455852156
2018-06-07,7669.05,17081023.58554928,130995223928.75671,3442.0,9.423682409308693
2018-06-08,7618.71,17082829.83552198,130149126496.18967,3443.0,9.426420260095824
2018-06-09,7591.05,17084617.33552127,129690184424.80873,3444.0,9.429158110882957
2018-06-10,6718.01,17086204.83552127,114785294947.08025,3445.0,9.431895961670088
2018-06-11,6786.01,17087954.83549324,115959032393.20549,3446.0,9.434633812457221
2018-06-12,6527.65,17089767.33546594,111556019747.35425,3447.0,9.437371663244353
2018-06-13,6303.71,17091554.83543784,107740205131.69788,3448.0,9.440109514031485
2018-06-14,6629.29,17093467.33540978,113317552071.9587,3449.0,9.442847364818617
2018-06-15,6421.68,17095379.83540832,109781058781.4449,3450.0,9.44558521560575
2018-06-16,6490.03,17097454.83540832,110962994805.44505,3451.0,9.44832306639288
2018-06-17,6464.28,17099417.33540756,110535421492.92838,3452.0,9.451060917180014
2018-06-18,6689.49,17101467.33538026,114400094725.35289,3453.0,9.453798767967145
2018-06-19,6740.13,17103404.83537952,115279172033.08656,3454.0,9.456536618754278
2018-06-20,6752.45,17105342.33537873,115502968852.52809,3455.0,9.45927446954141
2018-06-21,6700.6,17107467.33412755,114630295619.05507,3456.0,9.462012320328542
2018-06-22,6080.22,17109354.83410025,104028641449.39302,3457.0,9.464750171115675
2018-06-23,6173.53,17111354.83410025,105637462408.9629,3458.0,9.467488021902806
2018-06-24,6158.55,17113492.33409953,105394298214.16867,3459.0,9.470225872689939
2018-06-25,6238.91,17115454.83409953,106781782319.0119,3460.0,9.47296372347707
2018-06-26,6131.94,17117279.83409953,104962132905.90828,3461.0,9.475701574264203
2018-06-27,6160.69,17118792.33407223,105463572744.59543,3462.0,9.478439425051334
2018-06-28,5917.1,17120754.83404493,101305218428.52725,3463.0,9.481177275838467
2018-06-29,6238.83,17122642.33401763,106825254672.73921,3464.0,9.483915126625599
2018-06-30,6348.65,17124404.83401689,108716852749.48132,3465.0,9.486652977412732
2018-07-01,6383.76,17126242.33401612,109329820762.19875,3466.0,9.489390828199863
2018-07-02,6620.09,17128004.83401612,113388933521.62177,3467.0,9.492128678986996
2018-07-03,6599.68,17129454.83396073,113048920478.59396,3468.0,9.494866529774127
2018-07-04,6670.32,17131129.83390629,114270117953.7018,3469.0,9.49760438056126
2018-07-05,6532.12,17132842.33387826,111913782065.97285,3470.0,9.500342231348391
2018-07-06,6601.96,17134842.33379718,113123543694.03563,3471.0,9.503080082135524
2018-07-07,6761.83,17136792.33379718,115876076506.43977,3472.0,9.505817932922655
2018-07-08,6698.35,17138767.33379718,114801462170.34035,3473.0,9.508555783709788
2018-07-09,6684.58,17140467.33376909,114576825129.96619,3474.0,9.51129363449692
2018-07-10,6367.68,17142329.83368776,109156870835.37688,3475.0,9.514031485284052
2018-07-11,6381.34,17144017.33366046,109401803571.98085,3476.0,9.516769336071183
2018-07-12,6165.64,17145779.83363316,105714705973.44196,3477.0,9.519507186858316
2018-07-13,6213.18,17147567.33349486,106540922405.1236,3478.0,9.522245037645447
2018-07-14,6242.49,17149229.83349486,107053895743.29333,3479.0,9.52498288843258
2018-07-15,6366.2,17150892.33349486,109186010773.49498,3480.0,9.527720739219713
2018-07-16,6681.54,17152392.33346756,114604395471.75685,3481.0,9.530458590006845
2018-07-17,7327.13,17154379.83344026,125692371108.99513,3482.0,9.533196440793978
2018-07-18,7353.21,17156554.83341148,126155750566.58965,3483.0,9.535934291581109
2018-07-19,7484.1,17158692.33338348,128417369292.2753,3484.0,9.538672142368242
2018-07-20,7327.9,17160617.33335618,125751287757.10074,3485.0,9.541409993155373
2018-07-21,7417.9,17162329.83335618,127308446470.8528,3486.0,9.544147843942506
2018-07-22,7411.63,17164604.83335618,127217700121.04767,3487.0,9.546885694729637
2018-07-23,7712.38,17166679.83332888,132395958212.969,3488.0,9.54962354551677
2018-07-24,8320.58,17168667.33330082,142853270040.11615,3489.0,9.552361396303901
2018-07-25,8231.61,17170879.8332728,141343986144.36673,3490.0,9.555099247091034
2018-07-26,7931.94,17172942.3332728,136214748210.97984,3491.0,9.557837097878165
2018-07-27,8202.69,17175029.83327127,140881445463.0759,3492.0,9.560574948665298
2018-07-28,8201.37,17176842.33327054,140873639406.815,3493.0,9.56331279945243
2018-07-29,8219.23,17178967.33316199,141197883673.74503,3494.0,9.566050650239562
2018-07-30,8147.77,17180642.33316199,139983922182.86728,3495.0,9.568788501026694
2018-07-31,7685.92,17182479.83315121,132063165399.21355,3496.0,9.571526351813826
2018-08-01,7586.37,17184354.83311234,130366873975.27846,3497.0,9.574264202600958
2018-08-02,7531.22,17186267.33261354,129433560260.72574,3498.0,9.57700205338809
2018-08-03,7416.28,17188342.33253624,127473559473.94185,3499.0,9.579739904175222
2018-08-04,7001.86,17190542.33253624,120365770736.49219,3500.0,9.582477754962355
2018-08-05,7018.16,17192542.33229624,120660012894.82819,3501.0,9.585215605749486
2018-08-06,6917.67,17194179.83226815,118943662000.2864,3502.0,9.587953456536619
2018-08-07,6713.43,17196067.33224085,115444594310.28569,3503.0,9.59069130732375
2018-08-08,6250.03,17198029.83222845,107488202392.32277,3504.0,9.593429158110883
2018-08-09,6558.9,17199892.33222299,112812373817.81737,3505.0,9.596167008898014
2018-08-10,6110.87,17202092.33203226,105119749969.04597,3506.0,9.598904859685147
2018-08-11,6383.53,17204217.33203226,109823637465.54788,3507.0,9.60164271047228
2018-08-12,6311.4,17206154.83203152,108594925606.88371,3508.0,9.604380561259411
2018-08-13,6248.63,17208029.83203076,107526611449.32236,3509.0,9.607118412046544
2018-08-14,6168.39,17209729.83203076,106156325398.60022,3510.0,9.609856262833675
2018-08-15,6310.99,17211742.33202991,108623133740.01743,3511.0,9.612594113620808
2018-08-16,6286.01,17213717.33202991,108205599286.31332,3512.0,9.61533196440794
2018-08-17,6540.88,17215617.33202445,112605287094.6921,3513.0,9.618069815195073
2018-08-18,6390.25,17217617.33181445,110024879154.62729,3514.0,9.620807665982204
2018-08-19,6496.57,17219429.83158289,111867231260.96645,3515.0,9.623545516769337
2018-08-20,6282.02,17221304.83110289,108184581375.08498,3516.0,9.626283367556468
2018-08-21,6461.52,17223154.83110221,111287759404.26357,3517.0,9.6290212183436
2018-08-22,6380.94,17225154.83110071,109912679467.96376,3518.0,9.631759069130732
2018-08-23,6522.03,17227017.33107268,112355123843.77596,3519.0,9.634496919917865
2018-08-24,6684.85,17228842.33104538,115172226656.68872,3520.0,9.637234770704996
2018-08-25,6731.68,17230529.83104538,115990413053.05157,3521.0,9.639972621492129
2018-08-26,6682.27,17232692.33104396,115153502982.96512,3522.0,9.64271047227926
2018-08-27,6753.23,17235004.83088593,116391951674.0838,3523.0,9.645448323066393
2018-08-28,7086.91,17236917.33085863,122156481801.23532,3524.0,9.648186173853524
2018-08-29,7051.47,17238654.83083133,121557857379.9622,3525.0,9.650924024640657
2018-08-30,6936.37,17240579.83080327,119587040720.98889,3526.0,9.653661875427789
2018-08-31,7012.16,17242517.33077441,120907290326.1631,3527.0,9.656399726214921
2018-09-01,7170.17,17244404.83077441,123645314185.47377,3528.0,9.659137577002053
2018-09-02,7257.48,17246204.83077364,125163986635.24307,3529.0,9.661875427789186
2018-09-03,7247.41,17248004.83074558,125003362690.39383,3530.0,9.664613278576317
2018-09-04,7332.76,17249579.83071828,126487028999.49777,3531.0,9.66735112936345
2018-09-05,6914.49,17251229.8304288,119283456150.20164,3532.0,9.670088980150581
2018-09-06,6470.87,17253104.83040071,111642598453.89503,3533.0,9.672826830937714
2018-09-07,6396.05,17255004.83037341,110363873645.30986,3534.0,9.675564681724847
2018-09-08,6174.52,17256879.83037341,106552949650.23723,3535.0,9.678302532511978
2018-09-09,6242.85,17258917.33037341,107744832055.92165,3536.0,9.681040383299111
2018-09-10,6301.31,17260604.83034611,108764421823.50826,3537.0,9.683778234086242
2018-09-11,6264.83,17262367.33034611,108145796722.17223,3538.0,9.686516084873375
2018-09-12,6308.72,17264467.3303345,108916690336.22787,3539.0,9.689253935660506
2018-09-13,6469.35,17266317.3303337,111701850020.99432,3540.0,9.69199178644764
2018-09-14,6521.82,17267967.3303064,112618574694.13889,3541.0,9.69472963723477
2018-09-15,6530.52,17269717.3303064,112780234419.91255,3542.0,9.697467488021903
2018-09-16,6475.57,17271454.83030562,111842514755.48216,3543.0,9.700205338809035
2018-09-17,6242.87,17273142.33030562,107833982059.59505,3544.0,9.702943189596168
2018-09-18,6323.85,17274917.3302474,109243985958.88501,3545.0,9.705681040383299
2018-09-19,6384.17,17276867.3302201,110298458103.57126,3546.0,9.708418891170432
2018-09-20,6472.93,17278792.3301928,111844413237.8749,3547.0,9.711156741957563
2018-09-21,6739.08,17280592.33016477,116455294160.3668,3548.0,9.713894592744696
2018-09-22,6687.34,17282529.830164,115574153034.44893,3549.0,9.716632443531827
2018-09-23,6690.58,17284404.830164,115642693268.59866,3550.0,9.71937029431896
2018-09-24,6602.22,17286254.8301367,114127657364.62514,3551.0,9.722108145106091
2018-09-25,6393.51,17288367.3301094,110533349408.72775,3552.0,9.724845995893224
2018-09-26,6459.0,17290104.8300821,111676787097.50029,3553.0,9.727583846680355
2018-09-27,6682.44,17291892.33005479,115552032982.05132,3554.0,9.730321697467488
2018-09-28,6618.4,17293817.32997749,114457400616.723,3555.0,9.73305954825462
2018-09-29,6600.23,17295717.32996749,114155712392.77133,3556.0,9.735797399041752
2018-09-30,6609.89,17297754.82996749,114336256673.05383,3557.0,9.738535249828884
2018-10-01,6557.08,17299729.82994019,113435712473.30421,3558.0,9.741273100616016
2018-10-02,6534.74,17301442.32991289,113060427250.97496,3559.0,9.744010951403148
2018-10-03,6463.13,17303254.82988559,111833185388.67847,3560.0,9.74674880219028
2018-10-04,6538.61,17305129.82985829,113151494956.8097,3561.0,9.749486652977414
2018-10-05,6596.29,17306754.82985829,114160373816.64592,3562.0,9.752224503764545
2018-10-06,6547.07,17308317.32985829,113318765140.7953,3563.0,9.754962354551678
2018-10-07,6536.96,17310092.32985759,113155381156.58588,3564.0,9.757700205338809
2018-10-08,6617.82,17311779.82985759,114566242793.62816,3565.0,9.760438056125942
2018-10-09,6608.93,17313404.82983029,114423080582.0103,3566.0,9.763175906913073
2018-10-10,6548.37,17315204.82979299,113386367851.27153,3567.0,9.765913757700206
2018-10-11,6209.82,17317192.32976569,107536647273.22557,3568.0,9.768651608487337
2018-10-12,6229.34,17318842.32973839,107884957278.33255,3569.0,9.77138945927447
2018-10-13,6230.47,17320604.82973839,107915508773.54015,3570.0,9.774127310061601
2018-10-14,6235.53,17322029.82973839,108012036664.22862,3571.0,9.776865160848734
2018-10-15,6462.52,17324054.82971109,111957050818.10452,3572.0,9.779603011635865
2018-10-16,6469.68,17325742.32968379,112092008635.50864,3573.0,9.782340862422998
2018-10-17,6468.71,17327467.32965649,112086361190.02223,3574.0,9.78507871321013
2018-10-18,6408.4,17329192.32962919,111052396125.1957,3575.0,9.787816563997263
2018-10-19,6430.66,17330967.32960189,111449558367.7777,3576.0,9.790554414784394
2018-10-20,6449.18,17332754.82960189,111782055791.97192,3577.0,9.793292265571527
2018-10-21,6508.56,17334479.82960189,112822502039.7537,3578.0,9.796030116358658
2018-10-22,6439.05,17336417.32957459,111630058005.99725,3579.0,9.79876796714579
2018-10-23,6426.94,17338342.32954649,111432485851.4555,3580.0,9.801505817932922
2018-10-24,6449.97,17339754.82951919,111840898457.75389,3581.0,9.804243668720055
2018-10-25,6438.47,17341467.32949189,111652517156.91367,3582.0,9.806981519507186
2018-10-26,6443.32,17343254.82946459,111748140707.78577,3583.0,9.809719370294319
2018-10-27,6442.21,17344954.82946459,111739841451.92506,3584.0,9.81245722108145
2018-10-28,6427.69,17346704.82946459,111499241165.30124,3585.0,9.815195071868583
2018-10-29,6284.24,17348529.82943729,109022325095.34299,3586.0,9.817932922655714
2018-10-30,6295.24,17350454.82943729,109225277260.4668,3587.0,9.820670773442847
2018-10-31,6312.64,17352492.32940999,109540037178.32669,3588.0,9.82340862422998
2018-11-01,6362.9,17354417.32940999,110424422025.30283,3589.0,9.826146475017111
2018-11-02,6369.32,17356204.82940999,110547222544.05763,3590.0,9.828884325804244
2018-11-03,6325.04,17358217.32940925,109791418937.20668,3591.0,9.831622176591376
2018-11-04,6436.71,17359754.82940925,111739707508.0068,3592.0,9.834360027378509
2018-11-05,6405.06,17361554.82940925,111201800375.656,3593.0,9.83709787816564
2018-11-06,6453.18,17363154.82938195,112047563481.87102,3594.0,9.839835728952773
2018-11-07,6526.35,17364779.82935391,113328630839.3039,3595.0,9.842573579739904
2018-11-08,6444.26,17366292.32932661,111912903006.18631,3596.0,9.845311430527037
2018-11-09,6335.71,17367879.82929931,110037849913.28992,3597.0,9.848049281314168
2018-11-10,6384.18,17369517.32929931,110890125143.36606,3598.0,9.850787132101301
2018-11-11,6333.34,17371342.32929931,110018617227.84448,3599.0,9.853524982888432
2018-11-12,6362.22,17373092.32927201,110531435479.14096,3600.0,9.856262833675565
2018-11-13,6368.56,17374592.32924471,110651133724.3347,3601.0,9.859000684462696
2018-11-14,5564.98,17376279.82924471,96698649724.15022,3602.0,9.86173853524983
2018-11-15,5555.61,17377867.3291894,96544653512.71793,3603.0,9.86447638603696
2018-11-16,5513.78,17379442.3291621,95826421525.6874,3604.0,9.867214236824093
2018-11-17,5550.7,17381254.8291621,96478131180.23006,3605.0,9.869952087611225
2018-11-18,5592.15,17382792.3291621,97207182123.52382,3606.0,9.872689938398358
2018-11-19,4887.7,17384367.3291348,84969572194.61215,3607.0,9.875427789185489
2018-11-20,5025.57,17386017.3291075,87374647108.64278,3608.0,9.878165639972622
2018-11-21,4551.39,17387329.8290802,79136519110.77734,3609.0,9.880903490759753
2018-11-22,4457.25,17388854.8290529,77506473186.79604,3610.0,9.883641341546886
2018-11-23,4315.41,17390417.3290256,75046780845.85036,3611.0,9.886379192334017
2018-11-24,3854.72,17392204.8290256,67042079798.54156,3612.0,9.88911704312115
2018-11-25,3990.72,17393792.3290256,69413754923.28903,3613.0,9.891854893908283
2018-11-26,3723.08,17395179.8289983,64763646117.746994,3614.0,9.894592744695414
2018-11-27,3826.49,17396817.3289983,66568747541.23871,3615.0,9.897330595482547
2018-11-28,4224.99,17398292.32796581,73507611102.73227,3616.0,9.900068446269678
2018-11-29,4238.82,17399604.82793851,73753792936.7623,3617.0,9.902806297056811
2018-11-30,3981.06,17400867.32791121,69273896884.4542,3618.0,9.905544147843942
2018-12-01,4186.37,17402417.32791121,72852957829.04765,3619.0,9.908281998631075
2018-12-02,4125.79,17403842.32791121,71804598638.07278,3620.0,9.911019849418206
2018-12-03,3869.93,17405267.32788391,67357166190.19778,3621.0,9.91375770020534
2018-12-04,3925.44,17406992.32785661,68330103963.46146,3622.0,9.91649555099247
2018-12-05,3744.66,17408617.32782931,65189352962.8293,3623.0,9.919233401779604
2018-12-06,3619.56,17410304.82780201,63017642942.51904,3624.0,9.921971252566735
2018-12-07,3393.72,17411729.82777471,59090535751.115585,3625.0,9.924709103353868
2018-12-08,3366.92,17413317.32777471,58629246377.23123,3626.0,9.927446954140999
2018-12-09,3582.23,17414917.32777471,62384239299.0744,3627.0,9.930184804928132
2018-12-10,3462.06,17416467.32774741,60296854876.701195,3628.0,9.932922655715263
2018-12-11,3358.25,17418029.82771934,58494098668.93847,3629.0,9.935660506502396
2018-12-12,3462.3,17419529.82769204,60311638122.41815,3630.0,9.938398357289527
2018-12-13,3298.32,17421167.32766474,57460584620.18317,3631.0,9.94113620807666
2018-12-14,3218.02,17422992.32763744,56067537770.18384,3632.0,9.943874058863791
2018-12-15,3227.51,17424854.82763744,56238893204.74812,3633.0,9.946611909650924
2018-12-16,3235.05,17426292.32763744,56374926994.523506,3634.0,9.949349760438055
2018-12-17,3537.3,17428292.32761014,61649098450.455345,3635.0,9.952087611225188
2018-12-18,3580.2,17429892.32758284,62402500511.21208,3636.0,9.95482546201232
2018-12-19,3746.26,17431754.82755549,65303885840.27803,3637.0,9.957563312799453
2018-12-20,4071.72,17433442.32752819,70984095793.84308,3638.0,9.960301163586584
2018-12-21,3869.87,17435192.32750089,67471927732.42587,3639.0,9.963039014373717
2018-12-22,3985.11,17437379.82750089,69489876724.37207,3640.0,9.96577686516085
2018-12-23,3965.33,17439579.82750089,69153689077.38411,3641.0,9.96851471594798
2018-12-24,4076.35,17441479.82747359,71097576294.72195,3642.0,9.971252566735114
2018-12-25,3794.14,17443467.32747359,66182957125.86064,3643.0,9.973990417522245
2018-12-26,3833.51,17445429.82747359,66877229697.91828,3644.0,9.976728268309378
2018-12-27,3617.74,17447604.82744629,63120897888.44553,3645.0,9.979466119096509
2018-12-28,3904.54,17449692.3274135,68133021680.0791,3646.0,9.982203969883642
2018-12-29,3931.99,17451417.32740804,68618798417.195145,3647.0,9.984941820670773
2018-12-30,3845.37,17453617.32740804,67115616462.29506,3648.0,9.987679671457906
2018-12-31,3705.78,17455554.82738074,64686445968.211,3649.0,9.990417522245037
2019-01-01,3833.42,17457417.32738074,66921612731.12788,3650.0,9.99315537303217
2019-01-02,3911.93,17459304.82735344,68299578333.26874,3651.0,9.995893223819301
2019-01-03,3801.6,17461242.32732614,66380658831.56306,3652.0,9.998631074606434
2019-01-04,3844.24,17463104.82729884,67132366101.29528,3653.0,10.001368925393566
2019-01-05,3838.4,17465142.32729884,67038202309.10387,3654.0,10.004106776180699
2019-01-06,4056.09,17466904.82729884,70847338000.95854,3655.0,10.00684462696783
2019-01-07,4022.23,17468667.32727154,70262997783.77141,3656.0,10.009582477754963
2019-01-08,4015.56,17470779.82724424,70154964643.08888,3657.0,10.012320328542094
2019-01-09,4021.71,17472829.82720693,70270654444.37637,3658.0,10.015058179329227
2019-01-10,3636.85,17474779.82717963,63553153014.47823,3659.0,10.017796030116358
2019-01-11,3635.66,17476629.82715233,63539083997.384636,3660.0,10.020533880903491
2019-01-12,3633.03,17478354.82715233,63499387437.68923,3661.0,10.023271731690622
2019-01-13,3512.78,17480067.32715233,61403630905.47417,3662.0,10.026009582477755
2019-01-14,3675.06,17481929.82712503,64247141030.47412,3663.0,10.028747433264886
2019-01-15,3589.65,17483579.82709773,62759932326.34136,3664.0,10.03148528405202
2019-01-16,3603.91,17485242.32707043,63015239674.95239,3665.0,10.03422313483915
2019-01-17,3637.46,17486829.82704313,63607644022.67631,3666.0,10.036960985626283
2019-01-18,3628.0,17488554.82701583,63448476912.41342,3667.0,10.039698836413416
2019-01-19,3704.58,17490217.32701583,64793909305.3163,3668.0,10.042436687200547
2019-01-20,3549.4,17492179.82701583,62086743078.00998,3669.0,10.04517453798768
2019-01-21,3542.54,17494054.82701583,61973388986.89665,3670.0,10.047912388774812
2019-01-22,3588.43,17495679.82701583,62782022361.65841,3671.0,10.050650239561945
2019-01-23,3559.53,17497504.82701583,62282893356.90765,3672.0,10.053388090349076
2019-01-24,3582.51,17499529.82701504,62692240600.57965,3673.0,10.056125941136209
2019-01-25,3579.3,17501254.82701504,62642241402.33493,3674.0,10.05886379192334
2019-01-26,3562.73,17503129.82701504,62358925728.60129,3675.0,10.061601642710473
2019-01-27,3552.23,17504842.32701504,62181226059.29263,3676.0,10.064339493497604
2019-01-28,3435.75,17506654.82701504,60148489321.916916,3677.0,10.067077344284737
2019-01-29,3413.0,17508479.82699504,59756441649.53407,3678.0,10.069815195071868
2019-01-30,3456.29,17510179.82699504,60520259434.24469,3679.0,10.072553045859001
2019-01-31,3430.78,17512117.32699504,60080221883.10805,3680.0,10.075290896646132
2019-02-01,3463.62,17514092.32699504,60662160465.626564,3681.0,10.078028747433265
2019-02-02,3462.24,17515892.32699504,60644223050.21531,3682.0,10.080766598220396
2019-02-03,3425.86,17517617.32699504,60012904495.85924,3683.0,10.08350444900753
2019-02-04,3429.65,17519454.82699504,60085598247.40354,3684.0,10.08624229979466
2019-02-05,3446.29,17521292.32699504,60383454533.59974,3685.0,10.088980150581794
2019-02-06,3386.23,17523342.32699504,59338067487.94042,3686.0,10.091718001368925
2019-02-07,3381.43,17525517.32699504,59261310055.020836,3687.0,10.094455852156058
2019-02-08,3624.51,17527554.82698958,63528797745.97201,3688.0,10.097193702943189
2019-02-09,3634.88,17529429.82698958,63717373889.527885,3689.0,10.099931553730322
2019-02-10,3653.3,17531179.82698958,64046659261.94103,3690.0,10.102669404517453
2019-02-11,3616.14,17532992.32698958,63401754873.3201,3691.0,10.105407255304586
2019-02-12,3601.99,17534592.32698412,63159426215.87352,3692.0,10.108145106091717
2019-02-13,3596.99,17536504.82697866,63078632497.59397,3693.0,10.11088295687885
2019-02-14,3584.88,17538267.3269732,62872583775.11969,3694.0,10.113620807665983
2019-02-15,3593.31,17539854.82696774,63026135748.29144,3695.0,10.116358658453114
2019-02-16,3605.74,17541729.82696774,63250916906.29065,3696.0,10.119096509240247
2019-02-17,3623.76,17543717.32696774,63574221100.77261,3697.0,10.121834360027378
2019-02-18,3876.96,17545654.82696228,68023801937.93968,3698.0,10.124572210814511
2019-02-19,3912.46,17547604.82695682,68654301981.27548,3699.0,10.127310061601642
2019-02-20,3963.3,17549229.82695136,69552862573.15633,3700.0,10.130047912388775
2019-02-21,3919.76,17550717.3269459,68794599749.46947,3701.0,10.132785763175907
2019-02-22,3972.29,17552742.32694044,69724582817.88223,3702.0,10.13552361396304
2019-02-23,4128.2,17554529.82694044,72468610031.57552,3703.0,10.13826146475017
2019-02-24,3774.26,17556242.32694044,66261823164.87823,3704.0,10.140999315537304
2019-02-25,3843.66,17558029.82693498,67487096924.59689,3705.0,10.143737166324435
2019-02-26,3815.98,17560042.32692952,67008770318.716515,3706.0,10.146475017111568
2019-02-27,3830.26,17561804.82692406,67266278556.37415,3707.0,10.149212867898699
2019-02-28,3808.62,17563679.82691785,66893382262.39586,3708.0,10.151950718685832
2019-03-01,3838.27,17565704.82691239,67421917865.99301,3709.0,10.154688569472963
2019-03-02,3814.4,17567354.82691239,67008918251.77461,3710.0,10.157426420260096
2019-03-03,3800.82,17569179.82691239,66777290069.72514,3711.0,10.160164271047227
2019-03-04,3718.17,17570892.32690693,65331564723.135544,3712.0,10.16290212183436
2019-03-05,3848.41,17572754.82690147,67627165403.39588,3713.0,10.165639972621491
2019-03-06,3861.68,17574354.82690147,67866534547.94886,3714.0,10.168377823408624
2019-03-07,3875.13,17576129.82689601,68109787976.09954,3715.0,10.171115674195756
2019-03-08,3849.29,17577954.82689601,67662645735.62255,3716.0,10.173853524982889
2019-03-09,3928.86,17579679.82687417,69068100884.61285,3717.0,10.17659137577002
2019-03-10,3926.51,17581379.82687417,69033463704.0197,3718.0,10.179329226557153
2019-03-11,3872.07,17583154.82686871,68083206310.473526,3719.0,10.182067077344286
2019-03-12,3881.77,17584942.32686871,68260701576.16915,3720.0,10.184804928131417
2019-03-13,3864.63,17586629.82686325,67965817227.79053,3721.0,10.18754277891855
2019-03-14,3863.11,17588567.32685724,67946570326.05547,3722.0,10.190280629705681
2019-03-15,3915.92,17590479.82685178,68882911763.56543,3723.0,10.193018480492814
2019-03-16,4010.85,17592517.32685178,70560948120.40347,3724.0,10.195756331279945
2019-03-17,3986.22,17594342.32685178,70134919270.14311,3725.0,10.198494182067078
2019-03-18,3985.19,17596354.82684577,70124817292.39749,3726.0,10.20123203285421
2019-03-19,4013.68,17598529.82684031,70634867195.39241,3727.0,10.203969883641342
2019-03-20,4032.79,17600542.32683485,70979291090.23631,3728.0,10.206707734428473
2019-03-21,3983.25,17602329.82682939,70114480282.71817,3729.0,10.209445585215606
2019-03-22,3986.64,17604342.32670847,70182175293.34904,3730.0,10.212183436002737
2019-03-23,3991.51,17606154.82670847,70275143052.35513,3731.0,10.21492128678987
2019-03-24,3983.25,17608029.82670847,70137184807.23651,3732.0,10.217659137577002
2019-03-25,3919.29,17609879.82670301,69018225905.99883,3733.0,10.220396988364135
2019-03-26,3930.73,17611554.82669209,69226266903.9234,3734.0,10.223134839151266
2019-03-27,4024.65,17613417.32668663,70887840043.84933,3735.0,10.225872689938399
2019-03-28,4023.29,17615242.32668117,70871228300.51309,3736.0,10.22861054072553
2019-03-29,4087.82,17617079.82664571,72015451256.95886,3737.0,10.231348391512663
2019-03-30,4085.11,17618817.32664571,71974806849.25366,3738.0,10.234086242299794
2019-03-31,4108.13,17620554.82664461,72387529899.98352,3739.0,10.236824093086927
2019-04-01,4141.58,17622254.82663915,72983978144.91217,3740.0,10.239561943874058
2019-04-02,4792.97,17624217.32663369,84472344920.03549,3741.0,10.242299794661191
2019-04-03,4962.09,17625992.32662823,87461760264.03868,3742.0,10.245037645448322
2019-04-04,4896.52,17627742.32662823,86314592857.18167,3743.0,10.247775496235455
2019-04-05,5016.36,17629717.32661731,88437008808.55002,3744.0,10.250513347022586
2019-04-06,5066.39,17631454.82661731,89327826419.02568,3745.0,10.25325119780972
2019-04-07,5187.32,17633217.32661731,91469140902.70851,3746.0,10.255989048596852
2019-04-08,5257.5,17635067.32661185,92716366469.6618,3747.0,10.258726899383984
2019-04-09,5191.49,17636717.32660639,91560841633.9038,3748.0,10.261464750171116
2019-04-10,5295.62,17638567.32460093,93407149895.50319,3749.0,10.264202600958248
2019-04-11,5039.55,17640529.82459547,88900332077.5401,3750.0,10.26694045174538
2019-04-12,5070.32,17642417.32459001,89452701409.21521,3751.0,10.269678302532512
2019-04-13,5070.0,17644104.82459001,89455611460.67134,3752.0,10.272416153319645
2019-04-14,5131.83,17645629.82459001,90554372502.72574,3753.0,10.275154004106776
2019-04-15,5044.91,17647442.32458455,89029758257.71985,3754.0,10.277891854893909
2019-04-16,5187.89,17649254.82457909,91562392611.88562,3755.0,10.28062970568104
2019-04-17,5205.78,17650979.82457308,91887117751.16605,3756.0,10.283367556468173
2019-04-18,5253.14,17652842.32457308,92732852128.90784,3757.0,10.286105407255304
2019-04-19,5273.83,17654742.32456762,93108109713.57445,3758.0,10.288843258042437
2019-04-20,5305.93,17656379.82456762,93683515402.56807,3759.0,10.291581108829568
2019-04-21,5286.52,17658404.82456762,93351510273.17322,3760.0,10.294318959616701
2019-04-22,5372.29,17660079.82456762,94875070240.72638,3761.0,10.297056810403832
2019-04-23,5556.46,17661529.82456216,98135584008.98665,3762.0,10.299794661190965
2019-04-24,5436.56,17663567.3245567,96029043573.99199,3763.0,10.302532511978097
2019-04-25,5141.43,17665354.8245567,90825185255.62056,3764.0,10.30527036276523
2019-04-26,5133.09,17667242.32455124,90687544903.73073,3765.0,10.30800821355236
2019-04-27,5208.06,17668954.82455124,92020976863.55234,3766.0,10.310746064339494
2019-04-28,5129.73,17670992.32455124,90647419457.02022,3767.0,10.313483915126625
2019-04-29,5141.29,17673029.82454578,90862171506.63896,3768.0,10.316221765913758
2019-04-30,5252.77,17674779.82454032,92841553218.95067,3769.0,10.318959616700889
2019-05-01,5310.11,17676917.32454032,93866375454.2148,3770.0,10.321697467488022
2019-05-02,5382.73,17679217.32453486,95162453469.29352,3771.0,10.324435318275153
2019-05-03,5672.23,17681117.3244194,100291364121.09146,3772.0,10.327173169062286
2019-05-04,5567.71,17682767.3244194,98452520459.84314,3773.0,10.329911019849419
2019-05-05,5740.0,17684379.8244194,101508340192.16736,3774.0,10.33264887063655
2019-05-06,5690.2,17686267.32441394,100638398329.3802,3775.0,10.335386721423683
2019-05-07,5883.23,17687854.82440848,104061718138.60469,3776.0,10.338124572210814
2019-05-08,5916.57,17689754.82440302,104662672701.41818,3777.0,10.340862422997947
2019-05-09,6162.47,17691629.82439756,109024138043.95523,3778.0,10.343600273785079
2019-05-10,6357.32,17693192.32439756,112481285427.73909,3779.0,10.346338124572211
2019-05-11,7336.72,17694817.32439756,129821920160.25407,3780.0,10.349075975359343
2019-05-12,6931.49,17696792.3243915,122665139028.59644,3781.0,10.351813826146476
2019-05-13,7781.03,17698879.82438604,137715514879.9425,3782.0,10.354551676933607
2019-05-14,7933.2,17700779.82438058,140423826502.77603,3783.0,10.35728952772074
2019-05-15,8201.52,17702642.32438058,145188575076.2538,3784.0,10.360027378507871
2019-05-16,7860.0,17704467.32438058,139157113169.63135,3785.0,10.362765229295004
2019-05-17,7253.72,17706354.82438048,128436940116.70518,3786.0,10.365503080082135
2019-05-18,7261.17,17708267.32437492,128582739447.73145,3787.0,10.368240930869268
2019-05-19,8225.55,17710304.82437492,145676997848.13712,3788.0,10.3709787816564
2019-05-20,7964.33,17712317.32436936,141066740235.99463,3789.0,10.373716632443532
2019-05-21,7961.18,17714229.82436936,141026172193.17285,3790.0,10.376454483230663
2019-05-22,7683.78,17716317.32435844,136128284730.5589,3791.0,10.379192334017796
2019-05-23,7893.22,17718292.32435298,139854379340.42944,3792.0,10.381930184804927
2019-05-24,8017.23,17720204.82435298,142066957723.94742,3793.0,10.38466803559206
2019-05-25,8039.9,17721954.82434752,142482744592.2716,3794.0,10.387405886379192
2019-05-26,8694.91,17724017.32434752,154108735473.6425,3795.0,10.390143737166325
2019-05-27,8803.49,17726104.82434752,156051586560.09512,3796.0,10.392881587953456
2019-05-28,8711.31,17728154.8243366,154435452402.79166,3797.0,10.395619438740589
2019-05-29,8641.8,17730329.82433104,153221964275.904,3798.0,10.39835728952772
2019-05-30,8261.87,17732329.82433104,146502203805.7459,3799.0,10.401095140314853
2019-05-31,8518.67,17733792.32433104,151068324659.50912,3800.0,10.403832991101986
2019-06-01,8554.69,17735679.82432548,151723242836.35895,3801.0,10.406570841889117
2019-06-02,8716.8,17737317.32432002,154612647652.63272,3802.0,10.40930869267625
2019-06-03,8460.78,17738804.82431992,150084125081.50952,3803.0,10.412046543463381
2019-06-04,7658.94,17740729.82431992,135875185280.67682,3804.0,10.414784394250514
2019-06-05,7768.43,17742729.82431446,137833154649.09918,3805.0,10.417522245037645
2019-06-06,7754.0,17744692.32431436,137592344282.73355,3806.0,10.420260095824778
2019-06-07,8031.74,17746667.32431436,142536617815.3886,3807.0,10.42299794661191
2019-06-08,7939.5,17748217.32431436,140911971446.39386,3808.0,10.425735797399042
2019-06-09,7601.62,17750054.82431436,134929171753.60452,3809.0,10.428473648186174
2019-06-10,7954.95,17752017.32431436,141216410214.0545,3810.0,10.431211498973306
2019-06-11,7937.6,17753804.82431436,140922601173.47766,3811.0,10.433949349760438
2019-06-12,8128.39,17755442.32431436,144323159834.5336,3812.0,10.43668720054757
2019-06-13,8191.94,17757329.82431436,145466980480.99377,3813.0,10.439425051334702
2019-06-14,8694.13,17759442.32431436,154402900295.0912,3814.0,10.442162902121835
2019-06-15,8819.01,17761267.32431436,156636794145.80157,3815.0,10.444900752908966
2019-06-16,9026.88,17762892.32431436,160343497464.5068,3816.0,10.447638603696099
2019-06-17,9333.21,17764554.82431436,165800320731.83902,3817.0,10.45037645448323
2019-06-18,9019.53,17766592.32431426,160246312466.9222,3818.0,10.453114305270363
2019-06-19,9295.74,17768804.82431416,165174189757.5701,3819.0,10.455852156057494
2019-06-20,9538.98,17770604.82431416,169513444007.03625,3820.0,10.458590006844627
2019-06-21,9885.08,17772267.32431416,175680284282.2314,3821.0,10.461327857631758
2019-06-22,10677.2,17774029.82431416,189776871240.16714,3822.0,10.464065708418891
2019-06-23,10787.58,17776292.32431406,191763175551.9239,3823.0,10.466803559206022
2019-06-24,10972.6,17778504.82431406,195076422035.26846,3824.0,10.469541409993155
2019-06-25,11340.69,17780329.82431406,201641208635.30023,3825.0,10.472279260780287
2019-06-26,12696.75,17782392.32431406,225778589743.73456,3826.0,10.47501711156742
2019-06-27,11076.42,17784167.32431406,196984906634.37875,3827.0,10.477754962354553
2019-06-28,12327.8,17786204.82431406,219264775833.17886,3828.0,10.480492813141684
2019-06-29,11986.98,17788379.82431406,213228953186.45618,3829.0,10.483230663928817
2019-06-30,10962.19,17790279.82431396,195020427587.29626,3830.0,10.485968514715948
2019-07-01,10525.85,17792067.32431386,187276631845.62906,3831.0,10.48870636550308
2019-07-02,10729.56,17794042.32431386,190922244761.265,3832.0,10.491444216290212
2019-07-03,11898.21,17796192.32431386,211742833475.0744,3833.0,10.494182067077345
2019-07-04,11184.18,17798279.82416642,199059165243.8456,3834.0,10.496919917864476
2019-07-05,10980.65,17800642.32404084,195462623135.47906,3835.0,10.499657768651609
2019-07-06,11208.33,17802867.32404084,199540411914.06668,3836.0,10.50239561943874
2019-07-07,11465.64,17804779.82403538,204143195741.653,3837.0,10.505133470225873
2019-07-08,12323.36,17807004.82403538,219442130968.32465,3838.0,10.507871321013004
2019-07-09,12572.29,17808929.82395348,223899030336.39212,3839.0,10.510609171800137
2019-07-10,12117.68,17810542.32394802,215822452508.05844,3840.0,10.513347022587268
2019-07-11,11275.82,17812154.82364226,200846651603.52188,3841.0,10.516084873374401
2019-07-12,11807.06,17814204.82362588,210333385204.84018,3842.0,10.518822724161533
2019-07-13,11337.15,17815967.32349484,201982293941.5595,3843.0,10.521560574948666
2019-07-14,10544.99,17817779.82349484,187888310060.95486,3844.0,10.524298425735797
2019-07-15,10905.02,17819604.82349484,194323146992.3077,3845.0,10.52703627652293
2019-07-16,9486.81,17821629.82349474,169070416025.82812,3846.0,10.529774127310061
2019-07-17,9676.36,17823292.32335824,172464592906.05075,3847.0,10.532511978097194
2019-07-18,10623.45,17824804.82331456,189360922800.24106,3848.0,10.535249828884325
2019-07-19,10508.76,17826279.8232545,187332096355.42395,3849.0,10.537987679671458
2019-07-20,10981.62,17828492.3232544,195785727866.89697,3850.0,10.54072553045859
2019-07-21,10580.54,17830354.8232544,188654782421.6361,3851.0,10.543463381245722
2019-07-22,10324.34,17832329.8232544,184107036087.41833,3852.0,10.546201232032855
2019-07-23,9886.74,17834117.32314518,176321281103.43237,3853.0,10.548939082819986
2019-07-24,9769.57,17835854.82314518,174248632204.55447,3854.0,10.55167693360712
2019-07-25,9894.94,17837729.82303598,176503266335.15167,3855.0,10.55441478439425
2019-07-26,9797.97,17839804.8230195,174793872461.80035,3856.0,10.557152635181383
2019-07-27,9443.14,17841704.82301948,168481716482.44815,3857.0,10.559890485968515
2019-07-28,9543.07,17843892.32301948,170285513511.03748,3858.0,10.562628336755647
2019-07-29,9515.18,17845992.32289936,169807829231.00555,3859.0,10.565366187542779
2019-07-30,9565.74,17847767.32289936,170727101791.35132,3860.0,10.568104038329912
2019-07-31,10016.3,17849904.82289936,178790001677.60684,3861.0,10.570841889117043
2019-08-01,10374.76,17851679.82289936,185206893759.42337,3862.0,10.573579739904176
2019-08-02,10484.71,17853792.32289936,187191834905.82614,3863.0,10.576317590691307
2019-08-03,10826.87,17855954.8227574,193324101591.86743,3864.0,10.57905544147844
2019-08-04,10974.06,17858042.3227574,195975227932.47906,3865.0,10.581793292265571
2019-08-05,11759.3,17859829.8227574,210019096834.7511,3866.0,10.584531143052704
2019-08-06,11345.94,17861842.32275739,202659391283.46597,3867.0,10.587268993839835
2019-08-07,11921.92,17863754.82275739,212970255896.52777,3868.0,10.590006844626968
2019-08-08,11840.26,17865529.82275739,211532518139.20142,3869.0,10.5927446954141
2019-08-09,11870.77,17867367.32262079,212099407992.3472,3870.0,10.595482546201232
2019-08-10,11314.72,17869254.82262079,202185614926.6039,3871.0,10.598220396988363
2019-08-11,11491.32,17871167.32254971,205363302476.9619,3872.0,10.600958247775496
2019-08-12,11380.73,17872829.82254415,203405850546.32288,3873.0,10.603696098562628
2019-08-13,10844.45,17874792.32254405,193842291602.21283,3874.0,10.60643394934976
2019-08-14,10049.49,17876692.32254405,179651640728.4832,3875.0,10.609171800136892
2019-08-15,10335.32,17878654.82254405,184781618760.53595,3876.0,10.611909650924025
2019-08-16,10373.04,17880492.32254405,185475062081.44235,3877.0,10.614647501711156
2019-08-17,10215.57,17882092.32243485,182675765866.29578,3878.0,10.617385352498289
2019-08-18,10351.98,17883667.32243485,185131366448.4991,3879.0,10.620123203285422
2019-08-19,10819.92,17885704.82243485,193521895322.35928,3880.0,10.622861054072553
2019-08-20,10780.72,17887617.32243485,192841393820.31982,3881.0,10.625598904859686
2019-08-21,10100.57,17889317.32243485,180692301867.46576,3882.0,10.628336755646817
2019-08-22,10117.99,17891079.82242939,181021766732.54233,3883.0,10.63107460643395
2019-08-23,10394.34,17892992.32242939,185985845816.7207,3884.0,10.633812457221081
2019-08-24,10114.88,17894992.32242939,181005699942.29456,3885.0,10.636550308008214
2019-08-25,10089.24,17896929.82232939,180566420240.63858,3886.0,10.639288158795345
2019-08-26,10340.08,17898642.32232939,185073393504.2717,3887.0,10.642026009582478
2019-08-27,10128.56,17900329.82232939,181304564625.25256,3888.0,10.64476386036961
2019-08-28,9713.22,17902217.32232939,173888175339.59628,3889.0,10.647501711156742
2019-08-29,9462.31,17904279.82232939,169415846005.6256,3890.0,10.650239561943874
2019-08-30,9567.41,17906279.82224839,171316720634.1775,3891.0,10.652977412731007
2019-08-31,9605.15,17908354.82219925,172012434320.44714,3892.0,10.655715263518138
2019-09-01,9770.96,17910142.32219925,174999284224.516,3893.0,10.65845311430527
2019-09-02,10370.54,17912004.82219925,185757162488.81024,3894.0,10.661190965092402
2019-09-03,10618.64,17914054.82219925,190222899097.19785,3895.0,10.663928815879535
2019-09-04,10587.62,17915754.82219379,189685204070.55542,3896.0,10.666666666666666
2019-09-05,10581.73,17917817.32217195,189601505092.54657,3897.0,10.669404517453799
2019-09-06,10352.65,17919792.32217195,185517337984.13342,3898.0,10.67214236824093
2019-09-07,10480.58,17921667.32215557,187829468103.2372,3899.0,10.674880219028063
2019-09-08,10393.9,17923879.82215557,186299014483.50275,3900.0,10.677618069815194
2019-09-09,10339.93,17925704.82215557,185350533061.75104,3901.0,10.680355920602327
2019-09-10,10096.12,17927979.82215557,181003035642.0613,3902.0,10.683093771389458
2019-09-11,10109.7,17930279.82210557,181269749917.5407,3903.0,10.685831622176591
2019-09-12,10376.05,17932254.82210557,186065972646.9085,3904.0,10.688569472963723
2019-09-13,10318.35,17934129.82210557,185050628449.92303,3905.0,10.691307323750856
2019-09-14,10355.92,17936067.32210557,185744478302.33954,3906.0,10.694045174537989
2019-09-15,10313.03,17937904.82210557,184994150567.51944,3907.0,10.69678302532512
2019-09-16,10255.0,17939942.32210557,183974108513.19263,3908.0,10.699520876112253
2019-09-17,10222.81,17941792.32210557,183415533968.34406,3909.0,10.702258726899384
2019-09-18,10152.54,17943967.32210557,182176845996.36972,3910.0,10.704996577686517
2019-09-19,10234.96,17945817.32209557,183674722458.95526,3911.0,10.707734428473648
2019-09-20,10130.05,17947704.82208465,181811147232.9586,3912.0,10.710472279260781
2019-09-21,10005.17,17949779.82208465,179590598582.52667,3913.0,10.713210130047912
2019-09-22,10013.52,17951854.82208465,179761257298.0411,3914.0,10.715947980835045
2019-09-23,9689.41,17953279.82208465,173956689040.90524,3915.0,10.718685831622176
2019-09-24,8711.52,17955242.32207373,156417452593.59177,3916.0,10.72142368240931
2019-09-25,8426.68,17957192.32207373,151319513396.57227,3917.0,10.72416153319644
2019-09-26,8118.39,17959329.82206827,145800843634.18082,3918.0,10.726899383983573
2019-09-27,8210.36,17960979.82206827,147466110291.91644,3919.0,10.729637234770705
2019-09-28,8187.31,17962967.32206827,147068381985.6428,3920.0,10.732375085557837
2019-09-29,8058.04,17964667.32206827,144760007867.919,3921.0,10.735112936344969
2019-09-30,8239.43,17966292.32206827,148032007947.21896,3922.0,10.737850787132102
2019-10-01,8322.87,17968079.82206827,149545992508.69736,3923.0,10.740588637919233
2019-10-02,8321.44,17969929.82206827,149535692818.5518,3924.0,10.743326488706366
2019-10-03,8242.94,17971767.32203627,148140199729.50568,3925.0,10.746064339493497
2019-10-04,8171.37,17973604.82203081,146868975234.5979,3926.0,10.74880219028063
2019-10-05,8132.76,17975579.82202535,146191076553.3749,3927.0,10.751540041067761
2019-10-06,7863.43,17977442.32202535,141364359278.2838,3928.0,10.754277891854894
2019-10-07,8227.71,17979379.82202535,147929123155.4762,3929.0,10.757015742642025
2019-10-08,8203.68,17981404.82200351,147513691110.17377,3930.0,10.759753593429158
2019-10-09,8606.44,17983129.82200351,154770727825.2839,3931.0,10.76249144421629
2019-10-10,8588.81,17985154.82200351,154471077586.77194,3932.0,10.765229295003422
2019-10-11,8314.93,17987104.82198713,149561517497.48544,3933.0,10.767967145790555
2019-10-12,8327.49,17988767.32195437,149801279985.9018,3934.0,10.770704996577686
2019-10-13,8274.94,17990542.32195437,148870658281.6331,3935.0,10.77344284736482
2019-10-14,8320.96,17992229.82194891,149712624659.24396,3936.0,10.77618069815195
2019-10-15,8134.62,17994142.32194345,146375510014.92764,3937.0,10.778918548939084
2019-10-16,7997.1,17995929.82193794,143915250379.01993,3938.0,10.781656399726215
2019-10-17,8048.86,17997804.82193248,144861811319.05945,3939.0,10.784394250513348
2019-10-18,7949.7,17999804.82192702,143093048392.87323,3940.0,10.787132101300479
2019-10-19,7944.07,18001579.82192702,143005810215.97577,3941.0,10.789869952087612
2019-10-20,8220.89,18003404.821927,148004010666.53143,3942.0,10.792607802874743
2019-10-21,8222.96,18005392.32192154,148057620847.46793,3943.0,10.795345653661876
2019-10-22,8036.63,18007504.82188878,144719653476.73602,3944.0,10.798083504449007
2019-10-23,7436.1,18009604.82188878,133921222416.04715,3945.0,10.80082135523614
2019-10-24,7467.2,18011267.32185602,134493735345.76326,3946.0,10.803559206023271
2019-10-25,8622.5,18012992.32182326,155317026294.92108,3947.0,10.806297056810404
2019-10-26,9220.01,18014742.32182326,166096104354.6337,3948.0,10.809034907597535
2019-10-27,9569.22,18016179.82182326,172400788274.5876,3949.0,10.811772758384668
2019-10-28,9441.98,18017854.82180779,170124224870.41272,3950.0,10.8145106091718
2019-10-29,9440.76,18019517.32177503,170117938350.72083,3951.0,10.817248459958932
2019-10-30,9174.39,18021192.32176957,165333446624.9195,3952.0,10.819986310746064
2019-10-31,9138.28,18022842.32176411,164697779532.13055,3953.0,10.822724161533197
2019-11-01,9223.71,18024467.32176411,166252459480.42883,3954.0,10.825462012320328
2019-11-02,9327.1,18026142.32176411,168131632049.32605,3955.0,10.82819986310746
2019-11-03,9216.33,18027867.32176411,166150774433.59424,3956.0,10.830937713894592
2019-11-04,9426.69,18029517.32175865,169958670641.84906,3957.0,10.833675564681725
2019-11-05,9336.11,18031317.32171589,168342361960.44495,3958.0,10.836413415468858
2019-11-06,9336.03,18032967.32168313,168356323904.2534,3959.0,10.839151266255989
2019-11-07,9218.74,18034654.82167767,166256793790.7928,3960.0,10.841889117043122
2019-11-08,8818.94,18036254.82167221,159060649097.0379,3961.0,10.844626967830253
2019-11-09,8807.58,18038054.82167221,158871610886.2637,3962.0,10.847364818617386
2019-11-10,9040.49,18040129.82167221,163091613251.5294,3963.0,10.850102669404517
2019-11-11,8713.12,18042017.32166675,157202261965.76102,3964.0,10.85284052019165
2019-11-12,8766.6,18043704.82166129,158181942689.57587,3965.0,10.855578370978781
2019-11-13,8738.87,18045392.32165583,157696337597.9485,3966.0,10.858316221765914
2019-11-14,8625.75,18047504.82165037,155673264715.35068,3967.0,10.861054072553046
2019-11-15,8482.05,18049479.82164491,153096590321.1832,3968.0,10.863791923340179
2019-11-16,8486.81,18051329.82164491,153198206443.63422,3969.0,10.86652977412731
2019-11-17,8518.68,18053254.82164491,153789900784.05008,3970.0,10.869267624914443
2019-11-18,8214.04,18055004.82163945,148304531805.1393,3971.0,10.872005475701574
2019-11-19,8127.39,18056842.32163399,146754999716.4249,3972.0,10.874743326488707
2019-11-20,8051.39,18058617.32163399,145396970917.2307,3973.0,10.877481177275838
2019-11-21,7593.34,18060329.82162853,137138224847.76479,3974.0,10.880219028062971
2019-11-22,7245.28,18061979.82162307,130864101162.00919,3975.0,10.882956878850102
2019-11-23,7322.62,18064142.32162307,132276849847.16351,3976.0,10.885694729637235
2019-11-24,6992.98,18065779.82162307,126333636977.01367,3977.0,10.888432580424366
2019-11-25,7174.85,18067342.32162307,129630471056.29727,3978.0,10.8911704312115
2019-11-26,7154.21,18068867.32162307,129268471281.02898,3979.0,10.89390828199863
2019-11-27,7511.73,18070604.82161215,135741504356.64862,3980.0,10.896646132785763
2019-11-28,7417.25,18072642.32160669,134049306259.93721,3981.0,10.899383983572895
2019-11-29,7748.04,18074342.32160669,140040727281.5015,3982.0,10.902121834360027
2019-11-30,7544.42,18075917.32160668,136372312159.47588,3983.0,10.904859685147159
2019-12-01,7406.53,18077654.82160668,133892692765.87453,3984.0,10.907597535934292
2019-12-02,7327.57,18079467.32160122,132478562361.74544,3985.0,10.910335386721425
2019-12-03,7325.04,18081442.32160122,132447288263.4218,3986.0,10.913073237508556
2019-12-04,7226.44,18083529.82159576,130679543243.97244,3987.0,10.915811088295689
2019-12-05,7409.73,18085342.3215903,134007503560.5573,3988.0,10.91854893908282
2019-12-06,7504.4,18087154.82158484,135733244643.10126,3989.0,10.921286789869953
2019-12-07,7507.08,18089092.32158484,135796263185.52312,3990.0,10.924024640657084
2019-12-08,7515.24,18090942.32158484,135957773372.86725,3991.0,10.926762491444217
2019-12-09,7330.26,18092792.32157938,132624871843.18048,3992.0,10.929500342231348
2019-12-10,7241.83,18094642.32154116,131038323603.40642,3993.0,10.932238193018481
2019-12-11,7171.85,18096292.3215357,129783894086.20581,3994.0,10.934976043805612
2019-12-12,7173.14,18097954.82153024,129819163648.51144,3995.0,10.937713894592745
2019-12-13,7242.1,18099854.82152478,131080958602.96461,3996.0,10.940451745379876
2019-12-14,7080.39,18101742.32152478,128167395315.90085,3997.0,10.94318959616701
2019-12-15,7097.54,18103292.32144478,128488841383.14719,3998.0,10.94592744695414
2019-12-16,6878.81,18105254.82143932,124542607918.265,3999.0,10.948665297741274
2019-12-17,6612.86,18107017.32143386,119739170564.21712,4000.0,10.951403148528405
2019-12-18,7254.36,18108692.3214284,131366973228.87732,4001.0,10.954140999315538
2019-12-19,7157.24,18110654.82142294,129622303114.0811,4002.0,10.956878850102669
2019-12-20,7167.6,18112604.82141748,129823906317.99194,4003.0,10.959616700889802
2019-12-21,7154.03,18114804.82141748,129593857136.56529,4004.0,10.962354551676933
2019-12-22,7440.17,18116917.32141748,134792944747.2907,4005.0,10.965092402464066
2019-12-23,7318.14,18118704.82141202,132595218501.76816,4006.0,10.967830253251197
2019-12-24,7240.05,18120267.32140656,131191641420.34955,4007.0,10.97056810403833
2019-12-25,7177.19,18121867.32140656,130064084920.52592,4008.0,10.973305954825461
2019-12-26,7171.6,18123954.82140656,129977754397.19928,4009.0,10.976043805612594
2019-12-27,7242.23,18125767.3214011,131270975868.07068,4010.0,10.978781656399725
2019-12-28,7323.93,18127629.8214011,132765491877.85417,4011.0,10.981519507186858
2019-12-29,7413.76,18129567.3214011,134408261024.71063,4012.0,10.984257357973991
2019-12-30,7244.4,18131642.32139564,131352869633.11856,4013.0,10.986995208761122
2019-12-31,7165.36,18133454.82139018,129932731838.99635,4014.0,10.989733059548255
2020-01-01,7163.73,18135629.82139018,129918755420.38748,4015.0,10.992470910335387
2020-01-02,6933.4,18137392.32135472,125753795920.88081,4016.0,10.99520876112252
2020-01-03,7322.67,18139504.82134926,132829607770.14958,4017.0,10.99794661190965
2020-01-04,7332.09,18141604.82134926,133015879294.5667,4018.0,11.000684462696784
2020-01-05,7331.66,18143642.32134926,133023016661.74352,4019.0,11.003422313483915
2020-01-06,7753.3,18145329.8213438,140686185703.82486,4020.0,11.006160164271048
2020-01-07,8111.23,18147529.82133834,147198788312.7342,4021.0,11.008898015058179
2020-01-08,8035.19,18149304.82133834,145833112607.36963,4022.0,11.011635865845312
2020-01-09,7825.6,18151267.32132742,142044557549.77988,4023.0,11.014373716632443
2020-01-10,8060.74,18153129.82132196,146327659675.9228,4024.0,11.017111567419576
2020-01-11,8039.14,18155167.32132196,145951931819.53223,4025.0,11.019849418206707
2020-01-12,8133.79,18157054.82132196,147685670935.12036,4026.0,11.02258726899384
2020-01-13,8126.84,18158842.32132196,147574006130.61215,4027.0,11.025325119780971
2020-01-14,8794.63,18160654.8213165,159716239711.1947,4028.0,11.028062970568104
2020-01-15,8804.27,18162542.32130558,159907926483.20108,4029.0,11.030800821355236
2020-01-16,8710.43,18164529.82130012,158220865491.3472,4030.0,11.033538672142368
2020-01-17,8912.48,18166517.32129466,161908722295.69223,4031.0,11.0362765229295
2020-01-18,8908.66,18168167.32129466,161854025488.5249,4032.0,11.039014373716633
2020-01-19,8665.83,18170042.32129466,157458497849.14493,4033.0,11.041752224503764
2020-01-20,8657.38,18171942.3212692,157321410013.30954,4034.0,11.044490075290897
2020-01-21,8707.06,18173854.8212692,158240844360.08017,4035.0,11.047227926078028
2020-01-22,8618.81,18175804.82126374,156653808351.55615,4036.0,11.049965776865161
2020-01-23,8340.16,18177792.32126374,151605696406.111,4037.0,11.052703627652292
2020-01-24,8424.31,18179692.32125828,153151363818.89932,4038.0,11.055441478439425
2020-01-25,8327.31,18181742.32125828,151405004649.23727,4039.0,11.058179329226558
2020-01-26,8558.81,18183529.82125828,155629376869.48358,4040.0,11.06091718001369
2020-01-27,8906.82,18185142.32125828,161971789329.82968,4041.0,11.063655030800822
2020-01-28,9113.5,18186917.32125282,165746471007.23758,4042.0,11.066392881587953
2020-01-29,9329.27,18188917.32125282,169689320697.6443,4043.0,11.069130732375086
2020-01-30,9530.07,18190867.32124736,173360238932.19983,4044.0,11.071868583162217
2020-01-31,9346.37,18192667.32124736,170035400071.2867,4045.0,11.07460643394935
2020-02-01,9349.1,18194554.8212419,170102712479.27264,4046.0,11.077344284736482
2020-02-02,9357.66,18196342.3212419,170275184685.79248,4047.0,11.080082135523615
2020-02-03,9247.13,18198192.3212419,168281050159.5256,4048.0,11.082819986310746
2020-02-04,9131.69,18199842.3212409,166195318126.4523,4049.0,11.085557837097879
2020-02-05,9647.15,18201829.8212109,175595782559.6947,4050.0,11.08829568788501
2020-02-06,9734.05,18203517.3212109,177193947780.53293,4051.0,11.091033538672143
2020-02-07,9773.16,18205254.82121089,177922868208.46542,4052.0,11.093771389459274
2020-02-08,9886.22,18206992.32121089,179998331625.8015,4053.0,11.096509240246407
2020-02-09,10120.11,18208904.82121089,184276119770.18457,4054.0,11.099247091033538
2020-02-10,9871.31,18210429.82121089,179760797998.41727,4055.0,11.101984941820671
2020-02-11,10236.41,18212279.82121089,186428363284.6414,4056.0,11.104722792607802
2020-02-12,10348.18,18214054.82121089,188482317819.75812,4057.0,11.107460643394935
2020-02-13,10229.2,18215817.32121089,186333238542.13046,4058.0,11.110198494182066
2020-02-14,10346.06,18217504.82121089,188479397930.53714,4059.0,11.1129363449692
2020-02-15,9900.24,18219279.82121089,180375242857.1449,4060.0,11.11567419575633
2020-02-16,9872.96,18221054.82121089,179895745407.62225,4061.0,11.118412046543463
2020-02-17,9659.62,18223017.32121089,176027422576.31516,4062.0,11.121149897330595
2020-02-18,10161.94,18224892.32121089,185200262274.6058,4063.0,11.123887748117728
2020-02-19,9654.46,18226654.82121089,175968509905.18768,4064.0,11.126625598904859
2020-02-20,9615.52,18228229.82121089,175273908410.44977,4065.0,11.129363449691992
2020-02-21,9666.81,18230154.82121089,176227442927.22964,4066.0,11.132101300479125
2020-02-22,9662.76,18232004.82120809,176171486906.1767,4067.0,11.134839151266256
2020-02-23,9959.72,18233779.82120809,181603341560.88263,4068.0,11.137577002053389
2020-02-24,9648.49,18235542.32120809,175945447730.75302,4069.0,11.14031485284052
2020-02-25,9347.99,18237342.32120263,170482493645.17896,4070.0,11.143052703627653
2020-02-26,8805.82,18239042.32120263,160609723652.89252,4071.0,11.145790554414784
2020-02-27,8765.38,18240879.82120263,159888243167.17307,4072.0,11.148528405201917
2020-02-28,8728.27,18242854.82120263,159228562450.25827,4073.0,11.151266255989048
2020-02-29,8612.56,18244592.3212026,157132646041.89664,4074.0,11.154004106776181
2020-03-01,8525.69,18246804.82120187,155566601396.07257,4075.0,11.156741957563312
2020-03-02,8904.71,18248667.32116911,162499090381.48776,4076.0,11.159479808350445
2020-03-03,8743.03,18250579.82116365,159565366893.82843,4077.0,11.162217659137577
2020-03-04,8724.15,18252667.32115819,159239007609.8822,4078.0,11.16495550992471
2020-03-05,9089.0,18254704.82115273,165917012119.45718,4079.0,11.16769336071184
2020-03-06,9125.81,18256642.32114727,166606649060.74896,4080.0,11.170431211498974
2020-03-07,8909.87,18258604.82114727,162681795337.79544,4081.0,11.173169062286105
2020-03-08,8214.6,18260579.82114727,150003358998.7964,4082.0,11.175906913073238
2020-03-09,7854.84,18262454.82114181,143448660627.29755,4083.0,11.178644763860369
2020-03-10,7941.91,18264104.82111181,145051876719.8361,4084.0,11.181382614647502
2020-03-11,7917.04,18265592.32111181,144609425029.93503,4085.0,11.184120465434633
2020-03-12,5558.99,18267479.82111181,101548737650.76233,4086.0,11.186858316221766
2020-03-13,5628.66,18269042.32111181,102830227751.1492,4087.0,11.189596167008897
2020-03-14,5274.34,18270642.32107905,96365579619.76007,4088.0,11.19233401779603
2020-03-15,5366.88,18272129.82107905,98064328094.15273,4089.0,11.195071868583161
2020-03-16,5008.51,18273617.32107905,91523595088.79764,4090.0,11.197809719370294
2020-03-17,5433.08,18275154.82107359,99290378155.2785,4091.0,11.200547570157427
2020-03-18,5359.65,18276404.82104359,97955133099.10626,4092.0,11.203285420944558
2020-03-19,6238.8,18277742.32103267,114031178792.45862,4093.0,11.206023271731691
2020-03-20,6205.35,18279104.82100537,113428243101.02568,4094.0,11.208761122518823
2020-03-21,6174.03,18280654.82099991,112865311284.49806,4095.0,11.211498973305956
2020-03-22,5896.83,18282242.32099991,107807274985.7419,4096.0,11.214236824093087
2020-03-23,6453.49,18283642.32099991,117993302882.1497,4097.0,11.21697467488022
2020-03-24,6760.22,18285292.32099991,123612598854.27,4098.0,11.219712525667351
2020-03-25,6665.52,18286442.32099991,121888647019.47133,4099.0,11.222450376454484
2020-03-26,6747.4,18288442.32096715,123399435716.49373,4100.0,11.225188227241615
2020-03-27,6662.84,18290379.82096169,121865874286.2964,4101.0,11.227926078028748
2020-03-28,6229.54,18292067.32096169,113951165058.62369,4102.0,11.23066392881588
2020-03-29,5897.31,18293954.82096169,107885122705.2056,4103.0,11.233401779603012
2020-03-30,6462.71,18295792.32095623,118240399990.56703,4104.0,11.236139630390143
2020-03-31,6440.67,18297779.82092347,117849961559.22717,4105.0,11.238877481177276
2020-04-01,6666.46,18299692.32092347,121994166869.74347,4106.0,11.241615331964407
2020-04-02,6804.66,18301604.82089617,124536198260.55934,4107.0,11.24435318275154
2020-04-03,6752.22,18303254.82089071,123587603266.71468,4108.0,11.247091033538672
2020-04-04,6842.1,18305217.32089071,125246127431.26633,4109.0,11.249828884325805
2020-04-05,6770.37,18307404.82089071,123947904377.21384,4110.0,11.252566735112936
2020-04-06,7248.9,18309004.82088525,132720145046.11507,4111.0,11.255304585900069
2020-04-07,7164.54,18311104.82085239,131190642933.18979,4112.0,11.2580424366872
2020-04-08,7352.38,18312904.82084693,134643435146.69855,4113.0,11.260780287474333
2020-04-09,7320.19,18314829.82084693,134068034106.26549,4114.0,11.263518138261464
2020-04-10,6844.88,18316867.32084693,125376758787.11874,4115.0,11.266255989048597
2020-04-11,6854.89,18318854.82084693,125573734722.87541,4116.0,11.268993839835728
2020-04-12,7005.55,18320767.32084693,128347051504.55922,4117.0,11.271731690622861
2020-04-13,6845.94,18322904.82084693,125437507029.22882,4118.0,11.274469541409994
2020-04-14,6877.04,18325004.82084693,126021791153.15717,4119.0,11.277207392197125
2020-04-15,6619.82,18327117.32081963,121322217782.7082,4120.0,11.279945242984258
2020-04-16,7139.11,18329042.32081895,130853049322.98177,4121.0,11.28268309377139
2020-04-17,7079.7,18330629.82081895,129775359942.45192,4122.0,11.285420944558522
2020-04-18,7245.7,18332604.82081895,132832554750.20786,4123.0,11.288158795345653
2020-04-19,7167.55,18334504.82081895,131413480028.46086,4124.0,11.290896646132786
2020-04-20,6847.33,18336517.32081895,125556185146.36322,4125.0,11.293634496919918
2020-04-21,6911.16,18338379.82081895,126739477082.4511,4126.0,11.29637234770705
2020-04-22,7106.31,18340017.32081895,130329848487.10892,4127.0,11.299110198494182
2020-04-23,7532.66,18341792.32081895,138162485343.34006,4128.0,11.301848049281315
2020-04-24,7502.8,18343592.32081895,137628304464.6404,4129.0,11.304585900068446
2020-04-25,7514.18,18345292.32081895,137849828651.25134,4130.0,11.307323750855579
2020-04-26,7648.43,18347004.82081895,140325782081.6963,4131.0,11.31006160164271
2020-04-27,7757.45,18348767.32081895,142339645052.88696,4132.0,11.312799452429843
2020-04-28,7758.54,18350692.32081895,142374580398.76666,4133.0,11.315537303216974
2020-04-29,8731.52,18352504.82081895,160245262893.0771,4134.0,11.318275154004107
2020-04-30,8702.4,18354192.32081895,159725523252.69482,4135.0,11.321013004791238
2020-05-01,8847.99,18355954.82081895,162413304695.05786,4136.0,11.323750855578371
2020-05-02,8928.02,18357804.82081895,163898848596.368,4137.0,11.326488706365502
2020-05-03,8908.0,18359904.82081895,163550032143.8552,4138.0,11.329226557152635
2020-05-04,8902.66,18361879.82079165,163469573005.369,4139.0,11.331964407939767
2020-05-05,8960.42,18363854.82079165,164547852013.31793,4140.0,11.3347022587269
2020-05-06,9309.91,18365779.82079165,170983757211.38638,4141.0,11.33744010951403
2020-05-07,9895.03,18367617.32079165,181748124417.75302,4142.0,11.340177960301164
2020-05-08,9903.74,18369329.82079165,181925066519.3671,4143.0,11.342915811088295
2020-05-09,9567.19,18371029.82078165,175759132791.08398,4144.0,11.345653661875428
2020-05-10,8719.35,18373154.82078165,160201967486.58246,4145.0,11.34839151266256
2020-05-11,8600.04,18374967.32078164,158025453957.41495,4146.0,11.351129363449692
2020-05-12,8815.89,18375879.82078164,161999735153.23065,4147.0,11.353867214236825
2020-05-13,9327.55,18376623.57078164,171408875187.6443,4148.0,11.356605065023956
2020-05-14,9774.57,18377336.07078164,179630557837.3801,4149.0,11.359342915811089
2020-05-15,9369.14,18378117.32078164,172187154114.8281,4150.0,11.36208076659822
2020-05-16,9418.02,18378904.82078164,173092893180.21793,4151.0,11.364818617385353
2020-05-17,9749.38,18379542.32078164,179189142311.3821,4152.0,11.367556468172484
2020-05-18,9694.77,18380342.32078164,178193191321.24423,4153.0,11.370294318959617
2020-05-19,9692.03,18381061.07078164,178149795329.8478,4154.0,11.373032169746748
2020-05-20,9545.53,18381779.82078164,175463830732.6658,4155.0,11.375770020533881
2020-05-21,9093.53,18382598.57077618,167162711581.31033,4156.0,11.378507871321013
2020-05-22,9196.04,18383292.32077071,169053491513.5003,4157.0,11.381245722108146
2020-05-23,9212.75,18384036.07076525,169367528310.94257,4158.0,11.383983572895277
2020-05-24,9022.06,18384761.07076525,165868417466.1083,4159.0,11.38672142368241
2020-05-25,8907.67,18385542.32076525,163772343764.41098,4160.0,11.38945927446954
2020-05-26,8818.75,18386317.32076525,162144335872.49854,4161.0,11.392197125256674
2020-05-27,9117.59,18387179.82074865,167646766861.85968,4162.0,11.394934976043805
2020-05-28,9539.0,18387998.57074308,175403118366.31824,4163.0,11.397672826830938
2020-05-29,9434.81,18388792.32074308,173494761675.67,4164.0,11.40041067761807
2020-05-30,9665.83,18389767.32073751,177752364661.80426,4165.0,11.403148528405202
2020-05-31,9442.4,18390704.82073751,173652391199.33188,4166.0,11.405886379192333
2020-06-01,10214.65,18391542.32071021,187863167766.24252,4167.0,11.408624229979466
2020-06-02,9516.44,18392348.57071021,175029681632.24945,4168.0,11.411362080766597
2020-06-03,9603.64,18393217.32070464,176641837589.8119,4169.0,11.41409993155373
2020-06-04,9782.9,18394161.07069918,179948238338.54303,4170.0,11.416837782340862
2020-06-05,9663.23,18395279.82069918,177757819821.77493,4171.0,11.419575633127995
2020-06-06,9662.86,18396504.82068826,177762850571.63577,4172.0,11.422313483915127
2020-06-07,9760.93,18397498.57066096,179576695723.3217,4173.0,11.425051334702259
2020-06-08,9756.65,18398511.07066096,179507833037.56424,4174.0,11.427789185489392
2020-06-09,9769.5,18399511.07066096,179754023404.82224,4175.0,11.430527036276523
2020-06-10,9885.38,18400536.07063366,181896291261.92056,4176.0,11.433264887063656
2020-06-11,9303.26,18401692.32060636,171195728098.6043,4177.0,11.436002737850787
2020-06-12,9437.64,18402711.07057906,173678162108.13974,4178.0,11.43874058863792
2020-06-13,9443.26,18403698.57057906,173790910563.6064,4179.0,11.441478439425051
2020-06-14,9341.58,18404761.07057906,171929547921.69992,4180.0,11.444216290212184
2020-06-15,9441.02,18405623.57057906,173767860242.30832,4181.0,11.446954140999315
2020-06-16,9510.61,18406561.07057906,175057623783.45993,4182.0,11.449691991786448
2020-06-17,9439.73,18407423.57057906,173761108501.90225,4183.0,11.45242984257358
2020-06-18,9347.64,18408192.32057906,172073154863.53763,4184.0,11.455167693360712
2020-06-19,9317.59,18409086.07057906,171528316280.36673,4185.0,11.457905544147843
2020-06-20,9336.07,18409942.32057906,171876510200.88852,4186.0,11.460643394934976
2020-06-21,9304.2,18410854.82056268,171298275421.4793,4187.0,11.463381245722108
2020-06-22,9659.75,18411748.57056268,177852888254.49283,4188.0,11.46611909650924
2020-06-23,9625.66,18412736.07056268,177234737084.97235,4189.0,11.468856947296372
2020-06-24,9274.97,18413604.82056268,170785632302.57422,4190.0,11.471594798083505
2020-06-25,9240.59,18414486.07056268,170160715838.7808,4191.0,11.474332648870636
2020-06-26,9139.04,18415511.07053538,168300092294.06567,4192.0,11.477070499657769
2020-06-27,9013.14,18416373.57053538,165989353283.53525,4193.0,11.4798083504449
2020-06-28,9123.24,18417311.07053538,168025549051.1512,4194.0,11.482546201232033
2020-06-29,9212.59,18418217.32053537,169679484704.99094,4195.0,11.485284052019164
2020-06-30,9123.72,18419136.07053537,168051040149.46494,4196.0,11.488021902806297
2020-07-01,9225.75,18420148.57050807,169939685674.36484,4197.0,11.490759753593428
2020-07-02,9137.56,18421173.57048077,168324578770.68228,4198.0,11.493497604380561
2020-07-03,9062.64,18422192.32048077,166953697011.28186,4199.0,11.496235455167694
2020-07-04,9120.83,18423173.57048077,168034634196.84814,4200.0,11.498973305954825
2020-07-05,9064.12,18424192.32048075,166999090095.916,4201.0,11.501711156741958
2020-07-06,9324.82,18425154.82048075,171811252173.1153,4202.0,11.50444900752909
2020-07-07,9233.87,18426161.07044799,170144775923.57758,4203.0,11.507186858316222
2020-07-08,9440.55,18427104.82044799,173962004412.68024,4204.0,11.509924709103354
2020-07-09,9234.73,18428129.82044799,170178803296.78564,4205.0,11.512662559890487
2020-07-10,9247.85,18429136.07044799,170429886009.09244,4206.0,11.515400410677618
2020-07-11,9228.84,18430111.07044799,170088546251.39322,4207.0,11.51813826146475
2020-07-12,9293.58,18431061.07044799,171290540543.09402,4208.0,11.520876112251882
2020-07-13,9229.11,18431979.82044799,170110769280.69476,4209.0,11.523613963039015
2020-07-14,9242.57,18432879.82042615,170367182041.87613,4210.0,11.526351813826146
2020-07-15,9221.76,18433742.32040977,169991547580.66202,4211.0,11.529089664613279
2020-07-16,9123.08,18434592.32040977,168180260506.48398,4212.0,11.53182751540041
2020-07-17,9133.73,18435329.82037701,168383325040.2721,4213.0,11.534565366187543
2020-07-18,9136.6,18436142.32037155,168443657924.3067,4214.0,11.537303216974674
2020-07-19,9198.52,18436961.07037155,169592755145.03412,4215.0,11.540041067761807
2020-07-20,9141.93,18437842.32037155,168557463843.8743,4216.0,11.542778918548938
2020-07-21,9349.39,18438623.57035517,172389882822.4429,4217.0,11.545516769336071
2020-07-22,9547.61,18439523.57031695,176053379635.19385,4218.0,11.548254620123203
2020-07-23,9579.52,18440373.57031149,176649927424.27032,4219.0,11.550992470910336
2020-07-24,9549.95,18441379.79568689,176114254979.82004,4220.0,11.553730321697467
2020-07-25,9666.81,18442267.21706289,178277893156.5757,4221.0,11.5564681724846
2020-07-26,9897.03,18443254.66209889,182533444688.4326,4222.0,11.55920602327173
2020-07-27,11193.5,18444185.87879289,206454994634.26822,4223.0,11.561943874058864
2020-07-28,10968.85,18445092.12879289,202321448796.90988,4224.0,11.564681724845997
2020-07-29,11229.59,18446017.12875467,207141209488.89218,4225.0,11.567419575633128
2020-07-30,11105.18,18446860.87875467,204855710493.5288,4226.0,11.570157426420261
2020-07-31,11330.49,18447817.12875467,209022807499.1835,4227.0,11.572895277207392
2020-08-01,11682.06,18448673.37875467,215518509331.0148,4228.0,11.575633127994525
2020-08-02,11097.08,18449554.62874375,204736183679.53967,4229.0,11.578370978781656
2020-08-03,11222.49,18450567.12871637,207061305096.34814,4230.0,11.58110882956879
2020-08-04,11212.32,18451473.37871091,206883823993.58792,4231.0,11.58384668035592
2020-08-05,11641.73,18452279.62871091,214816457321.95267,4232.0,11.586584531143053
2020-08-06,11757.05,18453254.62871091,216955837332.4856,4233.0,11.589322381930184
2020-08-07,11617.69,18454204.62870545,214395228572.86502,4234.0,11.592060232717317
2020-08-08,11749.77,18455092.12870545,216843087841.09943,4235.0,11.594798083504449
2020-08-09,11655.65,18456067.12870545,215117458828.69568,4236.0,11.597535934291582
2020-08-10,11886.08,18456923.37870545,219380467833.16327,4237.0,11.600273785078713
2020-08-11,11357.52,18457885.87870545,209635808025.11472,4238.0,11.603011635865846
2020-08-12,11595.42,18458867.12870545,214038317081.53375,4239.0,11.605749486652977
2020-08-13,11747.89,18459785.87870112,216863533926.5341,4240.0,11.60848733744011
2020-08-14,11757.47,18460829.62865277,217052650533.99606,4241.0,11.611225188227241
2020-08-15,11887.48,18461804.62865277,219464333287.0172,4242.0,11.613963039014374
2020-08-16,11886.13,18462754.62865277,219450701674.26852,4243.0,11.616700889801505
2020-08-17,12317.99,18463535.87865277,227433650317.88602,4244.0,11.619438740588638
2020-08-18,12031.95,18464410.87865277,222162868471.40622,4245.0,11.62217659137577
2020-08-19,11755.87,18465273.37862001,217075353353.51764,4246.0,11.624914442162902
2020-08-20,11875.97,18466185.87861455,219303869508.85,4247.0,11.627652292950033
2020-08-21,11708.31,18467154.62857087,216219171209.24258,4248.0,11.630390143737166
2020-08-22,11634.72,18468004.62855438,214870062811.93423,4249.0,11.633127994524298
2020-08-23,11629.31,18468985.87855438,214781562167.33124,4250.0,11.63586584531143
2020-08-24,11753.39,18469917.12854892,217084139279.5156,4251.0,11.638603696098563
2020-08-25,11354.37,18470717.12854892,209723356442.88202,4252.0,11.641341546885695
2020-08-26,11482.68,18471604.62854892,212103525036.14612,4253.0,11.644079397672828
2020-08-27,11340.53,18472410.87854892,209486929740.5104,4254.0,11.646817248459959
2020-08-28,11486.65,18473429.62852162,212197820442.4579,4255.0,11.649555099247092
2020-08-29,11484.17,18474342.12852162,212162485642.10416,4256.0,11.652292950034223
2020-08-30,11652.88,18475135.87852162,215288541376.10703,4257.0,11.655030800821356
2020-08-31,11642.52,18476073.37852162,215108053830.90555,4258.0,11.657768651608487
2020-09-01,12003.73,18477035.87852162,221793349886.08633,4259.0,11.66050650239562
2020-09-02,11375.17,18477935.87852162,210189661867.2828,4260.0,11.663244353182751
2020-09-03,10725.45,18478742.12852162,198192824762.35223,4261.0,11.665982203969884
2020-09-04,10476.68,18479585.87852162,193604707781.78992,4262.0,11.668720054757015
2020-09-05,10105.28,18480467.12849432,186750294864.23108,4263.0,11.671457905544148
2020-09-06,10231.8,18481404.62849432,189098035877.82816,4264.0,11.67419575633128
2020-09-07,10357.21,18482498.37849432,191427117030.72513,4265.0,11.676933607118412
2020-09-08,10109.09,18483467.12849432,186851032713.99063,4266.0,11.679671457905544
2020-09-09,10240.44,18484398.3784834,189288372530.95654,4267.0,11.682409308692677
2020-09-10,10350.51,18485385.87847248,191333171388.9882,4268.0,11.685147159479808
2020-09-11,10355.05,18486248.37847248,191426026271.50146,4269.0,11.68788501026694
2020-09-12,10455.16,18487310.87847248,193287793204.17035,4270.0,11.690622861054072
2020-09-13,10336.48,18488323.37847248,191104184835.11322,4271.0,11.693360711841205
2020-09-14,10661.32,18489423.37847248,197121659253.37622,4272.0,11.696098562628336
2020-09-15,10811.1,18490398.37847248,199901545909.50385,4273.0,11.698836413415469
2020-09-16,10979.95,18491367.12846702,203034286502.21146,4274.0,11.7015742642026
2020-09-17,10963.94,18492479.62846702,202750437097.7347,4275.0,11.704312114989733
2020-09-18,10940.9,18493510.87846213,202335653170.1663,4276.0,11.707049965776864
2020-09-19,11084.39,18494442.12844029,204999609384.06226,4277.0,11.709787816563997
2020-09-20,10856.57,18495329.62782331,200795840777.53772,4278.0,11.71252566735113
2020-09-21,10482.02,18496235.87781785,193877914396.00427,4279.0,11.715263518138261
2020-09-22,10486.14,18497042.12781785,193962573338.19586,4280.0,11.718001368925394
2020-09-23,10236.75,18497929.62781785,189358681117.5644,4281.0,11.720739219712526
2020-09-24,10702.23,18498785.87781785,197978261185.15854,4282.0,11.723477070499658
2020-09-25,10708.95,18499842.12744111,198113884350.66046,4283.0,11.72621492128679
2020-09-26,10719.87,18500779.62720381,198325952502.27335,4284.0,11.728952772073923
2020-09-27,10719.42,18501729.62680381,198327810596.15332,4285.0,11.731690622861054
2020-09-28,10846.74,18502535.87650381,200692195993.10895,4286.0,11.734428473648187
2020-09-29,10791.91,18503417.12650381,199687212321.68774,4287.0,11.737166324435318
2020-09-30,10734.66,18504392.12650371,198638357984.6943,4288.0,11.739904175222451
2020-10-01,10600.06,18505167.12650371,196155881850.9669,4289.0,11.742642026009582
2020-10-02,10576.99,18506017.12649825,195737958086.8007,4290.0,11.745379876796715
2020-10-03,10585.69,18506960.87649825,195908950680.73874,4291.0,11.748117727583846
2020-10-04,10655.47,18507948.37649825,197210888687.32578,4292.0,11.75085557837098
2020-10-05,10721.34,18508823.37649825,198439388419.38574,4293.0,11.75359342915811
2020-10-06,10594.81,18509635.87649825,196106075280.6824,4294.0,11.756331279945243
2020-10-07,10625.02,18510579.62649825,196675278743.1364,4295.0,11.759069130732374
2020-10-08,10855.56,18511592.12649825,200953699024.7293,4296.0,11.761806981519507
2020-10-09,11081.05,18512478.63549825,205137701383.88788,4297.0,11.764544832306639
2020-10-10,11341.09,18513371.91999825,209961817148.17297,4298.0,11.767282683093772
2020-10-11,11353.39,18514244.51434825,210199438526.75626,4299.0,11.770020533880903
2020-10-12,11624.51,18515174.0181668,215229825525.92014,4300.0,11.772758384668036
2020-10-13,11457.72,18516210.99390416,212153561029.07553,4301.0,11.775496235455167
2020-10-14,11365.66,18517142.22788756,210459542733.81253,4302.0,11.7782340862423
2020-10-15,11472.04,18518085.97786026,212440223061.45206,4303.0,11.780971937029431
2020-10-16,11353.97,18519054.72786026,210264791808.48355,4304.0,11.783709787816564
2020-10-17,11352.13,18520035.97786026,210241856025.3468,4305.0,11.786447638603697
2020-10-18,11476.7,18520785.97786026,212557504432.10886,4306.0,11.789185489390828
2020-10-19,11740.63,18521567.22786026,217454867842.43298,4307.0,11.791923340177961
2020-10-20,11898.23,18522467.22786026,220384575244.5438,4308.0,11.794661190965092
2020-10-21,12898.2,18523279.72786026,238916966585.88724,4309.0,11.797399041752225
2020-10-22,13075.09,18524135.97786026,242204745082.76093,4310.0,11.800136892539356
2020-10-23,12913.58,18524952.73986026,239223459202.40463,4311.0,11.80287474332649
2020-10-24,13052.91,18525902.73986026,241816941132.14938,4312.0,11.80561259411362
2020-10-25,13029.18,18526633.98986026,241386849048.0075,4313.0,11.808350444900753
2020-10-26,13023.35,18527321.48986026,241287792324.97162,4314.0,11.811088295687885
2020-10-27,13661.78,18527940.23986026,253124643410.1181,4315.0,11.813826146475018
2020-10-28,13232.47,18528565.23986026,245178683679.49368,4316.0,11.816563997262149
2020-10-29,13487.88,18529240.23986026,249920168846.40637,4317.0,11.819301848049282
2020-10-30,13601.15,18529933.98986026,252028411686.18787,4318.0,11.822039698836413
2020-10-31,13797.77,18530640.2293548,255681511837.38477,4319.0,11.824777549623546
2020-11-01,13771.66,18531421.44451533,255208435450.57397,4320.0,11.827515400410677
2020-11-02,13634.95,18532015.19451533,252683100576.4568,4321.0,11.83025325119781
2020-11-03,13913.91,18532890.19450987,257864966206.29285,4322.0,11.832991101984941
2020-11-04,14122.04,18533883.94447165,261736250419.18643,4323.0,11.835728952772074
2020-11-05,15611.82,18534802.69446619,289362003401.5211,4324.0,11.838466803559205
2020-11-06,15652.65,18535758.94446619,290133747242.0987,4325.0,11.841204654346338
2020-11-07,14813.85,18536671.44446619,274599470277.60547,4326.0,11.84394250513347
2020-11-08,15479.91,18537533.94446619,286959357082.2816,4327.0,11.846680355920602
2020-11-09,15312.29,18538690.19446619,283869800477.8227,4328.0,11.849418206707734
2020-11-10,15302.92,18539608.94446619,283710152508.4505,4329.0,11.852156057494867
2020-11-11,15710.47,18540527.69446619,291280404128.0802,4330.0,11.854893908282
2020-11-12,16235.46,18541527.69446073,301030231222.3094,4331.0,11.85763175906913
2020-11-13,16278.87,18542396.44444435,301849261207.57184,4332.0,11.860369609856264
2020-11-14,16039.88,18543283.94444435,297432049274.814,4333.0,11.863107460643395
2020-11-15,16002.24,18544221.44444435,296749082167.14514,4334.0,11.865845311430528
2020-11-16,16773.68,18545221.44444435,311071610038.2473,4335.0,11.868583162217659
2020-11-17,17623.14,18546202.69441705,326842326552.08887,4336.0,11.871321013004792
2020-11-18,17776.34,18547258.94441705,329702381063.99854,4337.0,11.874058863791923
2020-11-19,17795.9,18548115.19441705,330080403188.32635,4338.0,11.876796714579056
2020-11-20,18623.92,18549165.19441705,345458168647.60754,4339.0,11.879534565366187
2020-11-21,18633.79,18550221.44441705,345660930848.764,4340.0,11.88227241615332
2020-11-22,18603.46,18551308.94441705,345118533895.10474,4341.0,11.885010266940451
2020-11-23,18405.87,18552227.69441705,341469891153.8399,4342.0,11.887748117727584
2020-11-24,19132.26,18553077.69441159,354962306249.68304,4343.0,11.890485968514716
2020-11-25,18785.84,18554046.44432969,348553347855.74646,4344.0,11.893223819301848
2020-11-26,17142.43,18554983.94365265,318077513405.18945,4345.0,11.89596167008898
2020-11-27,16987.49,18555946.44336873,315218954647.2619,4346.0,11.898699520876113
2020-11-28,17776.39,18556908.94336873,329874850571.8104,4347.0,11.901437371663244
2020-11-29,18184.32,18557846.44336327,337461818236.9796,4348.0,11.904175222450377
2020-11-30,19507.46,18558552.69336327,362030224323.6763,4349.0,11.906913073237508
2020-12-01,18852.8,18559502.69335235,349898592377.23315,4350.0,11.90965092402464
2020-12-02,19154.78,18560321.44335235,355518873976.6967,4351.0,11.912388774811772
2020-12-03,19482.31,18561302.69332505,361617053075.1936,4352.0,11.915126625598905
2020-12-04,18805.31,18562202.69329229,349067975930.1965,4353.0,11.917864476386036
2020-12-05,19055.44,18563102.69323769,353728089584.82916,4354.0,11.92060232717317
2020-12-06,19289.94,18563952.69323769,358097533615.3934,4355.0,11.9233401779603
2020-12-07,19094.08,18564890.19323769,354479498540.89594,4356.0,11.926078028747433
2020-12-08,18793.01,18565790.19319947,348907080758.6995,4357.0,11.928815879534566
2020-12-09,18603.96,18566658.94319947,345413380312.92523,4358.0,11.931553730321697
2020-12-10,18372.1,18567471.44303395,341123442098.56396,4359.0,11.93429158110883
2020-12-11,18039.64,18568333.94291929,334966059730.04456,4360.0,11.937029431895962
2020-12-12,18823.11,18569158.94269543,349529321385.8398,4361.0,11.939767282683095
2020-12-13,19081.17,18570133.94261899,354339882681.8831,4362.0,11.942505133470226
2020-12-14,19257.76,18571040.19259715,357636634979.38965,4363.0,11.945242984257359
2020-12-15,19471.54,18571915.19259715,361623789549.2631,4364.0,11.94798083504449
2020-12-16,21364.16,18572808.94259715,396792461899.07635,4365.0,11.950718685831623
2020-12-17,22766.36,18573615.19259715,422853609976.1361,4366.0,11.953456536618754
2020-12-18,22923.64,18574596.44259715,425797361995.37775,4367.0,11.956194387405887
2020-12-19,23908.9,18575583.94255893,444121778924.2472,4368.0,11.958932238193018
2020-12-20,23489.0,18576527.69252071,436344058969.619,4369.0,11.961670088980151
2020-12-21,23140.84,18577377.69250433,429896124801.81195,4370.0,11.964407939767282
2020-12-22,23621.42,18578271.44249341,438845152617.14264,4371.0,11.967145790554415
2020-12-23,23419.41,18579233.94248795,435114697185.04175,4372.0,11.969883641341546
2020-12-24,23581.03,18580021.44248795,438136043035.95166,4373.0,11.97262149212868
2020-12-25,24554.36,18580921.44248795,456242634230.5685,4374.0,11.97535934291581
2020-12-26,26463.51,18581777.69247703,491739059782.64276,4375.0,11.978097193702943
2020-12-27,26446.15,18582702.69247703,491440942810.6514,4376.0,11.980835044490075
2020-12-28,26863.27,18583702.69247703,499219023027.7374,4377.0,11.983572895277208
2020-12-29,27141.71,18584652.69247703,504419253829.93066,4378.0,11.986310746064339
2020-12-30,28816.0,18585727.69247703,535566329186.4181,4379.0,11.989048596851472
2020-12-31,29008.69,18586765.19247703,539177709571.35645,4380.0,11.991786447638603
2021-01-01,29310.83,18587696.44247703,544820810517.049,4381.0,11.994524298425736
2021-01-02,31987.0,18588640.19247703,594594833836.7627,4382.0,11.997262149212867
2021-01-03,33424.64,18589627.69247703,621351613355.0754,4383.0,12.0
2021-01-04,31355.75,18590708.94247703,582925621923.0741,4384.0,12.002737850787133
2021-01-05,33964.72,18591690.19241151,631461551712.003,4385.0,12.005475701574264
2021-01-06,36298.64,18592796.44241151,674893224656.3761,4386.0,12.008213552361397
2021-01-07,39157.04,18593846.44238421,728079988898.2961,4387.0,12.010951403148528
2021-01-08,40778.9,18594771.44238421,758274325171.8414,4388.0,12.013689253935661
2021-01-09,40321.97,18595640.19238421,749812845968.1104,4389.0,12.016427104722792
2021-01-10,38460.67,18596633.94238421,715239001168.838,4390.0,12.019164955509925
2021-01-11,35026.54,18597596.44238421,651409455693.0282,4391.0,12.021902806297057
2021-01-12,33563.62,18598521.44238421,624233706254.0355,4392.0,12.02464065708419
2021-01-13,37262.53,18599471.44235145,693063362604.7642,4393.0,12.02737850787132
2021-01-14,38905.95,18600390.19232415,723665850803.0537,4394.0,12.030116358658454
2021-01-15,36544.48,18601358.94232415,679776989840.5862,4395.0,12.032854209445585
2021-01-16,35951.71,18602277.69228047,668783692932.3367,4396.0,12.035592060232718
2021-01-17,36290.8,18603108.94158081,675121705977.1208,4397.0,12.038329911019849
2021-01-18,36327.23,18604015.19158081,675832338788.0502,4398.0,12.041067761806982
2021-01-19,36376.48,18604946.44158081,676782462133.2356,4399.0,12.043805612594113
2021-01-20,35038.63,18605827.69155351,651922712328.0975,4400.0,12.046543463381246
2021-01-21,31129.17,18606633.94154805,579209071094.2192,4401.0,12.049281314168377
2021-01-22,33484.7,18607515.19154805,623067063934.429,4402.0,12.05201916495551
2021-01-23,31990.6,18608490.19154805,595296766321.737,4403.0,12.054757015742641
2021-01-24,32057.72,18609358.94154805,596573618327.6438,4404.0,12.057494866529774
2021-01-25,32410.68,18610233.94154805,603170337004.6526,4405.0,12.060232717316905
2021-01-26,32662.7,18611240.19153713,607893355004.1199,4406.0,12.062970568104038
2021-01-27,30318.43,18612127.69153713,564290490566.93,4407.0,12.06570841889117
2021-01-28,33499.16,18613033.94153713,623521002092.983,4408.0,12.068446269678303
2021-01-29,34422.59,18613983.94153712,640741537486.1162,4409.0,12.071184120465434
2021-01-30,34287.9,18614833.94153712,638263564704.0306,4410.0,12.073921971252567
2021-01-31,33077.21,18615733.94153712,615756540888.351,4411.0,12.0766598220397
2021-02-01,33651.89,18616477.69150982,626479659462.1425,4412.0,12.07939767282683
2021-02-02,35559.8,18617433.94150436,662032227473.1068,4413.0,12.082135523613964
2021-02-03,37510.56,18618371.44150435,698385539058.8354,4414.0,12.084873374401095
2021-02-04,37194.81,18619371.44150435,692543983086.1804,4415.0,12.087611225188228
2021-02-05,37987.48,18620427.64630735,707343122805.5476,4416.0,12.09034907597536
2021-02-06,39362.91,18621421.27046635,732993329541.4526,4417.0,12.093086926762492
2021-02-07,38826.67,18622396.27046635,723045634602.6277,4418.0,12.095824777549623
2021-02-08,44748.92,18623408.77046635,833377429196.897,4419.0,12.098562628336756
2021-02-09,46714.02,18624302.52046635,870016040427.1155,4420.0,12.101300479123887
2021-02-10,45127.75,18625196.27046635,840513200994.5378,4421.0,12.10403832991102
2021-02-11,47823.99,18626002.52046635,890769758278.7574,4422.0,12.106776180698152
2021-02-12,47747.86,18626890.00844379,889394136358.573,4423.0,12.109514031485284
2021-02-13,47285.77,18627868.66744133,880833113398.8372,4424.0,12.112251882272416
2021-02-14,48982.2,18628790.11853781,912479123344.2427,4425.0,12.114989733059549
2021-02-15,48331.75,18629738.24477421,900407851411.866,4426.0,12.11772758384668
2021-02-16,49000.73,18630493.60277421,912907786796.2664,4427.0,12.120465434633813
2021-02-17,52107.86,18631354.71697421,970840023202.4318,4428.0,12.123203285420944
2021-02-18,51842.6,18632208.62172421,965942138692.5995,4429.0,12.125941136208077
2021-02-19,55628.25,18633164.85170618,1036530352661.9243,4430.0,12.128678986995208
2021-02-20,55651.54,18634077.30512618,1037015098509.3218,4431.0,12.131416837782341
2021-02-21,57509.7,18634958.02512617,1071690845537.5985,4432.0,12.134154688569472
2021-02-22,54293.07,18635789.27512617,1011794211619.6744,4433.0,12.136892539356605
2021-02-23,48431.51,18636583.02512617,902597857147.2284,4434.0,12.139630390143736
2021-02-24,49478.15,18637576.15012617,922152788392.3652,4435.0,12.14236824093087
2021-02-25,48165.35,18638551.15012617,897732339638.7295,4436.0,12.145106091718
2021-02-26,46105.46,18639419.88009887,859379027705.1031,4437.0,12.147843942505133
2021-02-27,46850.89,18640401.13009887,873319382902.1377,4438.0,12.150581793292266
2021-02-28,45330.37,18641219.88009877,845013394416.233,4439.0,12.153319644079398
2021-03-01,49362.38,18642032.38009877,920215086318.74,4440.0,12.15605749486653
2021-03-02,47954.78,18642926.13009877,894017421125.138,4441.0,12.158795345653662
2021-03-03,50785.81,18643876.13009877,946844350806.7314,4442.0,12.161533196440795
2021-03-04,48346.11,18644676.13007147,901397563098.8096,4443.0,12.164271047227926
2021-03-05,48943.39,18645607.38007147,912579233789.7161,4444.0,12.167008898015059
2021-03-06,48826.88,18646557.38007147,910453219609.8639,4445.0,12.16974674880219
2021-03-07,51002.85,18647469.88007147,951074109172.8031,4446.0,12.172484599589323
2021-03-08,51836.44,18648438.63007147,966668670141.382,4447.0,12.175222450376454
2021-03-09,54531.13,18649313.63006601,1016968145971.9015,4448.0,12.177960301163587
2021-03-10,56621.71,18650244.88006601,1056008757028.0824,4449.0,12.180698151950718
2021-03-11,57648.93,18651069.88006601,1075214221941.0339,4450.0,12.183436002737851
2021-03-12,57299.98,18652007.38006601,1068759649837.6349,4451.0,12.186173853524982
2021-03-13,61042.4,18652901.13006601,1138617851941.9414,4452.0,12.188911704312115
2021-03-14,60254.21,18653882.380066,1123974946243.7966,4453.0,12.191649555099247
2021-03-15,56311.67,18654807.380066,1050483357099.8412,4454.0,12.19438740588638
2021-03-16,56324.21,18655738.63006054,1050769740304.6421,4455.0,12.19712525667351
2021-03-17,58650.88,18656588.63006054,1094225340951.045,4456.0,12.199863107460644
2021-03-18,57642.42,18657538.63006054,1075465677880.1742,4457.0,12.202600958247775
2021-03-19,58269.38,18658463.63006054,1087217107476.1769,4458.0,12.205338809034908
2021-03-20,58292.48,18659426.13006054,1087704224498.0314,4459.0,12.208076659822039
2021-03-21,57566.54,18660401.13005508,1074214728069.3611,4460.0,12.210814510609172
2021-03-22,54414.9,18661344.88005508,1015455215513.7092,4461.0,12.213552361396303
2021-03-23,54499.23,18662351.13005508,1017083766577.6318,4462.0,12.216290212183436
2021-03-24,52540.46,18663301.13005508,980578426491.6138,4463.0,12.219028062970569
2021-03-25,52161.98,18664263.63004862,973564946185.3236,4464.0,12.2217659137577
2021-03-26,54502.58,18665113.63004862,1017296848830.8154,4465.0,12.224503764544833
2021-03-27,56148.44,18666107.38004862,1048072810262.2173,4466.0,12.227241615331964
2021-03-28,55581.42,18667101.13004862,1037543988091.707,4467.0,12.229979466119097
2021-03-29,57611.91,18668044.88004862,1075501721505.322,4468.0,12.232717316906228
2021-03-30,58843.33,18668957.38004316,1098543619869.8151,4469.0,12.235455167693361
2021-03-31,58863.17,18669938.62932678,1098971771427.6292,4470.0,12.238193018480493
2021-04-01,58889.08,18670844.87932678,1099508877766.2651,4471.0,12.240930869267626
2021-04-02,59016.78,18671719.87932678,1101944784339.855,4472.0,12.243668720054757
2021-04-03,57540.91,18672538.62932678,1074434864741.6156,4473.0,12.24640657084189
2021-04-04,58216.17,18673451.12932678,1087096805431.5797,4474.0,12.24914442162902
2021-04-05,58863.22,18674426.12932678,1099236853624.3107,4475.0,12.251882272416154
2021-04-06,58182.31,18675326.12932678,1086573614207.5907,4476.0,12.254620123203285
2021-04-07,56296.06,18676307.37932678,1051402520805.0231,4477.0,12.257357973990418
2021-04-08,57687.28,18677144.87932678,1077433686254.2902,4478.0,12.260095824777549
2021-04-09,58165.2,18678094.87932678,1086415124275.018,4479.0,12.262833675564682
2021-04-10,59342.25,18679076.12932132,1108458405435.2183,4480.0,12.265571526351813
2021-04-11,59836.52,18679982.37932132,1117745139239.9077,4481.0,12.268309377138946
2021-04-12,59926.93,18680882.30832031,1119487926428.9497,4482.0,12.271047227926077
2021-04-13,63123.32,18681769.75252031,1179255330254.6604,4483.0,12.27378507871321
2021-04-14,63030.35,18682613.46851931,1177571665835.486,4484.0,12.276522929500342
2021-04-15,63165.73,18683688.25551931,1180168807752.3037,4485.0,12.279260780287474
2021-04-16,61791.93,18684332.00551931,1154540935381.8086,4486.0,12.281998631074606
2021-04-17,60930.34,18684900.75551931,1138477355900.0483,4487.0,12.284736481861739
2021-04-18,56321.75,18685675.75551931,1052409958483.4196,4488.0,12.28747433264887
2021-04-19,56212.35,18686282.00551931,1050399824292.9532,4489.0,12.290212183436003
2021-04-20,56408.91,18687082.00551931,1054117927011.9583,4490.0,12.292950034223136
2021-04-21,54437.32,18687713.25551931,1017309026558.9463,4491.0,12.295687885010267
2021-04-22,51888.09,18688607.00551931,969716122277.0162,4492.0,12.2984257357974
2021-04-23,50733.74,18689450.75551385,948185735373.0432,4493.0,12.301163586584531
2021-04-24,50275.6,18690356.73110839,939668898870.513,4494.0,12.303901437371664
2021-04-25,48503.03,18691237.98110839,906581676534.8396,4495.0,12.306639288158795
2021-04-26,53702.69,18691950.38110839,1003808016812.0457,4496.0,12.309377138945928
2021-04-27,54984.38,18692837.88110839,1027814101333.2584,4497.0,12.31211498973306
2021-04-28,54732.54,18693725.38110839,1023155072170.5302,4498.0,12.314852840520192
2021-04-29,53378.99,18694487.88110839,997892881660.8058,4499.0,12.317590691307323
2021-04-30,57074.46,18695394.13110838,1067029524520.18,4500.0,12.320328542094456
2021-05-01,57620.52,18696262.88110838,1077288389266.163,4501.0,12.323066392881588
2021-05-02,56420.61,18697419.13110838,1054919792802.8048,4502.0,12.32580424366872
2021-05-03,57376.49,18698525.29793575,1072855749771.7576,4503.0,12.328542094455852
2021-05-04,53860.07,18699656.54793575,1007164810647.7778,4504.0,12.331279945242985
2021-05-05,57246.5,18700637.79793575,1070546061699.5289,4505.0,12.334017796030116
2021-05-06,56430.28,18701700.29793575,1055342184288.5978,4506.0,12.336755646817249
2021-05-07,57428.88,18702775.29793575,1074079438252.1165,4507.0,12.33949349760438
2021-05-08,58851.4,18703844.04793575,1100747407602.686,4508.0,12.342231348391513
2021-05-09,58221.64,18705006.54793575,1089036157431.558,4509.0,12.344969199178644
2021-05-10,55748.17,18706131.54793575,1042832601576.6853,4510.0,12.347707049965777
2021-05-11,56383.45,18707206.54793575,1054776845035.2079,4511.0,12.350444900752908
2021-05-12,52389.71,18708281.54793575,980121444894.7051,4512.0,12.353182751540041
2021-05-13,49289.66,18709287.79793575,922174434402.4019,4513.0,12.355920602327172
2021-05-14,50161.74,18710125.29793575,938532440562.4756,4514.0,12.358658453114305
2021-05-15,48364.94,18710894.04793575,904951267974.7698,4515.0,12.361396303901437
2021-05-16,45795.44,18711719.04793575,856911406956.5989,4516.0,12.36413415468857
2021-05-17,43196.03,18712475.29793575,808304644343.8916,4517.0,12.366872005475702
2021-05-18,42800.25,18713100.29793575,800925371026.7246,4518.0,12.369609856262834
2021-05-19,39247.55,18713881.54793575,734474001746.6858,4519.0,12.372347707049967
2021-05-20,41042.89,18714581.54793575,768100511867.9567,4520.0,12.375085557837098
2021-05-21,37128.28,18715269.04793575,694865749487.0919,4521.0,12.37782340862423
2021-05-22,37636.79,18715994.04793575,704409937623.4078,4522.0,12.380561259411362
2021-05-23,34352.42,18716737.79793575,642965237864.564,4523.0,12.383299110198495
2021-05-24,38466.38,18717525.04293575,719995430961.0829,4524.0,12.386036960985626
2021-05-25,38225.84,18718293.79293575,715522503601.7551,4525.0,12.388774811772759
2021-05-26,38914.75,18719056.29293575,728447395875.5215,4526.0,12.39151266255989
2021-05-27,38846.33,18719787.54293575,727195044422.7714,4527.0,12.394250513347023
2021-05-28,35160.74,18720531.29293575,658227733452.7777,4528.0,12.396988364134154
2021-05-29,34635.55,18721256.29293575,648421008396.7909,4529.0,12.399726214921287
2021-05-30,35681.53,18722156.29293575,668035181431.0758,4530.0,12.402464065708418
2021-05-31,37085.53,18723037.54293575,694353770489.67,4531.0,12.405201916495551
2021-06-01,36551.06,18723925.04293575,684379307679.8472,4532.0,12.407939767282683
2021-06-02,37604.92,18724962.54293575,704150718430.0955,4533.0,12.410677618069816
2021-06-03,38963.84,18725881.29293575,729632242556.9417,4534.0,12.413415468856947
2021-06-04,36891.48,18726700.04293575,690855680099.9635,4535.0,12.41615331964408
2021-06-05,35309.76,18727518.7929314,661264193973.8975,4536.0,12.41889117043121
2021-06-06,35754.45,18728456.2929314,669625654102.801,4537.0,12.421629021218344
2021-06-07,33944.05,18729287.5429314,635747872821.6406,4538.0,12.424366872005475
2021-06-08,33508.86,18730218.7929314,627628279301.7073,4539.0,12.427104722792608
2021-06-09,37226.61,18731006.2929314,697291866174.503,4540.0,12.429842573579739
2021-06-10,36749.94,18731743.7929314,688390460485.6014,4541.0,12.432580424366872
2021-06-11,37171.92,18732400.0429314,696319275803.8425,4542.0,12.435318275154003
2021-06-12,35801.97,18733225.0429314,670686360990.2787,4543.0,12.438056125941136
2021-06-13,38896.07,18734050.0429314,728680921853.3628,4544.0,12.44079397672827
2021-06-14,40293.57,18734893.7929314,754895754488.0469,4545.0,12.4435318275154
2021-06-15,40218.39,18735712.5429314,753520193979.5068,4546.0,12.446269678302533
2021-06-16,38385.56,18736481.2929314,719210326858.6958,4547.0,12.449007529089664
2021-06-17,37935.7,18737293.7929314,710812356140.5077,4548.0,12.451745379876797
2021-06-18,35500.3,18738068.7929314,665207063569.7026,4549.0,12.454483230663929
2021-06-19,35584.88,18738712.5429314,666814837194.7086,4550.0,12.457221081451062
2021-06-20,35534.41,18739368.7929314,665892413829.2295,4551.0,12.459958932238193
2021-06-21,31665.69,18740025.0429314,593415823601.7024,4552.0,12.462696783025326
2021-06-22,32444.62,18740593.7929314,608031444186.018,4553.0,12.465434633812457
2021-06-23,33483.58,18741225.0429314,627523308022.997,4554.0,12.46817248459959
2021-06-24,34682.13,18741881.2929314,650008363446.0149,4555.0,12.470910335386721
2021-06-25,31702.64,18742568.7929314,594188911117.5387,4556.0,12.473648186173854
2021-06-26,31574.44,18743125.0429314,591803677080.5349,4557.0,12.476386036960985
2021-06-27,32748.45,18743487.5429314,613820164625.3118,4558.0,12.479123887748118
2021-06-28,34317.08,18744037.5429314,643240635883.7803,4559.0,12.48186173853525
2021-06-29,35991.59,18744600.0429314,674647959459.1693,4560.0,12.484599589322382
2021-06-30,34719.04,18745150.0429314,650813614146.537,4561.0,12.487337440109513
2021-07-01,33465.93,18745750.0429314,627343958734.2393,4562.0,12.490075290896646
2021-07-02,33534.78,18746312.5429314,628653466938.4451,4563.0,12.492813141683778
2021-07-03,34623.11,18747106.2929314,649083123361.8561,4564.0,12.49555099247091
2021-07-04,35527.92,18747825.0429314,666071228299.2633,4565.0,12.498288843258042
2021-07-05,33916.27,18748650.0429314,635884276991.5729,4566.0,12.501026694045175
2021-07-06,33981.28,18749537.5429314,637133285116.8639,4567.0,12.503764544832306
2021-07-07,34071.51,18750306.2929314,638851248362.6752,4568.0,12.506502395619439
2021-07-08,32725.4,18751175.0429314,613639703749.9473,4569.0,12.509240246406572
2021-07-09,33890.43,18751993.7929314,635513132999.7761,4570.0,12.511978097193703
2021-07-10,33531.59,18753000.0429314,628817908709.5581,4571.0,12.514715947980836
2021-07-11,34289.6,18753781.2929314,643059659022.1005,4572.0,12.517453798767967
2021-07-12,33106.85,18754568.79292919,620904695842.1877,4573.0,12.5201916495551
2021-07-13,32655.63,18755418.79292919,612470016596.9423,4574.0,12.522929500342231
2021-07-14,32774.64,18756481.29292919,614736922042.4888,4575.0,12.525667351129364
2021-07-15,31676.71,18757281.29292917,594168959904.5424,4576.0,12.528405201916495
2021-07-16,31531.29,18758218.79292917,591470836643.2996,4577.0,12.531143052703628
2021-07-17,31619.53,18759112.54292917,593154321824.5251,4578.0,12.53388090349076
2021-07-18,31634.78,18760012.54292917,593468869592.8048,4579.0,12.536618754277892
2021-07-19,30909.57,18761075.04292917,579896762314.6721,4580.0,12.539356605065024
2021-07-20,29672.55,18761837.54292917,556711562584.4429,4581.0,12.542094455852157
2021-07-21,32002.69,18762743.79292917,600458273154.5364,4582.0,12.544832306639288
2021-07-22,32334.32,18763700.04292371,606711481571.909,4583.0,12.54757015742642
2021-07-23,33172.73,18764543.79290733,622471144815.2909,4584.0,12.550308008213552
2021-07-24,34153.98,18765506.29290733,640916726617.8312,4585.0,12.553045859000685
2021-07-25,34859.79,18766462.54290733,654194943288.6156,4586.0,12.555783709787816
2021-07-26,37478.42,18767400.04289095,703372501115.485,4587.0,12.558521560574949
2021-07-27,38931.45,18768462.54284727,730683461063.7312,4588.0,12.56125941136208
2021-07-28,39830.53,18769443.79284727,747596894074.3169,4589.0,12.563997262149213
2021-07-29,40007.94,18770443.79284181,750966789037.3877,4590.0,12.566735112936344
2021-07-30,41415.03,18771481.29282543,777421460886.804,4591.0,12.569472963723477
2021-07-31,41738.49,18772468.79282543,783534500984.6562,4592.0,12.572210814510608
2021-08-01,40266.79,18773431.29282542,755945815447.6296,4593.0,12.574948665297741
2021-08-02,39348.67,18774325.04282542,738744720582.8733,4594.0,12.577686516084873
2021-08-03,38443.83,18775381.2928145,721797566606.1409,4595.0,12.580424366872005
2021-08-04,39790.5,18776231.2928145,747115631256.7354,4596.0,12.583162217659138
2021-08-05,40891.26,18777231.29279812,767824646873.9441,4597.0,12.58590006844627
2021-08-06,42679.37,18778225.04279812,801442814544.8469,4598.0,12.588637919233403
2021-08-07,44212.65,18779268.79279812,830281238391.9059,4599.0,12.591375770020534
2021-08-08,44095.71,18780256.29279812,828128735212.901,4600.0,12.594113620807667
2021-08-09,46187.76,18781206.29278174,867461848761.4928,4601.0,12.596851471594798
2021-08-10,45399.52,18782237.54278174,852704568968.2704,4602.0,12.59958932238193
2021-08-11,45740.58,18783156.29278174,859152463062.4867,4603.0,12.602327173169062
2021-08-12,44280.96,18784100.04277628,831777982630.1747,4604.0,12.605065023956195
2021-08-13,47672.43,18784987.54277628,895526003683.8741,4605.0,12.607802874743326
2021-08-14,46943.42,18786012.54277628,881879676920.8148,4606.0,12.61054072553046
2021-08-15,47067.6,18787150.04277628,884266063353.3767,4607.0,12.61327857631759
2021-08-16,45942.66,18788156.29277082,863177876585.6304,4608.0,12.616016427104723
2021-08-17,44704.08,18789231.29277082,839955298850.5303,4609.0,12.618754277891854
2021-08-18,44910.0,18790075.04276536,843862270170.5923,4610.0,12.621492128678987
2021-08-19,46678.15,18791037.54275444,877130869076.3232,4611.0,12.624229979466119
2021-08-20,48987.71,18792037.54275444,920578885453.5671,4612.0,12.626967830253252
2021-08-21,49099.67,18793100.04275444,922735010376.2289,4613.0,12.629705681040383
2021-08-22,49381.01,18794125.04275444,928072876677.5076,4614.0,12.632443531827516
2021-08-23,49554.24,18795356.29263694,931389596610.8411,4615.0,12.635181382614647
2021-08-24,47984.87,18796318.79263148,901938913742.9786,4616.0,12.63791923340178
2021-08-25,48973.99,18797318.79262602,920579702576.8787,4617.0,12.640657084188911
2021-08-26,47276.09,18798231.29260418,888706874429.9714,4618.0,12.643394934976044
2021-08-27,48977.81,18799143.79259326,920740892836.312,4619.0,12.646132785763175
2021-08-28,48889.72,18800025.04259326,919127960325.3726,4620.0,12.648870636550308
2021-08-29,49025.17,18801000.04259326,921722223258.1417,4621.0,12.65160848733744
2021-08-30,47441.13,18801843.79259326,891980715604.1099,4622.0,12.654346338124572
2021-08-31,47036.97,18802743.79259326,884424095689.8954,4623.0,12.657084188911705
2021-09-01,48447.12,18803600.0425878,910980267695.2563,4624.0,12.659822039698836
2021-09-02,49503.85,18804531.2925878,930896696428.5726,4625.0,12.66255989048597
2021-09-03,49643.18,18805456.29258234,933562651714.7979,4626.0,12.6652977412731
2021-09-04,49772.56,18806425.04258234,936043918817.432,4627.0,12.668035592060233
2021-09-05,51832.43,18807450.04258234,974835837810.6462,4628.0,12.670773442847365
2021-09-06,52502.27,18808525.04258234,987490260087.4194,4629.0,12.673511293634498
2021-09-07,46790.81,18809481.29258234,880110865359.7747,4630.0,12.676249144421629
2021-09-08,46477.75,18810368.79258234,874263618149.4438,4631.0,12.678986995208762
2021-09-09,46330.95,18811225.04258234,871541926886.6302,4632.0,12.681724845995893
2021-09-10,44712.37,18812075.04258234,841132459771.7074,4633.0,12.684462696783026
2021-09-11,45204.44,18813000.04249204,850431131640.8289,4634.0,12.687200547570157
2021-09-12,46205.77,18813918.79249204,869311604524.5648,4635.0,12.68993839835729
2021-09-13,45086.38,18814912.54249204,848296296557.5621,4636.0,12.692676249144421
2021-09-14,46861.81,18815962.54248658,881750061633.1229,4637.0,12.695414099931554
2021-09-15,48162.32,18816850.04248658,906263153138.2522,4638.0,12.698151950718685
2021-09-16,47827.79,18817700.04248658,900009005915.0392,4639.0,12.700889801505818
2021-09-17,47263.98,18818618.79248658,889442822235.7098,4640.0,12.70362765229295
2021-09-18,48017.31,18819587.54248658,903665969099.7162,4641.0,12.706365503080082
2021-09-19,47296.74,18820587.54248658,890152435644.2266,4642.0,12.709103353867214
2021-09-20,42800.22,18821612.54247566,805569157572.7175,4643.0,12.711841204654347
2021-09-21,40751.44,18822381.29247566,767039141897.4443,4644.0,12.714579055441478
2021-09-22,43587.62,18823218.79247566,820459307903.288,4645.0,12.71731690622861
2021-09-23,44686.73,18824250.04247566,841194179100.5984,4646.0,12.720054757015742
2021-09-24,42707.87,18825175.04247566,803983128441.295,4647.0,12.722792607802875
2021-09-25,42662.25,18826075.04247566,803162719980.8572,4648.0,12.725530458590006
2021-09-26,43173.62,18826943.79247566,812827317057.703,4649.0,12.728268309377139
2021-09-27,43049.62,18827912.54247566,810534480346.811,4650.0,12.731006160164272
2021-09-28,41494.14,18828862.54247546,781287458378.2325,4651.0,12.733744010951403
2021-09-29,41232.37,18829675.04247546,776392128331.1139,4652.0,12.736481861738536
2021-09-30,43693.12,18830743.79247,822773948213.6469,4653.0,12.739219712525667
2021-10-01,47957.6,18831618.79246454,903119241401.4973,4654.0,12.7419575633128
2021-10-02,48072.57,18832793.79246454,905340797883.817,4655.0,12.744695414099931
2021-10-03,48001.62,18833731.29246454,904049612682.9917,4656.0,12.747433264887064
2021-10-04,49123.49,18834706.29246454,925226506210.8188,4657.0,12.750171115674195
2021-10-05,51347.16,18835731.29246454,967161308391.1836,4658.0,12.752908966461328
2021-10-06,55142.21,18836550.04246454,1038688998117.0885,4659.0,12.75564681724846
2021-10-07,53799.88,18837431.29246454,1013451543042.837,4660.0,12.758384668035593
2021-10-08,54029.94,18838181.29246454,1017825804940.9816,4661.0,12.761122518822724
2021-10-09,54968.67,18839118.79245908,1035561303993.4817,4662.0,12.763860369609857
2021-10-10,54917.36,18840112.54245908,1034649242934.7407,4663.0,12.766598220396988
2021-10-11,57077.58,18841025.04245908,1075400114142.9617,4664.0,12.76933607118412
2021-10-12,56135.32,18841862.54244924,1057693983216.4016,4665.0,12.772073921971252
2021-10-13,57479.75,18842918.79244924,1083086261460.2842,4666.0,12.774811772758385
2021-10-14,57485.22,18843775.04244378,1083238553945.39,4667.0,12.777549623545516
2021-10-15,61261.98,18844656.29244378,1154460956894.565,4668.0,12.780287474332649
2021-10-16,60912.07,18845487.54244378,1147917656369.4634,4669.0,12.78302532511978
2021-10-17,61177.04,18846487.54244378,1152972322243.5847,4670.0,12.785763175906913
2021-10-18,61728.23,18847412.54243407,1163417416324.2551,4671.0,12.788501026694044
2021-10-19,64297.35,18848381.29243407,1211900968893.0857,4672.0,12.791238877481177
2021-10-20,66081.71,18849312.54242861,1245594805128.1301,4673.0,12.793976728268309
2021-10-21,62399.22,18850237.54242861,1176240119462.2622,4674.0,12.796714579055442
2021-10-22,60789.68,18851225.04242861,1145959937937.2217,4675.0,12.799452429842573
2021-10-23,61027.86,18852131.29242861,1150505229215.9521,4676.0,12.802190280629706
2021-10-24,60945.11,18853087.54242861,1149003494112.9412,4677.0,12.804928131416839
2021-10-25,63048.55,18854225.04242861,1188731550298.8123,4678.0,12.80766598220397
2021-10-26,60302.24,18855162.54242861,1137008536872.54,4679.0,12.810403832991103
2021-10-27,58555.68,18856143.79242861,1104134321943.436,4680.0,12.813141683778234
2021-10-28,60463.96,18857100.04242861,1140174942681.4016,4681.0,12.815879534565367
2021-10-29,62351.01,18858168.79242861,1175825870958.404,4682.0,12.818617385352498
2021-10-30,61668.34,18859137.54242861,1163011706073.2517,4683.0,12.821355236139631
2021-10-31,61476.94,18860006.29242861,1159455475239.256,4684.0,12.824093086926762
2021-11-01,60969.68,18860931.29242861,1149944945401.3586,4685.0,12.826830937713895
2021-11-02,63019.48,18861918.79242861,1188668314101.0789,4686.0,12.829568788501026
2021-11-03,63036.63,18862925.04242861,1189055226617.3064,4687.0,12.83230663928816
2021-11-04,61445.01,18863818.79240677,1159087534337.622,4688.0,12.83504449007529
2021-11-05,60959.96,18864787.54240131,1149996693993.2822,4689.0,12.837782340862423
2021-11-06,61494.17,18865750.04240131,1160133640284.9333,4690.0,12.840520191649555
2021-11-07,63032.45,18866706.29238493,1189214721039.4385,4691.0,12.843258042436688
2021-11-08,66218.68,18867550.04235763,1249384258638.8662,4692.0,12.845995893223819
2021-11-09,67330.06,18868500.04235763,1270417239961.942,4693.0,12.848733744010952
2021-11-10,64626.71,18869431.29235217,1219469263995.7688,4694.0,12.851471594798083
2021-11-11,65167.21,18870418.79234217,1229732544228.5085,4695.0,12.854209445585216
2021-11-12,63895.07,18871306.29234217,1205783436540.6436,4696.0,12.856947296372347
2021-11-13,64472.41,18872262.54234217,1216740248257.5269,4697.0,12.85968514715948
2021-11-14,64746.3,18873243.79232217,1221972704550.8289,4698.0,12.862422997946611
2021-11-15,63852.26,18874187.54229487,1205159530239.373,4699.0,12.865160848733744
2021-11-16,60567.08,18875125.04229487,1143211208446.6768,4700.0,12.867898699520875
2021-11-17,60052.41,18876056.29229487,1133552671647.9714,4701.0,12.870636550308008
2021-11-18,56827.28,18876956.29229487,1072726080770.0024,4702.0,12.873374401095141
2021-11-19,57933.79,18877812.54229487,1093663227484.6772,4703.0,12.876112251882272
2021-11-20,59608.71,18878718.79229487,1125336073661.455,4704.0,12.878850102669405
2021-11-21,59050.31,18879543.79229487,1114842913593.5876,4705.0,12.881587953456537
2021-11-22,56354.45,18880425.04229487,1063995969024.7542,4706.0,12.88432580424367
2021-11-23,57548.71,18881250.04229487,1086591583121.5153,4707.0,12.8870636550308
2021-11-24,56987.29,18882231.29229487,1076047190501.0826,4708.0,12.889801505817934
2021-11-25,58917.76,18883043.79229487,1112546642223.9192,4709.0,12.892539356605065
2021-11-26,54007.37,18883868.79229487,1019868088896.9222,4710.0,12.895277207392198
2021-11-27,54665.56,18884762.54229487,1032346119841.5728,4711.0,12.898015058179329
2021-11-28,57168.71,18885631.29229487,1079667178516.1307,4712.0,12.900752908966462
2021-11-29,58171.48,18886525.04228941,1098657113767.0376,4713.0,12.903490759753593
2021-11-30,57442.07,18887362.54228941,1084929201269.5663,4714.0,12.906228610540726
2021-12-01,56954.63,18888218.79228941,1075771512673.8901,4715.0,12.908966461327857
2021-12-02,56803.67,18889187.54228941,1072975175720.3186,4716.0,12.91170431211499
2021-12-03,53651.03,18890237.54228941,1013480701088.4954,4717.0,12.914442162902121
2021-12-04,49045.46,18891206.29228941,926527902560.2285,4718.0,12.917180013689254
2021-12-05,49174.8,18892243.79228941,929022310037.0734,4719.0,12.919917864476385
2021-12-06,50630.83,18893318.79228941,956584411908.2104,4720.0,12.922655715263518
2021-12-07,50502.68,18894281.29228395,954211841934.2028,4721.0,12.92539356605065
2021-12-08,50601.38,18895331.29168395,956129838916.3904,4722.0,12.928131416837783
2021-12-09,47943.14,18896350.04158394,905950355532.6647,4723.0,12.930869267624914
2021-12-10,47496.06,18897325.04157302,897548484014.0547,4724.0,12.933607118412047
2021-12-11,49063.59,18898268.79157302,927216911699.5342,4725.0,12.936344969199178
2021-12-12,50132.3,18899143.79157302,947457546302.2762,4726.0,12.93908281998631
2021-12-13,46770.17,18900025.04156756,883957384198.3718,4727.0,12.941820670773442
2021-12-14,48323.9,18900950.04156756,913367619713.7067,4728.0,12.944558521560575
2021-12-15,48920.12,18901831.29156756,924679855003.2401,4729.0,12.947296372347708
2021-12-16,47856.63,18902550.04156756,904612343395.7833,4730.0,12.950034223134839
2021-12-17,46321.87,18903481.29156756,875644602935.4247,4731.0,12.952772073921972
2021-12-18,46791.26,18904281.29156756,884555141026.8735,4732.0,12.955509924709103
2021-12-19,46853.41,18905212.54156756,885773674347.207,4733.0,12.958247775496236
2021-12-20,46846.33,18906112.54155118,885681987138.6454,4734.0,12.960985626283367
2021-12-21,49005.22,18907118.79155118,926547515946.0997,4735.0,12.9637234770705
2021-12-22,48689.77,18908043.7915348,920628303359.7573,4736.0,12.966461327857632
2021-12-23,50711.97,18908993.79151842,958912325885.6683,4737.0,12.969199178644764
2021-12-24,50741.46,18909937.54150204,959517839364.624,4738.0,12.971937029431896
2021-12-25,50675.3,18910856.29150204,958313315828.7534,4739.0,12.974674880219029
2021-12-26,50720.52,18911693.79150204,959210943185.755,4740.0,12.97741273100616
2021-12-27,50768.64,18912618.79150204,960167934883.0021,4741.0,12.980150581793293
2021-12-28,47730.32,18913456.29146382,902745321097.5813,4742.0,12.982888432580424
2021-12-29,47264.8,18914362.54143106,893983562648.2307,4743.0,12.985626283367557
2021-12-30,47226.91,18915106.29143106,893302022465.8484,4744.0,12.988364134154688
2021-12-31,46279.03,18916037.54143106,875415868861.0142,4745.0,12.991101984941821
2022-01-01,47332.22,18917112.54143106,895388932575.7739,4746.0,12.993839835728952
2022-01-02,47308.72,18918100.04143106,894991097792.0503,4747.0,12.996577686516085
2022-01-03,46240.63,18918975.04142014,874825324869.5433,4748.0,12.999315537303216
2022-01-04,46198.39,18919893.79140376,874068632133.8495,4749.0,13.00205338809035
2022-01-05,43478.86,18920831.291371,822656174801.1389,4750.0,13.00479123887748
2022-01-06,43152.19,18921743.7913437,816514683215.3838,4751.0,13.007529089664613
2022-01-07,41635.25,18922618.7913164,787847964031.1562,4752.0,13.010266940451745
2022-01-08,41756.9,18923518.7913164,790187481817.1199,4753.0,13.013004791238878
2022-01-09,41775.6,18924400.0413164,790578166366.0175,4754.0,13.015742642026009
2022-01-10,41704.51,18925287.54130548,789269843519.2498,4755.0,13.018480492813142
2022-01-11,42691.2,18926275.04127818,807985393042.215,4756.0,13.021218343600275
2022-01-12,43861.88,18927143.79123996,830180109714.112,4757.0,13.023956194387406
2022-01-13,42660.58,18928262.54122904,807490658401.1047,4758.0,13.026694045174539
2022-01-14,43147.78,18929256.2912072,816755386016.6243,4759.0,13.02943189596167
2022-01-15,43166.9,18930293.7912072,817162099055.6622,4760.0,13.032169746748803
2022-01-16,43157.79,18931387.54120174,817036847911.801,4761.0,13.034907597535934
2022-01-17,42138.7,18932393.79117444,797786462248.1624,4762.0,13.037645448323067
2022-01-18,42508.8,18933243.79116898,804829473670.044,4763.0,13.040383299110198
2022-01-19,41730.46,18934325.04114714,790138093756.589,4764.0,13.043121149897331
2022-01-20,40795.75,18935381.29113076,772483081307.6477,4765.0,13.045859000684462
2022-01-21,36468.72,18936218.79109254,690579660951.0924,4766.0,13.048596851471595
2022-01-22,35046.19,18937056.29107708,663671672817.7827,4767.0,13.051334702258726
2022-01-23,35506.51,18937937.54106616,672420068681.241,4768.0,13.05407255304586
2022-01-24,36644.83,18938875.04103886,694011856270.112,4769.0,13.05681040383299
2022-01-25,36775.35,18939825.04101156,696518694821.9645,4770.0,13.059548254620124
2022-01-26,36753.29,18940637.54099518,696130744329.0828,4771.0,13.062286105407255
2022-01-27,36800.1,18941456.29097334,697047485653.448,4772.0,13.065023956194388
2022-01-28,37672.14,18942418.79093512,713601452630.7386,4773.0,13.067761806981519
2022-01-29,38032.44,18943350.04091874,720461823830.2396,4774.0,13.070499657768652
2022-01-30,37995.73,18944262.54091328,719801084553.655,4775.0,13.073237508555783
2022-01-31,38461.14,18945156.29090782,728652308426.4863,4776.0,13.075975359342916
2022-02-01,38755.32,18946118.79088598,734262896498.7993,4777.0,13.078713210130047
2022-02-02,36964.55,18947075.04086414,700370102701.7745,4778.0,13.08145106091718
2022-02-03,37011.43,18947993.79082592,701292345829.5881,4779.0,13.084188911704311
2022-02-04,40632.5,18948806.29080408,769937371611.0968,4780.0,13.086926762491444
2022-02-05,41655.46,18949550.04079862,789352223742.4852,4781.0,13.089664613278575
2022-02-06,41855.2,18950525.04079862,793178015687.6343,4782.0,13.092402464065708
2022-02-07,43942.51,18951375.0407877,832770987243.564,4783.0,13.095140314852841
2022-02-08,44142.93,18952337.54077678,836611709398.8816,4784.0,13.097878165639973
2022-02-09,44495.67,18953212.54075494,843335890653.2933,4785.0,13.100616016427105
2022-02-10,43721.08,18954131.29074948,828695090493.3613,4786.0,13.103353867214237
2022-02-11,42340.1,18955018.7907331,802557391101.5184,4787.0,13.10609171800137
2022-02-12,42163.92,18956183.84959684,799267019339.6931,4788.0,13.1088295687885
2022-02-13,42193.06,18957171.34959684,799861068183.8204,4789.0,13.111567419575634
2022-02-14,42626.0,18958127.59958046,808109147059.7167,4790.0,13.114305270362765
2022-02-15,44159.63,18959221.34955316,837232199884.3682,4791.0,13.117043121149898
2022-02-16,44134.13,18960196.34953132,836791770515.7406,4792.0,13.119780971937029
2022-02-17,40721.59,18961177.59950948,772129300124.4092,4793.0,13.122518822724162
2022-02-18,39930.64,18962010.93177205,757165232192.6543,4794.0,13.125256673511293
2022-02-19,39982.79,18962942.18176113,758191335035.4972,4795.0,13.127994524298426
2022-02-20,38529.38,18963842.18176113,730665081681.1036,4796.0,13.130732375085557
2022-02-21,37417.98,18964610.93175567,709617432552.2151,4797.0,13.13347022587269
2022-02-22,38036.13,18965560.93172837,721376541122.1414,4798.0,13.136208076659821
2022-02-23,37368.22,18966498.43169015,708744286025.0525,4799.0,13.138945927446954
2022-02-24,38267.78,18967323.43166434,725837360271.776,4800.0,13.141683778234086
2022-02-25,39301.41,18968160.93162611,745475469719.8198,4801.0,13.144421629021219
2022-02-26,39199.4,18968942.18159881,743571152153.3644,4802.0,13.14715947980835
2022-02-27,37595.57,18969792.18158789,713180149848.3402,4803.0,13.149897330595483
2022-02-28,43151.74,18970754.68155513,818621073622.2498,4804.0,13.152635181382614
2022-03-01,43883.87,18971767.18154967,832554564665.3921,4805.0,13.155373032169747
2022-03-02,44086.55,18972617.18151691,836437236003.8044,4806.0,13.158110882956878
2022-03-03,42521.59,18973542.18147869,806785181488.5424,4807.0,13.160848733744011
2022-03-04,38940.88,18974410.93146231,738880259152.762,4808.0,13.163586584531142
2022-03-05,39353.77,18975179.68144047,746744856892.0814,4809.0,13.166324435318275
2022-03-06,38488.77,18975998.43142409,730362839147.4425,4810.0,13.169062286105408
2022-03-07,38143.17,18976923.43140771,723840016521.1675,4811.0,13.17180013689254
2022-03-08,38520.63,18977848.43139133,731038677621.7057,4812.0,13.174537987679672
2022-03-09,41897.0,18978710.93135311,795151051890.9012,4813.0,13.177275838466803
2022-03-10,39383.52,18979617.18133127,747484132853.3036,4814.0,13.180013689253936
2022-03-11,38889.17,18980479.68132035,738135101008.413,4815.0,13.182751540041068
2022-03-12,38964.03,18981454.68129851,739593969645.7555,4816.0,13.1854893908282
2022-03-13,37701.5,18982398.43129305,715664894457.395,4817.0,13.188227241615332
2022-03-14,39596.95,18983354.68127667,751682946146.7782,4818.0,13.190965092402465
2022-03-15,39376.39,18984223.43125483,747530185676.2284,4819.0,13.193702943189596
2022-03-16,41063.5,18985192.18121391,779598439133.2775,4820.0,13.196440793976729
2022-03-17,40833.82,18986185.93120845,775278498801.4983,4821.0,13.19917864476386
2022-03-18,41718.64,18987079.68119753,792115141871.1946,4822.0,13.201916495550993
2022-03-19,42139.33,18988048.43118661,800143638897.7549,4823.0,13.204654346338124
2022-03-20,41242.88,18989010.93118661,783161499153.6176,4824.0,13.207392197125257
2022-03-21,41151.79,18989967.18116477,781471141546.1847,4825.0,13.210130047912388
2022-03-22,42571.0,18990898.43112655,808461537111.4884,4826.0,13.212867898699521
2022-03-23,42578.24,18991804.68106649,808637617743.5725,4827.0,13.215605749486652
2022-03-24,44000.99,18992698.43105557,835697533737.8917,4828.0,13.218343600273785
2022-03-25,44219.29,18993673.43105011,839886753612.8999,4829.0,13.221081451060916
2022-03-26,44515.17,18994679.68105011,845551395097.4915,4830.0,13.22381930184805
2022-03-27,46734.03,18995498.43104465,887736193541.3936,4831.0,13.22655715263518
2022-03-28,47340.86,18996492.18103373,899310276833.4125,4832.0,13.229295003422314
2022-03-29,47312.94,18997435.93101735,898824546358.0681,4833.0,13.232032854209445
2022-03-30,47132.61,18998279.68100097,895438506875.5432,4834.0,13.234770704996578
2022-03-31,45704.52,18999142.18099005,868346673793.9033,4835.0,13.23750855578371
2022-04-01,46231.75,19000023.43097367,878404333254.917,4836.0,13.240246406570842
2022-04-02,46177.65,19000867.18097367,877415394379.4889,4837.0,13.242984257357975
2022-04-03,46365.62,19001735.93095729,881027267515.112,4838.0,13.245722108145106
2022-04-04,46726.58,19002723.43088631,887932276611.1836,4839.0,13.248459958932239
2022-04-05,45731.21,19003629.68088631,869058979698.8448,4840.0,13.25119780971937
2022-04-06,43564.15,19004567.18078085,827917815348.6141,4841.0,13.253935660506503
2022-04-07,43616.51,19005429.68075355,828950513724.8842,4842.0,13.256673511293634
2022-04-08,42194.88,19006267.18074263,801967162939.3735,4843.0,13.259411362080767
2022-04-09,42631.55,19007223.43074263,810307396048.876,4844.0,13.262149212867898
2022-04-10,42190.08,19008098.43073171,801953193440.4453,4845.0,13.264887063655031
2022-04-11,39758.79,19008954.68073171,755773037270.7291,4846.0,13.267624914442163
2022-04-12,39917.96,19009910.93072079,758836864136.0753,4847.0,13.270362765229295
2022-04-13,41209.46,19010785.93070441,783424222379.9261,4848.0,13.273100616016427
2022-04-14,39822.62,19011648.43070441,757093651029.5381,4849.0,13.27583846680356
2022-04-15,40348.57,19012635.93067165,767132671733.2202,4850.0,13.27857631759069
2022-04-16,40347.97,19013473.43066619,767155055576.3165,4851.0,13.281314168377824
2022-04-17,39755.27,19014504.68066619,755926767496.1481,4852.0,13.284052019164955
2022-04-18,40758.15,19015342.18066073,775030168900.6971,4853.0,13.286789869952088
2022-04-19,41311.33,19016117.18063343,785581092167.8173,4854.0,13.289527720739219
2022-04-20,41400.33,19017117.18062251,787314926926.4415,4855.0,13.292265571526352
2022-04-21,40321.04,19018173.43059521,766832531621.9668,4856.0,13.295003422313483
2022-04-22,39770.01,19019017.18058975,756386503462.2262,4857.0,13.297741273100616
2022-04-23,39813.58,19020035.93058975,757255722125.4095,4858.0,13.300479123887747
2022-04-24,39446.73,19021104.67958975,750320380597.5134,4859.0,13.30321697467488
2022-04-25,40331.55,19022117.17957883,767191470134.0426,4860.0,13.305954825462011
2022-04-26,38116.35,19022992.17956245,725087027963.4651,4861.0,13.308692676249144
2022-04-27,39189.26,19024054.67955699,745538625091.3755,4862.0,13.311430527036277
2022-04-28,39796.93,19024879.67955153,757131804865.5347,4863.0,13.314168377823409
2022-04-29,38509.65,19025817.17954607,732677560548.3063,4864.0,13.316906228610542
2022-04-30,37694.02,19026754.67952423,717194871425.08,4865.0,13.319644079397673
2022-05-01,38446.55,19027798.42951289,731553203710.1888,4866.0,13.322381930184806
2022-05-02,38508.84,19028798.42950743,732776954114.1528,4867.0,13.325119780971937
2022-05-03,37624.41,19029735.92949105,715982586802.9025,4868.0,13.32785763175907
2022-05-04,39660.11,19030648.42948559,754757610084.7257,4869.0,13.330595482546201
2022-05-05,36345.88,19031629.67948013,691721328534.8232,4870.0,13.333333333333334
2022-05-06,35940.35,19032517.17946921,684035328811.1361,4871.0,13.336071184120465
2022-05-07,35409.43,19033410.92945829,673962231967.8883,4872.0,13.338809034907598
2022-05-08,34151.43,19034379.67945283,650051285216.2557,4873.0,13.34154688569473
2022-05-09,31091.25,19035348.42945283,591832776857.2252,4874.0,13.344284736481862
2022-05-10,30928.32,19036304.67943099,588760922742.9391,4875.0,13.347022587268993
2022-05-11,28781.13,19037210.92943099,547912442597.3742,4876.0,13.349760438056126
2022-05-12,29031.37,19038054.67943099,552700809478.7925,4877.0,13.352498288843258
2022-05-13,29416.34,19039004.67941461,560057834911.2512,4878.0,13.35523613963039
2022-05-14,30027.05,19039885.92940369,571711606796.501,4879.0,13.357973990417522
2022-05-15,31131.52,19040648.42939823,592764327392.7797,4880.0,13.360711841204655
2022-05-16,29941.57,19041673.42935455,570137597902.1593,4881.0,13.363449691991786
2022-05-17,30480.34,19042592.17932179,580424684107.0691,4882.0,13.366187542778919
2022-05-18,28915.22,19043429.67928903,550644958731.1719,4883.0,13.36892539356605
2022-05-19,30190.92,19044192.17926719,574961682548.8813,4884.0,13.371663244353183
2022-05-20,29194.55,19044992.17923443,556009976426.2686,4885.0,13.374401095140314
2022-05-21,29438.67,19045835.92922897,560684078794.715,4886.0,13.377138945927447
2022-05-22,30219.26,19046598.42921805,575574110048.1318,4887.0,13.379876796714578
2022-05-23,29161.48,19047598.42920167,555456160641.1959,4888.0,13.382614647501711
2022-05-24,29516.25,19048348.42917437,562235814322.618,4889.0,13.385352498288844
2022-05-25,29589.02,19049248.42914707,563648592755.0012,4890.0,13.388090349075975
2022-05-26,29447.74,19050129.67914707,560983265757.8063,4891.0,13.390828199863108
2022-05-27,28743.3,19050992.17914161,547588383502.72107,4892.0,13.39356605065024
2022-05-28,28906.17,19051917.17914161,550717956806.1879,4893.0,13.396303901437372
2022-05-29,29329.34,19052848.42913615,558807469546.6001,4894.0,13.399041752224504
2022-05-30,31629.95,19053810.92911617,602671086997.3981,4895.0,13.401779603011637
2022-05-31,31779.26,19054723.42909193,605545010081.204,4896.0,13.404517453798768
2022-06-01,29822.29,19055573.42905797,568280836917.6613,4897.0,13.4072553045859
2022-06-02,30512.06,19056354.67904159,581448637348.1978,4898.0,13.409993155373032
2022-06-03,29591.06,19057248.42903067,563924181698.3524,4899.0,13.412731006160165
2022-06-04,29834.91,19058117.17902401,568597210805.6353,4900.0,13.415468856947296
2022-06-05,29893.56,19059029.67902401,569742247251.685,4901.0,13.418206707734429
2022-06-06,31278.43,19059967.17900763,596165849210.8877,4902.0,13.42094455852156
2022-06-07,31242.69,19060979.67892474,595516279204.9452,4903.0,13.423682409308693
2022-06-08,30215.2,19062092.1789029,575964927603.9869,4904.0,13.426420260095824
2022-06-09,30028.72,19063004.67889198,572437629861.1372,4905.0,13.429158110882957
2022-06-10,29153.11,19063923.42888106,555772656753.7467,4906.0,13.431895961670088
2022-06-11,28353.8,19064885.92888106,540561962650.3078,4907.0,13.434633812457221
2022-06-12,27030.12,19065679.67887106,515347609601.4462,4908.0,13.437371663244353
2022-06-13,22360.5,19066510.92881922,426336717623.8622,4909.0,13.440109514031485
2022-06-14,22122.8,19067423.42879738,421824795030.59863,4910.0,13.442847364818617
2022-06-15,22457.34,19068454.67876462,428226769995.60785,4911.0,13.44558521560575
2022-06-16,20325.71,19069198.42873186,387594997194.85944,4912.0,13.44832306639288
2022-06-17,20452.17,19069873.42871548,390020293242.57184,4913.0,13.451060917180014
2022-06-18,19043.9,19070848.42871548,363183330391.61475,4914.0,13.453798767967145
2022-06-19,20464.8,19071679.67868548,390298110288.36255,4915.0,13.456536618754278
2022-06-20,20417.93,19072504.6786691,389421065453.73816,4916.0,13.45927446954141
2022-06-21,20852.52,19073442.17863818,397729334498.8962,4917.0,13.462012320328542
2022-06-22,19988.17,19074248.4285718,381259320212.526,4918.0,13.464750171115675
2022-06-23,21108.92,19075198.42854996,402656837612.3868,4919.0,13.467488021902806
2022-06-24,21358.07,19076004.6785445,407426643244.6809,4920.0,13.470225872689939
2022-06-25,21395.7,19076948.4284845,408164665491.3258,4921.0,13.47296372347707
2022-06-26,21128.7,19077810.9284845,403089343764.6705,4922.0,13.475701574264203
2022-06-27,20745.63,19078660.92847358,395798840517.5694,4923.0,13.478439425051334
2022-06-28,20271.02,19079573.4284572,386762414559.7245,4924.0,13.481177275838467
2022-06-29,20146.33,19080517.17835344,384402395645.7773,4925.0,13.483915126625599
2022-06-30,19017.22,19081585.92826714,362878717546.76044,4926.0,13.486652977412732
2022-07-01,19309.6,19082423.42825076,368473963430.1508,4927.0,13.489390828199863
2022-07-02,19278.15,19083285.9282453,367890448617.6021,4928.0,13.492128678986996
2022-07-03,19271.37,19084254.67823984,367779733078.5909,4929.0,13.494866529774127
2022-07-04,20156.33,19085148.42821254,384686549818.03326,4930.0,13.49760438056126
2022-07-05,20282.02,19085885.9281634,387100320112.7287,4931.0,13.500342231348391
2022-07-06,20467.89,19086679.67815248,390664060117.66034,4932.0,13.503080082135524
2022-07-07,21628.0,19087660.92814156,412827930553.84564,4933.0,13.505817932922655
2022-07-08,21844.09,19088585.92811416,416972788986.4593,4934.0,13.508555783709788
2022-07-09,21615.79,19089423.42810324,412632968042.9597,4935.0,13.51129363449692
2022-07-10,20849.52,19090379.67809232,398025252905.9794,4936.0,13.514031485284052
2022-07-11,19982.7,19091148.42807048,381492691693.60394,4937.0,13.516769336071183
2022-07-12,19325.21,19092092.17804318,368958690680.0418,4938.0,13.519507186858316
2022-07-13,19884.14,19092779.67799404,379643504106.38837,4939.0,13.522245037645447
2022-07-14,20500.4,19093554.67797766,391425508320.4132,4940.0,13.52498288843258
2022-07-15,20893.09,19094442.17795582,398941898923.82697,4941.0,13.527720739219713
2022-07-16,21148.6,19095367.17795582,403840282299.71643,4942.0,13.530458590006845
2022-07-17,20892.83,19096142.17793944,398972452179.51855,4943.0,13.533196440793978
2022-07-18,21663.88,19096960.92790122,413714269906.7407,4944.0,13.535934291581109
2022-07-19,23441.35,19097823.42787392,447678763210.9923,4945.0,13.538672142368242
2022-07-20,23286.19,19098610.92784116,444733882801.7855,4946.0,13.541409993155373
2022-07-21,23143.56,19099479.6778084,442029953892.1394,4947.0,13.544147843942506
2022-07-22,22664.61,19100304.6778084,432900956403.70306,4948.0,13.546885694729637
2022-07-23,22418.36,19101267.1778084,428219084048.2927,4949.0,13.54962354551677
2022-07-24,22668.86,19102248.4278084,433026195295.20874,4950.0,13.552361396303901
2022-07-25,21640.83,19103135.92776472,413407717079.6486,4951.0,13.555099247091034
2022-07-26,21130.58,19104135.92773742,403681472551.92975,4952.0,13.557837097878165
2022-07-27,22833.66,19105167.17766644,436240891577.9951,4953.0,13.560574948665298
2022-07-28,23888.52,19106048.42761184,456415219983.974,4954.0,13.56331279945243
2022-07-29,23975.22,19106960.9275627,458093591769.7198,4955.0,13.566050650239562
2022-07-30,23678.72,19107767.17752448,452447468821.7925,4956.0,13.568788501026694
2022-07-31,23297.95,19108717.17748626,445193937365.216,4957.0,13.571526351813826
2022-08-01,23273.51,19109567.17744804,444746702800.0087,4958.0,13.574264202600958
2022-08-02,23062.38,19110535.92738798,440734441561.074,4959.0,13.57700205338809
2022-08-03,22896.97,19111442.1773443,437594118191.38715,4960.0,13.579739904175222
2022-08-04,22632.43,19112267.17727878,432557049031.0596,4961.0,13.582477754962355
2022-08-05,23170.93,19113204.67721326,442870727651.38104,4962.0,13.585215605749486
2022-08-06,23006.41,19114210.92717504,439749373417.06915,4963.0,13.587953456536619
2022-08-07,23166.66,19115204.67710952,442835447585.00604,4964.0,13.59069130732375
2022-08-08,23780.3,19116104.67703308,454586704051.24976,4965.0,13.593429158110883
2022-08-09,23157.32,19116998.42696756,442698450012.7844,4966.0,13.596167008898014
2022-08-10,23932.41,19117923.42688566,457537981800.83264,4967.0,13.598904859685147
2022-08-11,24062.37,19118798.4267983,460043601701.0386,4968.0,13.60164271047228
2022-08-12,24285.18,19119760.92675461,464326835663.2025,4969.0,13.604380561259411
2022-08-13,24453.23,19120629.67613532,467561155215.3625,4970.0,13.607118412046544
2022-08-14,24270.23,19121460.9260971,464082254612.3896,4971.0,13.609856262833675
2022-08-15,23996.95,19122367.17602066,458878489004.609,4972.0,13.612594113620808
2022-08-16,23884.27,19123292.1759606,456745873619.5305,4973.0,13.61533196440794
2022-08-17,23375.42,19124098.42589508,447033832826.63635,4974.0,13.618069815195073
2022-08-18,23260.17,19124998.42281851,444850714564.4904,4975.0,13.620807665982204
2022-08-19,20922.05,19126110.92273661,400157449031.0415,4976.0,13.623545516769337
2022-08-20,21123.63,19127042.17266017,404032561849.66956,4977.0,13.626283367556468
2022-08-21,21592.14,19127954.67259465,413013475204.3179,4978.0,13.6290212183436
2022-08-22,21165.04,19128860.92250729,404863106579.3037,4979.0,13.631759069130732
2022-08-23,21528.99,19129935.92246907,411848199175.47736,4980.0,13.634496919917865
2022-08-24,21458.8,19130848.42239263,410525050126.43896,4981.0,13.637234770704996
2022-08-25,21613.24,19131842.17231073,413501096512.27313,4982.0,13.639972621492129
2022-08-26,20220.67,19132942.17226705,386880909794.4951,4983.0,13.64271047227926
2022-08-27,19987.15,19133848.42221791,382431098492.1327,4984.0,13.645448323066393
2022-08-28,19725.14,19134854.67216423,377437687288.09357,4985.0,13.648186173853524
2022-08-29,20189.24,19135835.92209417,386337984031.7805,4986.0,13.650924024640657
2022-08-30,19798.28,19136848.42202319,378876683376.77325,4987.0,13.653661875427789
2022-08-31,20024.3,19137760.92192491,383220266028.901,4988.0,13.656399726214921
2022-09-01,20056.83,19138623.42183744,383860116405.8119,4989.0,13.659137577002053
2022-09-02,19952.13,19139429.67166686,381872388934.9545,4990.0,13.661875427789186
2022-09-03,19743.53,19140348.4215677,377898043271.6745,4991.0,13.664613278576317
2022-09-04,19900.6,19141398.42149126,380925313426.72894,4992.0,13.66735112936345
2022-09-05,19741.02,19142354.67139844,377889606415.17,4993.0,13.670088980150581
2022-09-06,18847.93,19143242.17131108,360810488417.91925,4994.0,13.672826830937714
2022-09-07,19279.93,19144154.67120723,369097961970.0484,4995.0,13.675564681724847
2022-09-08,19277.72,19144948.42110895,369070955076.58044,4996.0,13.678302532511978
2022-09-09,21362.44,19145867.17104343,409002438689.38495,4997.0,13.681040383299111
2022-09-10,21647.85,19146848.42098883,414488102590.30304,4998.0,13.683778234086242
2022-09-11,21632.87,19147992.17095061,414226025395.1923,4999.0,13.686516084873375
2022-09-12,22368.99,19148948.42086225,428342635736.7835,5000.0,13.689253935660506
2022-09-13,20176.02,19149804.67080765,386366842034.30853,5001.0,13.69199178644764
2022-09-14,20205.44,19150598.42072575,386946267354.0689,5002.0,13.69472963723477
2022-09-15,19721.21,19151517.17066023,377691091941.1962,5003.0,13.697467488021903
2022-09-16,19717.45,19152317.17060563,377634856195.558,5004.0,13.700205338809035
2022-09-17,20155.45,19153379.67054557,386044986280.69775,5005.0,13.702943189596168
2022-09-18,19461.56,19154342.17049643,372773379411.64655,5006.0,13.705681040383299
2022-09-19,19506.44,19155154.67039269,373648875268.73474,5007.0,13.708418891170432
2022-09-20,18845.31,19156104.67029441,361002730904.146,5008.0,13.711156741957563
2022-09-21,18465.91,19156985.92022889,353751177874.21387,5009.0,13.713894592744696
2022-09-22,19324.83,19157785.92015245,370220956083.3397,5010.0,13.716632443531827
2022-09-23,19279.79,19158629.67009239,369374356727.1506,5011.0,13.71937029431896
2022-09-24,18853.31,19159542.17005963,361220787990.2069,5012.0,13.722108145106091
2022-09-25,18818.88,19160460.92002687,360578414798.67523,5013.0,13.724845995893224
2022-09-26,19143.23,19161398.41996135,366811057074.95667,5014.0,13.727583846680355
2022-09-27,19061.15,19162204.66985761,365253657542.8564,5015.0,13.730321697467488
2022-09-28,19497.42,19163142.16981939,373631831404.67993,5016.0,13.73305954825462
2022-09-29,19498.16,19164035.91973749,373663438608.78876,5017.0,13.735797399041752
2022-09-30,19416.95,19165092.16967197,372127636403.9122,5018.0,13.738535249828884
2022-10-01,19282.25,19166223.41963921,369567911533.3382,5019.0,13.741273100616016
2022-10-02,19030.95,19167204.66957081,364770113706.36865,5020.0,13.744010951403148
2022-10-03,19559.59,19168167.1694235,374921490885.38416,5021.0,13.74674880219028
2022-10-04,20295.37,19169185.91933614,389045720831.7171,5022.0,13.749486652977414
2022-10-05,20153.31,19170279.66925424,386344588961.17816,5023.0,13.752224503764545
2022-10-06,19949.73,19171273.4192051,382461728469.31854,5024.0,13.754962354551678
2022-10-07,19505.49,19172342.16912866,373965928456.5174,5025.0,13.757700205338809
2022-10-08,19413.2,19173435.91906542,372217746184.0008,5026.0,13.760438056125942
2022-10-09,19429.17,19174423.4190272,372543132260.2607,5027.0,13.763175906913073
2022-10-10,19100.95,19175473.41898898,366269759002.43756,5028.0,13.765913757700206
2022-10-11,19047.42,19176454.66892892,365261986190.05005,5029.0,13.768651608487337
2022-10-12,19116.5,19177310.91885248,366603064180.2434,5030.0,13.77138945927447
2022-10-13,19329.68,19178204.66877058,370708559221.8413,5031.0,13.774127310061601
2022-10-14,19121.47,19179179.66870506,366734108659.7538,5032.0,13.776865160848734
2022-10-15,19057.2,19180129.66866684,365519567121.7177,5033.0,13.779603011635865
2022-10-16,19265.82,19181029.66863408,369538265010.56384,5034.0,13.782340862422998
2022-10-17,19510.27,19181967.16855218,374245358589.5885,5035.0,13.78507871321013
2022-10-18,19294.57,19182854.66843752,370124932199.9945,5036.0,13.787816563997263
2022-10-19,19087.24,19183798.418372,366165764523.08685,5037.0,13.790554414784394
2022-10-20,19044.07,19184704.66832412,365354858632.8913,5038.0,13.793292265571527
2022-10-21,19149.06,19185679.66824852,367387731108.07104,5039.0,13.796030116358658
2022-10-22,19197.78,19186529.66818846,368338775533.35504,5040.0,13.79876796714579
2022-10-23,19515.46,19187498.41814478,374452857879.36774,5041.0,13.801505817932922
2022-10-24,19310.35,19188348.4180738,370533723874.95135,5042.0,13.804243668720055
2022-10-25,20100.08,19189110.91801374,385702664580.94965,5043.0,13.806981519507186
2022-10-26,20831.04,19190079.66793184,399749317165.8749,5044.0,13.809719370294319
2022-10-27,20224.46,19190923.4178554,388126063027.4798,5045.0,13.81245722108145
2022-10-28,20648.17,19191917.16781718,396277968307.0076,5046.0,13.815195071868583
2022-10-29,20748.7,19192810.91777896,398225875889.72034,5047.0,13.817932922655714
2022-10-30,20636.04,19193654.6677462,396081025469.79736,5048.0,13.820670773442847
2022-10-31,20428.55,19194735.91770252,392120622431.5818,5049.0,13.82340862422998
2022-11-01,20433.75,19195635.91765884,392238825432.4613,5050.0,13.826146475017111
2022-11-02,20171.66,19196398.41759878,387223222104.34064,5051.0,13.828884325804244
2022-11-03,20187.17,19197423.4175551,387541650092.1658,5052.0,13.831622176591376
2022-11-04,21134.86,19198229.66751142,405751896270.7004,5053.0,13.834360027378509
2022-11-05,21337.9,19199173.41746774,409670042464.5849,5054.0,13.83709787816564
2022-11-06,21085.3,19200029.66743498,404838385546.7667,5055.0,13.839835728952773
2022-11-07,20604.78,19200929.667364,395630931591.5084,5056.0,13.842573579739904
2022-11-08,18544.19,19201948.41732578,356084579821.0885,5057.0,13.845311430527037
2022-11-09,15728.99,19202879.6672821,302041902257.8835,5058.0,13.848049281314168
2022-11-10,17725.64,19203798.41724934,340399617376.73157,5059.0,13.850787132101301
2022-11-11,16831.38,19204635.91717836,323240524883.6775,5060.0,13.853524982888432
2022-11-12,16780.2,19205679.66706008,322275145949.2016,5061.0,13.856262833675565
2022-11-13,16380.51,19206485.91700002,314612034628.278,5062.0,13.859000684462696
2022-11-14,16426.06,19207254.66692874,315499517594.2515,5063.0,13.86173853524983
2022-11-15,16806.46,19208223.41683046,322822238526.0245,5064.0,13.86447638603696
2022-11-16,16600.46,19209160.91678132,318880907432.5916,5065.0,13.867214236824093
2022-11-17,16648.24,19210023.4167431,319813080247.55914,5066.0,13.869952087611225
2022-11-18,16606.78,19210892.1667158,319031059816.3726,5067.0,13.872689938398358
2022-11-19,16733.0,19211810.91666665,321471232068.58307,5068.0,13.875427789185489
2022-11-20,16221.89,19212742.16662843,311666990025.4081,5069.0,13.878165639972622
2022-11-21,15731.36,19213548.41657383,302255247018.5529,5070.0,13.880903490759753
2022-11-22,16107.36,19214335.91654107,309492225768.657,5071.0,13.883641341546886
2022-11-23,16561.76,19215217.16649193,318237815059.31934,5072.0,13.886379192334017
2022-11-24,16585.48,19216023.41645361,318706972053.12305,5073.0,13.88911704312115
2022-11-25,16513.93,19216792.16642085,317344760660.82227,5074.0,13.891854893908283
2022-11-26,16418.65,19217473.41634441,315524969907.2632,5075.0,13.894592744695414
2022-11-27,16443.43,19218323.41631165,316015155813.4815,5076.0,13.897330595482547
2022-11-28,16214.82,19219192.16626251,311635741521.3567,5077.0,13.900068446269678
2022-11-29,16419.55,19220010.91622429,315583930239.49054,5078.0,13.902806297056811
2022-11-30,17144.04,19220873.41616423,329523422681.65625,5079.0,13.905544147843942
2022-12-01,16973.36,19221829.66609325,326259034781.2805,5080.0,13.908281998631075
2022-12-02,16996.64,19222610.91603865,326719797599.9792,5081.0,13.911019849418206
2022-12-03,16929.48,19223429.66598951,325442668061.7761,5082.0,13.91375770020534
2022-12-04,17133.4,19224304.66595128,329377701563.60974,5083.0,13.91649555099247
2022-12-05,16973.42,19225217.1659076,326317685548.1593,5084.0,13.919233401779604
2022-12-06,16997.81,19226060.91585846,326800930496.1881,5085.0,13.921971252566735
2022-12-07,16805.96,19227135.9158257,323130477115.93005,5086.0,13.924709103353868
2022-12-08,17185.24,19228179.6657711,330440882319.3962,5087.0,13.927446954140999
2022-12-09,17154.75,19229129.66573834,329870912133.32477,5088.0,13.930184804928132
2022-12-10,17160.04,19230092.1656667,329989150766.5272,5089.0,13.932922655715263
2022-12-11,17109.46,19231010.87437845,329032211314.7431,5090.0,13.935660506502396
2022-12-12,17171.94,19231904.58944839,330249111695.73236,5091.0,13.938398357289527
2022-12-13,17779.72,19232935.80283517,341956213352.3846,5092.0,13.94113620807666
2022-12-14,17785.68,19233860.77494511,342087292907.72577,5093.0,13.943874058863791
2022-12-15,17362.35,19234729.49509689,333960105649.19543,5094.0,13.946611909650924
2022-12-16,16626.44,19235541.95487591,319818584180.227,5095.0,13.949349760438055
2022-12-17,16779.39,19236404.41461085,322775131870.4772,5096.0,13.952087611225188
2022-12-18,16781.15,19237310.62227742,322824195149.03076,5097.0,13.95482546201232
2022-12-19,16407.59,19238160.58084578,315651851164.67944,5098.0,13.957563312799453
2022-12-20,16856.73,19239035.54155345,324307227584.37024,5099.0,13.960301163586584
2022-12-21,16784.8,19239929.24910477,322938364460.3738,5100.0,13.963039014373717
2022-12-22,16776.67,19240772.95819589,322796098464.57623,5101.0,13.96577686516085
2022-12-23,16784.0,19241597.9181671,322950979458.5166,5102.0,13.96851471594798
2022-12-24,16793.39,19242154.14117342,323140998932.8403,5103.0,13.971252566735114
2022-12-25,16793.47,19243035.37385341,323157337259.7461,5104.0,13.973990417522245
2022-12-26,16802.14,19243841.60044565,323337720708.51184,5105.0,13.976728268309378
2022-12-27,16694.93,19244560.32123563,321286587443.8064,5106.0,13.979466119096509
2022-12-28,16523.61,19245610.27240695,318006958353.2462,5107.0,13.982203969883642
2022-12-29,16595.29,19246491.47920417,319401107579.9222,5108.0,13.984941820670773
2022-12-30,16591.55,19247478.93413641,319345509109.6709,5109.0,13.987679671457906
2022-12-31,16537.08,19248453.89718753,318313221974.102,5110.0,13.990417522245037
2023-01-01,16595.17,19249422.60727431,319447440569.56036,5111.0,13.99315537303217
2023-01-02,16689.83,19250397.55826063,321285862679.78503,5112.0,13.995893223819301
2023-01-03,16603.58,19251360.01526741,319641496122.2937,5113.0,13.998631074606434
2023-01-04,16794.0,19252253.72329735,323322349029.0557,5114.0,14.001368925393566
2023-01-05,16790.17,19253234.93404959,323265087592.6314,5115.0,14.004106776180699
2023-01-06,16970.93,19254359.89177137,326764393918.0595,5116.0,14.00684462696783
2023-01-07,16969.72,19255322.34717769,326757428741.34827,5117.0,14.009582477754963
2023-01-08,16969.24,19256278.57965493,326764412725.0236,5118.0,14.012320328542094
2023-01-09,17177.58,19257228.54606125,330792583928.25085,5119.0,14.015058179329227
2023-01-10,17363.16,19258284.75559803,334384679537.0095,5120.0,14.017796030116358
2023-01-11,17580.22,19259203.47157527,338581034055.05707,5121.0,14.020533880903491
2023-01-12,18841.05,19260147.18880103,362881396191.55963,5122.0,14.023271731690622
2023-01-13,19813.51,19261140.90251235,381630807883.3374,5123.0,14.026009582477755
2023-01-14,20973.14,19262209.61793413,403989019026.279,5124.0,14.028747433264886
2023-01-15,20878.5,19263228.33720591,402187312838.3536,5125.0,14.03148528405202
2023-01-16,21136.56,19264147.06031677,407177800189.2091,5126.0,14.03422313483915
2023-01-17,21210.67,19265122.03265217,408626145944.31433,5127.0,14.036960985626283
2023-01-18,20685.97,19265997.00170941,398535835997.4508,5128.0,14.039698836413416
2023-01-19,21070.15,19266903.21997481,405956540880.35223,5129.0,14.042436687200547
2023-01-20,22628.46,19267728.19024205,435999016643.7646,5130.0,14.04517453798768
2023-01-21,23018.5,19268590.65808383,443534054063.10266,5131.0,14.047912388774812
2023-01-22,22653.32,19269534.39618178,436518928927.71265,5132.0,14.050650239561945
2023-01-23,22908.19,19270521.85885021,441452776141.6938,5133.0,14.053388090349076
2023-01-24,22659.13,19271328.07955362,436671528227.2558,5134.0,14.056125941136209
2023-01-25,23131.43,19272421.7960685,445798675706.2328,5135.0,14.05886379192334
2023-01-26,22947.08,19273390.51666793,442268034057.22034,5136.0,14.061601642710473
2023-01-27,23060.68,19274352.98941644,444479686495.9759,5137.0,14.064339493497604
2023-01-28,22931.29,19275402.95246669,442009854969.8699,5138.0,14.067077344284737
2023-01-29,23725.31,19276409.16284497,457338783075.33746,5139.0,14.069815195071868
2023-01-30,22686.03,19277271.62155255,437324762324.68976,5140.0,14.072553045859001
2023-01-31,23101.71,19277990.34175801,445354542258.0944,5141.0,14.075290896646132
2023-02-01,23709.87,19278846.55963438,457098945678.87836,5142.0,14.078028747433265
2023-02-02,23475.41,19279752.77542983,452600101101.8532,5143.0,14.080766598220396
2023-02-03,23440.01,19280583.99588122,451937081669.2957,5144.0,14.08350444900753
2023-02-04,23409.68,19281433.96430184,451372199045.4375,5145.0,14.08624229979466
2023-02-05,22912.08,19282383.94257359,441799523482.9615,5146.0,14.088980150581794
2023-02-06,22878.48,19283308.91224204,441172797282.5513,5147.0,14.091718001368925
2023-02-07,23191.82,19284196.37655138,447235611209.6318,5148.0,14.094455852156058
2023-02-08,22904.6,19285058.84264049,441716558767.1433,5149.0,14.097193702943189
2023-02-09,21861.84,19286071.29363854,421629004850.1188,5150.0,14.099931553730322
2023-02-10,21633.92,19286990.00220936,417253198748.5971,5151.0,14.102669404517453
2023-02-11,21846.51,19287914.96354317,421373627130.19543,5152.0,14.105407255304586
2023-02-12,21808.11,19288927.42502837,420655051067.03546,5153.0,14.108145106091717
2023-02-13,21824.3,19289902.38706678,420988616666.0615,5154.0,14.11088295687885
2023-02-14,22149.51,19290864.84314575,427283203751.9052,5155.0,14.113620807665983
2023-02-15,24259.6,19291883.54504416,468013378049.35333,5156.0,14.116358658453114
2023-02-16,23855.04,19293002.24407451,460235340252.4872,5157.0,14.119096509240247
2023-02-17,24555.69,19294033.44763486,473778304189.75287,5158.0,14.121834360027378
2023-02-18,24572.24,19295083.27777252,474123417121.413,5159.0,14.124572210814511
2023-02-19,24388.09,19296095.76363355,470594920132.1137,5160.0,14.127310061601642
2023-02-20,24807.55,19297014.46137052,478711651101.17224,5161.0,14.130047912388775
2023-02-21,24289.32,19298058.14686233,468736709707.74615,5162.0,14.132785763175907
2023-02-22,24093.8,19298933.06907878,464984633579.7703,5163.0,14.13552361396304
2023-02-23,23831.85,19300001.7084604,459954745715.772,5164.0,14.13826146475017
2023-02-24,23155.4,19300845.36492175,446918794762.90906,5165.0,14.140999315537304
2023-02-25,23098.04,19301514.04370211,445827143441.9931,5166.0,14.143737166324435
2023-02-26,23462.86,19302563.95405212,452893355694.9714,5167.0,14.146475017111568
2023-02-27,23442.42,19303438.87294958,452519321504.0107,5168.0,14.149212867898699
2023-02-28,23172.79,19304295.04207078,447334375107.9474,5169.0,14.151950718685832
2023-03-01,23500.37,19305357.4332792,453683042664.3115,5170.0,14.154688569472963
2023-03-02,23440.9,19306257.33332419,452556047524.71906,5171.0,14.157426420260096
2023-03-03,22346.92,19307307.21490648,431458849746.93787,5172.0,14.160164271047227
2023-03-04,22357.07,19308257.11119328,431676055812.946,5173.0,14.16290212183436
2023-03-05,22386.29,19309225.81698428,432261928814.4971,5174.0,14.165639972621491
2023-03-06,22392.42,19310050.73105825,432398766191.1634,5175.0,14.168377823408624
2023-03-07,22120.15,19311081.84661653,427164027109.43463,5176.0,14.171115674195756
2023-03-08,21855.08,19311912.9852847,422063403246.436,5177.0,14.173853524982889
2023-03-09,20376.07,19312756.63994997,393518081188.5854,5178.0,14.17659137577002
2023-03-10,20184.15,19313606.55554761,389828731758.1563,5179.0,14.179329226557153
2023-03-11,20498.56,19314637.68816195,395922259529.0491,5180.0,14.182067077344286
2023-03-12,21883.01,19315643.82353242,422684426946.79816,5181.0,14.184804928131417
2023-03-13,24195.31,19316624.96366953,467371729149.7231,5182.0,14.18754277891855
2023-03-14,24709.0,19317537.36982947,477317030871.11633,5183.0,14.190280629705681
2023-03-15,24406.31,19318456.02612644,471492226495.01,5184.0,14.193018480492814
2023-03-16,25031.96,19319293.4374315,483599780554.0478,5185.0,14.195756331279945
2023-03-17,27530.91,19320212.09250012,531903020299.5325,5186.0,14.198494182067078
2023-03-18,27132.88,19321224.47407316,524240465108.0902,5187.0,14.20123203285421
2023-03-19,28190.56,19322149.45872038,544702213645.02435,5188.0,14.203969883641342
2023-03-20,27871.08,19323111.95868762,538555999249.53937,5189.0,14.206707734428473
2023-03-21,28172.98,19324018.2086494,544415178511.9154,5190.0,14.209445585215606
2023-03-22,27257.63,19325011.95861664,526754025713.5477,5191.0,14.212183436002737
2023-03-23,28311.21,19326155.70858388,547146852758.417,5192.0,14.21492128678987
2023-03-24,27496.0,19327168.20855112,531419817062.3216,5193.0,14.217659137577002
2023-03-25,27519.9,19328074.4585129,531906676290.82916,5194.0,14.220396988364135
2023-03-26,28024.12,19328974.45847468,541677499701.22943,5195.0,14.223134839151266
2023-03-27,27179.46,19329899.45842007,525376229134.14996,5196.0,14.225872689938399
2023-03-28,27218.79,19330736.95838185,526159269815.4343,5197.0,14.22861054072553
2023-03-29,28400.41,19331655.70834363,549026948095.7995,5198.0,14.231348391512663
2023-03-30,27927.18,19332624.45826653,539905683118.41187,5199.0,14.234086242299794
2023-03-31,28511.66,19333505.70822831,551230341361.0647,5200.0,14.236824093086927
2023-04-01,28503.61,19334380.70818463,551099647297.6185,5201.0,14.239561943874058
2023-04-02,28155.03,19335311.9581464,544386288240.97064,5202.0,14.242299794661191
2023-04-03,27842.06,19336130.70810817,538357711342.99023,5203.0,14.245037645448322
2023-04-04,28163.74,19337143.20807541,544606273655.00183,5204.0,14.247775496235455
2023-04-05,28175.14,19338011.95803173,544851194239.2181,5205.0,14.250513347022586
2023-04-06,27998.72,19339011.95799351,541467580888.5121,5206.0,14.25325119780972
2023-04-07,27880.27,19339899.45795529,539201618660.64716,5207.0,14.255989048596852
2023-04-08,27894.08,19340818.20791707,539494330357.09534,5208.0,14.258726899383984
2023-04-09,28380.93,19341730.7078843,548936305299.31476,5209.0,14.261464750171116
2023-04-10,29515.69,19342499.45784062,570907217822.7919,5210.0,14.264202600958248
2023-04-11,30203.23,19343461.9578024,584235030507.7562,5211.0,14.26694045174538
2023-04-12,29860.59,19344461.95776964,577637047291.5565,5212.0,14.269678302532512
2023-04-13,30245.4,19345349.45772596,585107832488.7048,5213.0,14.272416153319645
2023-04-14,30489.86,19346224.45768228,589863675243.3087,5214.0,14.275154004106776
2023-04-15,30249.19,19347211.9576386,585237490476.882,5215.0,14.277891854893909
2023-04-16,30260.66,19347986.95760038,585482855008.3795,5216.0,14.28062970568104
2023-04-17,29505.96,19348955.70755124,570909513148.7786,5217.0,14.283367556468173
2023-04-18,30248.6,19349993.20750755,585310204536.6129,5218.0,14.286105407255304
2023-04-19,28871.08,19350861.95745841,558680283642.7384,5219.0,14.288843258042437
2023-04-20,28211.38,19351693.20742565,545937970718.1039,5220.0,14.291581108829568
2023-04-21,27241.02,19352599.45737651,527184548870.3827,5221.0,14.294318959616701
2023-04-22,27846.12,19353530.70734375,538920738500.3789,5222.0,14.297056810403832
2023-04-23,27547.89,19354449.45731098,533174244660.5625,5223.0,14.299794661190965
2023-04-24,27499.31,19355330.70725092,532258239271.2123,5224.0,14.302532511978097
2023-04-25,28203.09,19356111.95719632,545902167578.884,5225.0,14.30527036276523
2023-04-26,28312.24,19356924.4571581,548037890892.9299,5226.0,14.30800821355236
2023-04-27,29495.7,19357736.95711442,570970001965.9598,5227.0,14.310746064339494
2023-04-28,29363.12,19358655.70705436,568430530564.922,5228.0,14.313483915126625
2023-04-29,29194.09,19359511.95691614,565183334426.2859,5229.0,14.316221765913758
2023-04-30,29406.43,19360436.95688327,569321334142.0009,5230.0,14.318959616700889
2023-05-01,28152.76,19361574.45684505,545081758905.68896,5231.0,14.321697467488022
2023-05-02,28574.02,19362380.70681229,553261053564.0685,5232.0,14.324435318275153
2023-05-03,29127.52,19363261.95677407,564003799911.1759,5233.0,14.327173169062286
2023-05-04,28820.56,19364174.45675768,558086351781.4521,5234.0,14.329911019849419
2023-05-05,29519.98,19364918.20674676,571651998164.8003,5235.0,14.33264887063655
2023-05-06,28840.25,19365849.45670801,558515939793.8232,5236.0,14.335386721423683
2023-05-07,28819.87,19366718.20670255,558146301043.8005,5237.0,14.338124572210814
2023-05-08,27576.14,19367574.45670255,534082944678.4534,5238.0,14.340862422997947
2023-05-09,27548.15,19368518.20669163,533566844835.67206,5239.0,14.343600273785079
2023-05-10,27569.53,19369580.70669163,534010236380.5561,5240.0,14.346338124572211
2023-05-11,26928.76,19370524.45667524,521624204167.93787,5241.0,14.349075975359343
2023-05-12,26678.58,19371405.70667524,516801596857.99194,5242.0,14.351813826146476
2023-05-13,26905.89,19372311.95666432,521229294551.69495,5243.0,14.354551676933607
2023-05-14,26907.99,19373399.45666432,521299238845.929,5244.0,14.35728952772074
2023-05-15,27249.71,19374318.20665886,527944552579.17395,5245.0,14.360027378507871
2023-05-16,26948.19,19375274.4566534,522128577360.0426,5246.0,14.362765229295004
2023-05-17,27304.41,19376274.45663702,529057742036.54443,5247.0,14.365503080082135
2023-05-18,26921.52,19377155.70661518,521662484898.7547,5248.0,14.368240930869268
2023-05-19,26904.72,19378093.20660426,521362171857.58984,5249.0,14.3709787816564
2023-05-20,27093.83,19378911.95660416,525048946137.20056,5250.0,14.373716632443532
2023-05-21,26789.82,19379855.70659869,519182846005.7518,5251.0,14.376454483230663
2023-05-22,26904.04,19380755.70659869,521420626760.5595,5252.0,14.379192334017796
2023-05-23,27223.8,19381718.20658765,527644020112.50085,5253.0,14.381930184804927
2023-05-24,26319.73,19382599.45658765,510144784395.5336,5254.0,14.38466803559206
2023-05-25,26402.45,19383543.20658218,511773030334.62573,5255.0,14.387405886379192
2023-05-26,26645.83,19384499.45658218,516516077155.1812,5256.0,14.390143737166325
2023-05-27,26882.02,19385405.70657672,521118863912.3095,5257.0,14.392881587953456
2023-05-28,28129.55,19386405.70657672,545330868643.4352,5258.0,14.395619438740589
2023-05-29,27770.73,19387418.20657042,538402756411.75134,5259.0,14.39835728952772
2023-05-30,27739.03,19388380.70657042,537814874070.9781,5260.0,14.401095140314853
2023-05-31,27204.66,19389261.95656496,527478279179.2845,5261.0,14.403832991101986
2023-06-01,26877.81,19390086.9565595,521163073101.8846,5262.0,14.406570841889117
2023-06-02,27227.76,19391111.9545595,527976542431.87695,5263.0,14.40930869267625
2023-06-03,27058.75,19391924.45354857,524721235807.45734,5264.0,14.412046543463381
2023-06-04,27207.51,19392849.45254856,527631145408.7094,5265.0,14.414784394250514
2023-06-05,25723.08,19393711.9515431,498866004026.4993,5266.0,14.417522245037645
2023-06-06,27168.72,19394655.70153218,526927970251.3314,5267.0,14.420260095824778
2023-06-07,26303.29,19395499.44877126,510165446695.8706,5268.0,14.42299794661191
2023-06-08,26593.12,19396461.9477658,515812440152.3697,5269.0,14.425735797399042
2023-06-09,26449.99,19397518.1907988,513064162171.4464,5270.0,14.428473648186174
2023-06-10,25813.81,19398480.6897788,500748694814.61896,5271.0,14.431211498973306
2023-06-11,25958.65,19399499.43877334,503584816106.3136,5272.0,14.433949349760438
2023-06-12,25941.61,19400480.67776242,503279703555.04834,5273.0,14.43668720054757
2023-06-13,25784.08,19401399.42774604,500247234956.9581,5274.0,14.439425051334702
2023-06-14,25102.73,19402155.67574603,487047075346.22015,5275.0,14.442162902121835
2023-06-15,25557.68,19403080.67474055,495897726899.20306,5276.0,14.444900752908966
2023-06-16,26305.5,19404036.92368485,510432893295.9918,5277.0,14.447638603696099
2023-06-17,26584.87,19404911.92267839,515877060825.855,5278.0,14.45037645448323
2023-06-18,26314.84,19405855.66167839,510661986800.16095,5279.0,14.453114305270363
2023-06-19,26681.2,19406743.15967293,517795195591.8654,5280.0,14.455852156057494
2023-06-20,28196.85,19407593.15861833,547232993154.5873,5281.0,14.458590006844627
2023-06-21,30091.86,19408349.3857296,584033332546.4612,5282.0,14.461327857631758
2023-06-22,29912.69,19409205.6325696,580581551233.3083,5283.0,14.464065708418891
2023-06-23,30604.95,19409986.88156414,594041678010.9264,5284.0,14.466803559206022
2023-06-24,30545.79,19410899.37956414,592921256159.2965,5285.0,14.469541409993155
2023-06-25,30512.47,19411855.62851847,592303662509.501,5286.0,14.472279260780287
2023-06-26,30205.09,19412768.12651846,586364408410.6216,5287.0,14.47501711156742
2023-06-27,30565.24,19413643.12450743,593382661374.9196,5288.0,14.477754962354553
2023-06-28,30171.6,19414318.1234965,585761040694.887,5289.0,14.480492813141684
2023-06-29,30500.08,19415230.62248547,592166087204.2567,5290.0,14.483230663928817
2023-06-30,30525.66,19416218.12046277,592692872831.0856,5291.0,14.485968514715948
2023-07-01,30551.17,19417049.36931102,593213576180.2137,5292.0,14.48870636550308
2023-07-02,30554.22,19418118.11931102,593305453003.4152,5293.0,14.491444216290212
2023-07-03,31048.38,19418974.36930554,602927695428.4587,5294.0,14.494182067077345
2023-07-04,30843.03,19419855.61828916,598967189430.5612,5295.0,14.496919917864476
2023-07-05,30509.76,19420830.6182837,592524881164.4873,5296.0,14.499657768651609
2023-07-06,30169.63,19421699.36628349,585945483852.0074,5297.0,14.50239561943874
2023-07-07,30244.05,19422793.10627257,587423925845.763,5298.0,14.505133470225873
2023-07-08,30200.57,19423905.6062671,586613020935.4619,5299.0,14.507871321013004
2023-07-09,30191.23,19424961.85626164,586463491143.6221,5300.0,14.510609171800137
2023-07-10,30268.72,19425924.35526164,587997865050.5951,5301.0,14.513347022587268
2023-07-11,30546.54,19426768.10424526,593420548967.052,5302.0,14.516084873374401
2023-07-12,30331.58,19427668.10423434,589271869317.0323,5303.0,14.518822724161533
2023-07-13,31277.99,19428418.10322888,607681867148.6118,5304.0,14.521560574948666
2023-07-14,30201.87,19429280.60122857,586800606911.827,5305.0,14.524298425735797
2023-07-15,30226.14,19430143.09922311,587298225537.1516,5306.0,14.52703627652293
2023-07-16,30229.16,19431111.84722311,587386189007.6029,5307.0,14.529774127310061
2023-07-17,30179.33,19431961.84621765,586443589104.4117,5308.0,14.532511978097194
2023-07-18,29824.5,19432974.34521218,579578743358.7806,5309.0,14.535249828884325
2023-07-19,29844.7,19433899.34320671,579998895728.2013,5310.0,14.537987679671458
2023-07-20,29843.27,19434699.33946748,579994979756.5497,5311.0,14.54072553045859
2023-07-21,29848.84,19435399.33843908,580124125189.174,5312.0,14.543463381245722
2023-07-22,29837.53,19436236.83843907,579929299754.0309,5313.0,14.546201232032855
2023-07-23,29991.11,19437155.58643361,582941871279.845,5314.0,14.548939082819986
2023-07-24,29173.26,19438093.0854336,567072543485.5565,5315.0,14.55167693360712
2023-07-25,29179.91,19438955.58342257,567226974418.2681,5316.0,14.55441478439425
2023-07-26,29481.25,19439855.58241699,573111242389.1309,5317.0,14.557152635181383
2023-07-27,29182.1,19440718.08140607,567320979123.4001,5318.0,14.559890485968515
2023-07-28,29215.9,19441593.07938379,568003639247.9689,5319.0,14.562628336755647
2023-07-29,29352.45,19442418.07837833,570682604524.696,5320.0,14.565366187542779
2023-07-30,29184.37,19443468.07737833,567445366453.3977,5321.0,14.568104038329912
2023-07-31,29180.62,19444349.32635069,567398168839.4954,5322.0,14.570841889117043
2023-08-01,29263.66,19445218.07633966,569038250411.8578,5323.0,14.573579739904176
2023-08-02,29164.53,19446180.57533966,567138716774.9108,5324.0,14.576317590691307
2023-08-03,29181.34,19447124.32532874,567493146959.6886,5325.0,14.57905544147844
2023-08-04,29019.79,19447880.57532874,564373410241.1193,5326.0,14.581793292265571
2023-08-05,29011.04,19448843.07532326,564231164411.9261,5327.0,14.584531143052704
2023-08-06,29073.8,19449868.07532326,565481574448.3334,5328.0,14.587268993839835
2023-08-07,29153.49,19450780.57455677,567058136972.5352,5329.0,14.590006844626968
2023-08-08,29818.48,19451561.82455677,580016007234.3096,5330.0,14.5927446954141
2023-08-09,29519.62,19452574.32455131,574232602082.5114,5331.0,14.595482546201232
2023-08-10,29490.34,19453368.07252903,573686438604.0258,5332.0,14.598220396988363
2023-08-11,29376.99,19454311.82252357,571509123867.1567,5333.0,14.600958247775496
2023-08-12,29470.19,19455355.57252357,573353025239.8284,5334.0,14.603696098562628
2023-08-13,29215.26,19456199.32251811,568417921819.1904,5335.0,14.60643394934976
2023-08-14,29468.45,19457268.07251254,573375531331.4323,5336.0,14.609171800136892
2023-08-15,29175.56,19458336.82250708,567707873465.2646,5337.0,14.611909650924025
2023-08-16,28829.31,19459355.57040961,560999794139.5656,5338.0,14.614647501711156
2023-08-17,26625.28,19460330.57038766,518136750329.13116,5339.0,14.617385352498289
2023-08-18,26009.53,19461199.31938765,506176647533.5926,5340.0,14.620123203285422
2023-08-19,26017.66,19462074.31938219,506357632536.41724,5341.0,14.622861054072553
2023-08-20,26170.27,19463086.81937219,509354237096.4114,5342.0,14.625598904859686
2023-08-21,26042.12,19464118.06936116,506886898456.4717,5343.0,14.628336755646817
2023-08-22,25981.09,19465011.81934478,505722223929.4605,5344.0,14.63107460643395
2023-08-23,26389.1,19465899.31933932,513687563727.97723,5345.0,14.633812457221081
2023-08-24,26026.88,19466768.06933932,506659236528.5262,5346.0,14.636550308008214
2023-08-25,26006.95,19467611.81930749,506293207204.139,5347.0,14.639288158795345
2023-08-26,26002.78,19468468.06930649,506234292143.20135,5348.0,14.642026009582478
2023-08-27,26018.75,19469193.06930082,506564067171.87067,5349.0,14.64476386036961
2023-08-28,26020.6,19469930.56930082,506619275371.5489,5350.0,14.647501711156742
2023-08-29,27563.84,19470918.06929536,536693270315.16626,5351.0,14.650239561943874
2023-08-30,27233.07,19471705.56929535,530274320788.01013,5352.0,14.652977412731007
2023-08-31,25996.97,19472605.56827897,506228742780.3813,5353.0,14.655715263518138
2023-09-01,25727.98,19473549.31824577,501015087388.84076,5354.0,14.65845311430527
2023-09-02,25813.95,19474499.31824577,502713751676.23035,5355.0,14.661190965092402
2023-09-03,25980.63,19475486.81824031,505985417094.5788,5356.0,14.663928815879535
2023-09-04,25712.08,19476418.06824031,500779219484.04034,5357.0,14.666666666666666
2023-09-05,25705.93,19477193.06822939,500679361608.3899,5358.0,14.669404517453799
2023-09-06,25697.93,19478036.81822939,500545226692.28156,5359.0,14.67214236824093
2023-09-07,26200.68,19478949.31822393,510361717823.00336,5360.0,14.674880219028063
2023-09-08,25837.64,19479780.56721846,503311557574.7864,5361.0,14.677618069815194
2023-09-09,25867.63,19480724.317213,503920168769.6685,5362.0,14.680355920602327
2023-09-10,25750.97,19481643.067213,501671206174.50995,5363.0,14.683093771389458
2023-09-11,25111.14,19482636.81720754,489231220686.053,5364.0,14.685831622176591
2023-09-12,25903.7,19483518.0671964,504695206957.23535,5365.0,14.688569472963723
2023-09-13,26284.33,19484436.79739079,512135366646.7627,5366.0,14.691307323750856
2023-09-14,26602.6,19485449.29739079,518363613478.7682,5367.0,14.694045174537989
2023-09-15,26612.61,19486624.29738533,518589932642.83984,5368.0,14.69678302532512
2023-09-16,26598.4,19487593.04738533,518338794911.57404,5369.0,14.699520876112253
2023-09-17,26468.92,19488524.29737986,515840190545.4037,5370.0,14.702258726899384
2023-09-18,26835.86,19489499.29736894,523017474614.29126,5371.0,14.704996577686517
2023-09-19,27219.16,19490368.04524153,530511446282.31647,5372.0,14.707734428473648
2023-09-20,27138.45,19491280.54524153,528963142513.0101,5373.0,14.710472279260781
2023-09-21,26599.46,19492143.04518607,518480479244.705,5374.0,14.713210130047912
2023-09-22,26610.73,19492949.29518061,518721610597.7415,5375.0,14.715947980835045
2023-09-23,26592.32,19493924.29517515,518388672913.072,5376.0,14.718685831622176
2023-09-24,26417.11,19494836.78517515,514997247786.01825,5377.0,14.72142368240931
2023-09-25,26304.93,19495743.03505082,512834155834.9994,5378.0,14.72416153319644
2023-09-26,26135.77,19496593.03504082,509558471347.4288,5379.0,14.726899383983573
2023-09-27,26302.54,19497574.28503481,512835727535.0995,5380.0,14.729637234770705
2023-09-28,26957.27,19498486.78503481,525625972855.6153,5381.0,14.732375085557837
2023-09-29,26913.56,19499405.53501742,524798420831.02344,5382.0,14.735112936344969
2023-09-30,26939.23,19500268.03501742,525322205656.9823,5383.0,14.737850787132102
2023-10-01,27868.77,19501149.28500196,543473044159.3841,5384.0,14.740588637919233
2023-10-02,27538.29,19502130.53500196,537055326290.73914,5385.0,14.743326488706366
2023-10-03,27404.87,19503155.53494104,534481442024.83966,5386.0,14.746064339493497
2023-10-04,27821.07,19503974.28494104,542621433859.5446,5387.0,14.74880219028063
2023-10-05,27473.83,19504855.53492465,535873085141.0789,5388.0,14.751540041067761
2023-10-06,27890.59,19505855.53492465,544029819323.8141,5389.0,14.754277891854894
2023-10-07,27898.91,19506924.28391919,544221924973.8759,5390.0,14.757015742642025
2023-10-08,27872.38,19507849.28391919,543730188224.12354,5391.0,14.759753593429158
2023-10-09,27549.59,19508824.28381373,537460110401.1119,5392.0,14.76249144421629
2023-10-10,27464.86,19509836.78381373,535834935890.2944,5393.0,14.765229295003422
2023-10-11,26823.47,19510836.78380827,523348345145.3776,5394.0,14.767967145790555
2023-10-12,26655.0,19511868.03353827,520088842433.9626,5395.0,14.770704996577686
2023-10-13,26886.56,19512730.53352188,524630200253.36804,5396.0,14.77344284736482
2023-10-14,26899.03,19513643.03252188,524898069341.09705,5397.0,14.77618069815195
2023-10-15,27162.65,19514686.78251642,530070606933.1197,5398.0,14.778918548939084
2023-10-16,28506.59,19515568.03251642,556322296520.0522,5399.0,14.781656399726215
2023-10-17,28486.91,19516580.5325055,555967073137.2363,5400.0,14.784394250513348
2023-10-18,28210.31,19517486.7824782,550594352554.6125,5401.0,14.787132101300479
2023-10-19,28610.54,19518361.78246182,558430870511.5952,5402.0,14.789869952087612
2023-10-20,29595.14,19519199.28243997,577673435451.7104,5403.0,14.792607802874743
2023-10-21,29871.36,19520136.78243451,583093033077.3429,5404.0,14.795345653661876
2023-10-22,29907.38,19521093.03243451,583824747336.3712,5405.0,14.798083504449007
2023-10-23,33068.38,19522074.28242902,645563370759.5901,5406.0,14.80082135523614
2023-10-24,33948.11,19522861.78242901,662764259304.696,5407.0,14.803559206023271
2023-10-25,34559.67,19523761.78242355,674734764359.1696,5408.0,14.806297056810404
2023-10-26,34246.75,19524699.28240151,668657495149.5839,5409.0,14.809034907597535
2023-10-27,33881.23,19525661.78239602,661553437751.5695,5410.0,14.811772758384668
2023-10-28,34136.32,19526661.78239598,666568375135.6395,5411.0,14.8145106091718
2023-10-29,34642.26,19527518.0323905,676477356832.7603,5412.0,14.817248459958932
2023-10-30,34515.79,19528493.03239008,674041364522.4392,5413.0,14.819986310746064
2023-10-31,34644.16,19529461.78238398,676581798702.7958,5414.0,14.822724161533197
2023-11-01,35329.73,19530393.0323763,690003512627.736,5415.0,14.825462012320328
2023-11-02,34733.55,19531293.03232472,678391143102.9023,5416.0,14.82819986310746
2023-11-03,34664.73,19532143.0323182,677076464536.6918,5417.0,14.830937713894592
2023-11-04,35065.18,19533193.03231745,684934929652.9572,5418.0,14.833675564681725
2023-11-05,34892.27,19534211.7823114,681592991745.5905,5419.0,14.836413415468858
2023-11-06,35065.17,19535005.53229971,684998289941.0298,5420.0,14.839151266255989
2023-11-07,35428.9,19535836.78228797,692133207776.0023,5421.0,14.841889117043122
2023-11-08,35814.25,19536768.03228701,699694694500.335,5422.0,14.844626967830253
2023-11-09,36670.17,19537661.7822702,716449378958.3512,5423.0,14.847364818617386
2023-11-10,37283.72,19538624.28226974,728472596925.346,5424.0,14.850102669404517
2023-11-11,36761.26,19539624.28225827,718301208542.4097,5425.0,14.85284052019165
2023-11-12,37121.38,19540630.5322578,725375171427.544,5426.0,14.855578370978781
2023-11-13,36610.19,19541386.78225147,715413882961.715,5427.0,14.858316221765914
2023-11-14,35511.47,19542249.2822509,693973999119.1744,5428.0,14.861054072553046
2023-11-15,37616.78,19543174.28223947,735151287476.66,5429.0,14.863791923340179
2023-11-16,36181.04,19544099.28223902,707125837894.6613,5430.0,14.86652977412731
2023-11-17,36445.2,19545036.78222225,712322774535.4463,5431.0,14.869267624914443
2023-11-18,36491.31,19545968.0322219,713257978713.8993,5432.0,14.872005475701574
2023-11-19,37188.32,19547030.53221611,726921226481.823,5433.0,14.874743326488707
2023-11-20,37562.04,19548068.03221029,734265313348.6042,5434.0,14.877481177275838
2023-11-21,36027.09,19549018.03219361,704294232057.4619,5435.0,14.880219028062971
2023-11-22,37489.35,19549905.53218326,732913250962.9545,5436.0,14.882956878850102
2023-11-23,37210.16,19550824.28217752,727489299671.7107,5437.0,14.885694729637235
2023-11-24,37615.3,19551874.28217723,735449616686.3811,5438.0,14.888432580424366
2023-11-25,37626.6,19552868.03217155,735707944299.306,5439.0,14.8911704312115
2023-11-26,37549.6,19553780.53216131,734236637470.4443,5440.0,14.89390828199863
2023-11-27,37117.93,19554593.03215563,725826015346.0404,5441.0,14.896646132785763
2023-11-28,37999.52,19555511.78215545,743100061076.2516,5442.0,14.899383983572895
2023-11-29,37678.96,19556361.78214977,736863373335.1499,5443.0,14.902121834360027
2023-11-30,37619.91,19557199.28214963,735740076846.5338,5444.0,14.904859685147159
2023-12-01,38663.01,19558255.53214399,756181029221.8385,5445.0,14.907597535934292
2023-12-02,39372.9,19559049.28214368,770096491480.9149,5446.0,14.910335386721425
2023-12-03,39848.24,19560080.53213252,779434783463.7444,5447.0,14.913073237508556
2023-12-04,41716.25,19561049.28213208,816013622115.7424,5448.0,14.915811088295689
2023-12-05,44107.95,19561911.78212625,862835826790.4355,5449.0,14.91854893908282
2023-12-06,43670.13,19562761.78212588,854308350184.4688,5450.0,14.921286789869953
2023-12-07,43213.31,19563480.53212009,845402748913.4703,5451.0,14.924024640657084
2023-12-08,44222.16,19564324.28211968,865176678695.7817,5452.0,14.926762491444217
2023-12-09,43734.99,19565305.53211945,855688441794.1887,5453.0,14.929500342231348
2023-12-10,43670.74,19566180.53211842,854469582811.2052,5454.0,14.932238193018481
2023-12-11,41201.74,19567168.03211822,806201369795.6465,5455.0,14.934976043805612
2023-12-12,41282.09,19568068.03211444,807810745627.8711,5456.0,14.937713894592745
2023-12-13,43045.34,19568999.28211368,842354227558.3391,5457.0,14.940451745379876
2023-12-14,43100.42,19569911.78211355,843471417172.0424,5458.0,14.94318959616701
2023-12-15,42101.6,19570930.53211342,823967488890.8264,5459.0,14.94592744695414
2023-12-16,42177.07,19571880.53211326,825484575234.5782,5460.0,14.948665297741274
2023-12-17,41637.73,19572818.03211309,814967712560.2562,5461.0,14.951403148528405
2023-12-18,42589.55,19573868.03211291,833642231247.0745,5462.0,14.954140999315538
2023-12-19,42191.12,19574880.53205268,825886133513.4985,5463.0,14.956878850102669
2023-12-20,43636.28,19575786.78205242,854214513241.9384,5464.0,14.959616700889802
2023-12-21,43805.74,19576699.28205018,857571798807.6769,5465.0,14.962354551676933
2023-12-22,43997.82,19577749.28204999,861378288916.7648,5466.0,14.965092402464066
2023-12-23,43686.75,19578749.28204989,855331925197.593,5467.0,14.967830253251197
2023-12-24,43131.89,19579818.03204978,844514557578.3876,5468.0,14.97056810403833
2023-12-25,43647.22,19580686.78204967,854642543727.2141,5469.0,14.973305954825461
2023-12-26,42468.45,19581555.53204955,831598312035.0697,5470.0,14.976043805612594
2023-12-27,43317.98,19582361.78204947,848268356027.5834,5471.0,14.978781656399725
2023-12-28,42655.05,19583118.03204935,835318878812.9667,5472.0,14.981519507186858
2023-12-29,41728.38,19584061.74589623,817211170476.2213,5473.0,14.984257357973991
2023-12-30,42163.8,19584967.99589619,825776673585.3678,5474.0,14.986995208761122
2023-12-31,42299.41,19585942.99589616,828473833020.04,5475.0,14.989733059548255
2024-01-01,43739.99,19586911.7458961,856731323896.3779,5476.0,14.992470910335387
2024-01-02,45097.72,19587730.49589598,883361985339.3782,5477.0,14.99520876112252
2024-01-03,42689.15,19588717.99589465,836225720834.4462,5478.0,14.99794661190965
2024-01-04,44283.24,19589780.49589452,867498951247.0161,5479.0,15.000684462696784
2024-01-05,44124.77,19590642.99589445,864432616345.9535,5480.0,15.003422313483915
2024-01-06,43732.12,19591517.99589437,856778615978.612,5481.0,15.006160164271048
2024-01-07,43831.77,19592255.49589408,858763236677.2651,5482.0,15.008898015058179
2024-01-08,46848.75,19593024.24589401,917908694639.827,5483.0,15.011635865845312
2024-01-09,46036.26,19593974.24589394,902033292817.2775,5484.0,15.014373716632443
2024-01-10,46844.05,19594805.4958919,917900048389.835,5485.0,15.017111567419576
2024-01-11,46250.77,19595886.74589184,906324850830.2919,5486.0,15.019849418206707
2024-01-12,42649.65,19596936.74588868,835802493284.2911,5487.0,15.02258726899384
2024-01-13,42757.92,19597930.49588859,837966744308.7646,5488.0,15.025325119780971
2024-01-14,42193.45,19598730.49588853,826938055241.7479,5489.0,15.028062970568104
2024-01-15,42621.14,19599442.99588579,835350603849.6676,5490.0,15.030800821355236
2024-01-16,43233.07,19600224.24588569,847377866838.0732,5491.0,15.033538672142368
2024-01-17,42626.01,19600980.49588458,835511590627.3811,5492.0,15.0362765229295
2024-01-18,41197.14,19601867.99588452,807540900087.974,5493.0,15.039014373716633
2024-01-19,41664.06,19602692.99588441,816727777142.1078,5494.0,15.041752224503764
2024-01-20,41684.32,19603586.74588432,817162183063.2007,5495.0,15.044490075290897
2024-01-21,41657.78,19604461.74588423,816678354428.461,5496.0,15.047227926078028
2024-01-22,39612.74,19605461.74588416,776626058719.6553,5497.0,15.049965776865161
2024-01-23,39536.15,19606424.24587865,775162529948.6953,5498.0,15.052703627652292
2024-01-24,39900.15,19607361.74587857,782336674764.8169,5499.0,15.055441478439425
2024-01-25,39825.1,19608492.99487301,780910194370.1171,5500.0,15.058179329226558
2024-01-26,41736.45,19609442.99487293,818428537083.3643,5501.0,15.06091718001369
2024-01-27,42144.6,19610511.7448698,826477173282.8397,5502.0,15.063655030800822
2024-01-28,41765.6,19611511.74486977,819086554931.5328,5503.0,15.066392881587953
2024-01-29,43118.61,19612486.74486426,845663167081.9714,5504.0,15.069130732375086
2024-01-30,43150.93,19613386.74476278,846335878486.1865,5505.0,15.071868583162217
2024-01-31,42612.5,19614205.4945918,835810331638.293,5506.0,15.07460643394935
2024-02-01,42982.64,19615161.74455433,843111435807.9507,5507.0,15.077344284736482
2024-02-02,43126.66,19616336.74455428,845987085227.8994,5508.0,15.080082135523615
2024-02-03,43097.18,19617280.49454332,845449468583.8225,5509.0,15.082819986310746
2024-02-04,42639.03,19618249.24453235,836503118085.0922,5510.0,15.085557837097879
2024-02-05,42603.42,19619224.2445323,835846050563.9922,5511.0,15.08829568788501
2024-02-06,43111.32,19620286.74453229,845856460335.2898,5512.0,15.091033538672143
2024-02-07,44151.92,19621286.74453227,866317482641.6492,5513.0,15.093771389459274
2024-02-08,45250.5,19622149.24453222,887912064389.7052,5514.0,15.096509240246407
2024-02-09,47292.62,19623186.74453217,928031913898.1971,5515.0,15.099247091033538
2024-02-10,47812.48,19624136.74453216,938278645615.2091,5516.0,15.101984941820671
2024-02-11,48024.27,19624992.99452783,942475962317.313,5517.0,15.104722792607802
2024-02-12,50087.14,19626111.74451126,983015806602.9797,5518.0,15.107460643394935
2024-02-13,49523.84,19626955.49447811,972002203595.6548,5519.0,15.110198494182066
2024-02-14,51812.23,19627824.24447146,1016961344154.1316,5520.0,15.1129363449692
2024-02-15,51841.06,19628805.49445056,1017578083366.1412,5521.0,15.11567419575633
2024-02-16,51924.76,19629642.99444057,1019264501372.008,5522.0,15.118412046543463
2024-02-17,51769.11,19630580.49443719,1016257680980.3734,5523.0,15.121149897330595
2024-02-18,52024.8,19631336.74443716,1021316367861.9945,5524.0,15.123887748117728
2024-02-19,51861.27,19632186.74442621,1018150137443.1086,5525.0,15.126625598904859
2024-02-20,52336.02,19633067.99442615,1027516639217.6469,5526.0,15.129363449691992
2024-02-21,51375.57,19633930.4944261,1008704370491.5228,5527.0,15.132101300479125
2024-02-22,51302.34,19634774.24442602,1007309864110.7867,5528.0,15.134839151266256
2024-02-23,50712.21,19635767.99440955,995773190043.7759,5529.0,15.137577002053389
2024-02-24,51523.17,19636624.2444095,1011741129170.8323,5530.0,15.14031485284052
2024-02-25,51844.23,19637649.24437124,1018098804084.5088,5531.0,15.143052703627653
2024-02-26,54368.45,19638480.49437118,1067713744834.1947,5532.0,15.145790554414784
2024-02-27,56902.04,19639286.74437111,1117515479899.6746,5533.0,15.148528405201917
2024-02-28,62307.37,19640217.99436558,1223730329455.5942,5534.0,15.151266255989048
2024-02-29,61391.14,19641049.24434917,1205786403906.7341,5535.0,15.154004106776181
2024-03-01,62396.95,19642011.74432729,1225601624710.2026,5536.0,15.156741957563312
2024-03-02,61817.35,19642805.49432721,1214266182224.748,5537.0,15.159479808350445
2024-03-03,62968.1,19643774.24431723,1236931140993.5918,5538.0,15.162217659137577
2024-03-04,67661.77,19644580.49430514,1329187087152.161,5539.0,15.16495550992471
2024-03-05,63694.73,19645624.244305,1251322731922.461,5540.0,15.16769336071184
2024-03-06,66112.71,19646499.24430491,1298883307053.9497,5541.0,15.170431211498974
2024-03-07,66977.75,19647624.2442775,1315953664727.1572,5542.0,15.173169062286105
2024-03-08,68341.14,19648586.74427193,1342806817492.4321,5543.0,15.175906913073238
2024-03-09,68389.28,19649605.49426524,1343822372036.8438,5544.0,15.178644763860369
2024-03-10,68626.94,19650499.24424315,1348553632604.72,5545.0,15.181382614647502
2024-03-11,72356.87,19651561.74423978,1421925498424.931,5546.0,15.184120465434633
2024-03-12,71160.16,19652442.99422645,1398470987860.0332,5547.0,15.186858316221766
2024-03-13,73181.77,19653442.99420429,1438273744909.9697,5548.0,15.189596167008897
2024-03-14,71457.28,19654324.24419763,1404444550728.4185,5549.0,15.19233401779603
2024-03-15,68998.6,19655117.99419096,1356175624433.9846,5550.0,15.195071868583161
2024-03-16,65906.54,19656017.99418545,1295460136174.5032,5551.0,15.197809719370294
2024-03-17,68338.14,19656930.49418202,1343318068081.6802,5552.0,15.200547570157427
2024-03-18,67593.88,19657830.49415137,1328749035482.0083,5553.0,15.203285420944558
2024-03-19,61772.79,19658811.74414585,1214379649520.6555,5554.0,15.206023271731691
2024-03-20,67593.21,19659742.99414035,1328865136748.9575,5555.0,15.208761122518823
2024-03-21,65317.61,19660492.99410392,1284176413796.612,5556.0,15.211498973305956
2024-03-22,63117.21,19661336.74308746,1240968720094.1672,5557.0,15.214236824093087
2024-03-23,64573.27,19662311.74308194,1269659765010.2007,5558.0,15.21697467488022
2024-03-24,67027.13,19663374.24308191,1317979541629.703,5559.0,15.219712525667351
2024-03-25,69971.81,19664199.24307314,1375939613238.4575,5560.0,15.222450376454484
2024-03-26,69993.66,19665036.7430425,1376427895680.0242,5561.0,15.225188227241615
2024-03-27,69169.5,19665886.7430282,1360279553071.8892,5562.0,15.227926078028748
2024-03-28,70802.18,19666836.74301939,1392454915109.8726,5563.0,15.23066392881588
2024-03-29,69941.01,19667736.74301605,1375581372220.6528,5564.0,15.233401779603012
2024-03-30,69808.33,19668705.49301602,1373039483729.275,5565.0,15.236139630390143
2024-03-31,70883.31,19669561.74300506,1394243642593.5679,5566.0,15.238877481177276
2024-04-01,69939.43,19670499.24299956,1375743504870.8206,5567.0,15.241615331964407
2024-04-02,65481.48,19671424.24299954,1288113973139.4895,5568.0,15.24435318275154
2024-04-03,66075.19,19672311.74299949,1299851736157.9226,5569.0,15.247091033538672
2024-04-04,68371.53,19673174.24297218,1345085022948.5996,5570.0,15.249828884325805
2024-04-05,67617.18,19674099.24293939,1330307109847.6963,5571.0,15.252566735112936
2024-04-06,69097.04,19675067.99290541,1359488960108.5046,5572.0,15.255304585900069
2024-04-07,69229.02,19676130.49288779,1362159231414.7388,5573.0,15.2580424366872
2024-04-08,71612.7,19677117.99284075,1409131547685.9065,5574.0,15.260780287474333
2024-04-09,69115.18,19678030.49280136,1360050619555.4546,5575.0,15.263518138261464
2024-04-10,70735.3,19678974.24278382,1391998146755.5862,5576.0,15.266255989048597
2024-04-11,70041.8,19679799.24278382,1378408562603.2158,5577.0,15.268993839835728
2024-04-12,66889.2,19680649.24277836,1316422883330.0503,5578.0,15.271731690622861
2024-04-13,64772.36,19681674.24276744,1274828489455.26,5579.0,15.274469541409994
2024-04-14,65357.37,19682655.49276744,1286406597623.3337,5580.0,15.277207392197125
2024-04-15,63167.57,19683536.74275647,1243361185045.6414,5581.0,15.279945242984258
2024-04-16,63829.69,19684567.99275641,1256459872761.564,5582.0,15.28268309377139
2024-04-17,61543.89,19685424.2427367,1211517584198.3208,5583.0,15.285420944558522
2024-04-18,63712.79,19686330.49273122,1254271040553.9807,5584.0,15.288158795345653
2024-04-19,63740.37,19687274.24271483,1254874144522.113,5585.0,15.290896646132786
2024-04-20,64627.63,19687683.61771483,1272368332402.7354,5586.0,15.293634496919918
2024-04-21,64944.5,19688121.11771483,1278635181929.4307,5587.0,15.29637234770705
2024-04-22,66858.93,19688596.11770937,1316358469632.2024,5588.0,15.299110198494182
2024-04-23,66208.76,19689121.11770937,1303592294693.3513,5589.0,15.301848049281315
2024-04-24,63977.66,19689605.49269845,1259694885745.994,5590.0,15.304585900068446
2024-04-25,64550.29,19690052.36769845,1270998590450.1216,5591.0,15.307323750855579
2024-04-26,63815.94,19690467.99269845,1256565723993.9648,5592.0,15.31006160164271
2024-04-27,63139.89,19690905.49269845,1243281606809.376,5593.0,15.312799452429843
2024-04-28,63141.28,19691342.99269844,1243336601478.01,5594.0,15.315537303216974
2024-04-29,63811.77,19691752.36769843,1256565572984.5276,5595.0,15.318275154004107
2024-04-30,60419.03,19692192.99269843,1189783199191.6362,5596.0,15.321013004791238
2024-05-01,57720.92,19692605.49269297,1136675306235.2915,5597.0,15.323750855578371
2024-05-02,59027.41,19693058.61767659,1162430245179.6294,5598.0,15.326488706365502
2024-05-03,62959.68,19693461.74267659,1239894049411.1604,5599.0,15.329226557152635
2024-05-04,63808.4,19693902.36766567,1256636399836.9583,5600.0,15.331964407939767
2024-05-05,63923.74,19694336.74266567,1258935661410.6072,5601.0,15.3347022587269
2024-05-06,63164.26,19694717.99266567,1244002287915.4126,5602.0,15.33744010951403
2024-05-07,62657.09,19695099.24265475,1234037605805.9504,5603.0,15.340177960301164
2024-05-08,60971.56,19695496.11765472,1200865123267.3516,5604.0,15.342915811088295
2024-05-09,62681.9,19695949.2426547,1234579520833.1577,5605.0,15.345653661875428
2024-05-10,60939.4,19696402.36764919,1200286942443.121,5606.0,15.34839151266256
2024-05-11,60944.68,19696899.24264918,1200421221335.4966,5607.0,15.351129363449692
2024-05-12,61213.29,19697311.74264917,1205737255923.1892,5608.0,15.353867214236825
2024-05-13,62901.62,19697771.1176437,1239021713688.9993,5609.0,15.356605065023956
2024-05-14,61657.19,19698196.11763277,1214535420682.146,5610.0,15.359342915811089
2024-05-15,66039.73,19698636.74263277,1300892651851.5474,5611.0,15.36208076659822
2024-05-16,65307.39,19699080.49262728,1286495532373.402,5612.0,15.364818617385353
2024-05-17,66829.74,19699564.86762727,1316516798216.665,5613.0,15.367556468172484
2024-05-18,66834.98,19699964.86762727,1316646757928.5713,5614.0,15.370294318959617
2024-05-19,66137.9,19700446.11762181,1302946135282.6594,5615.0,15.373032169746748
2024-05-20,70034.2,19700933.61761848,1379739125163.016,5616.0,15.375770020533881
2024-05-21,69983.07,19701364.86761846,1378761996626.0835,5617.0,15.378507871321013
2024-05-22,69142.47,19701842.99260751,1362234088061.0752,5618.0,15.381245722108146
2024-05-23,67595.32,19702371.11757751,1331788080451.4097,5619.0,15.383983572895277
2024-05-24,68600.7,19702871.11756659,1351630750674.8503,5620.0,15.38672142368241
2024-05-25,69168.11,19703371.11755113,1362844940829.5994,5621.0,15.38945927446954
2024-05-26,68414.01,19703896.11755105,1348022546025.0986,5622.0,15.392197125256674
2024-05-27,69246.52,19704280.49254556,1364452853212.666,5623.0,15.394934976043805
2024-05-28,68382.77,19704699.24254006,1347461916221.7913,5624.0,15.397672826830938
2024-05-29,67572.59,19705127.36754002,1331526492504.561,5625.0,15.40041067761807
2024-05-30,68365.0,19705511.74254001,1347167310278.7478,5626.0,15.403148528405202
2024-05-31,67482.91,19705974.24251816,1329816486270.1714,5627.0,15.405886379192333
2024-06-01,67605.06,19706414.86750719,1332253359502.7156,5628.0,15.408624229979466
2024-06-02,67663.45,19706852.36750718,1333433619826.2036,5629.0,15.411362080766597
2024-06-03,69040.69,19707342.99212567,1360608558243.021,5630.0,15.41409993155373
2024-06-04,70618.15,19707761.74209835,1391725674867.7625,5631.0,15.416837782340862
2024-06-05,70924.85,19708146.11709288,1397797307132.8953,5632.0,15.419575633127995
2024-06-06,70812.54,19708561.74209285,1395613316704.4197,5633.0,15.422313483915127
2024-06-07,69206.05,19709005.49207542,1363982419534.8462,5634.0,15.425051334702259
2024-06-08,69215.61,19709542.99207541,1364208041017.7246,5635.0,15.427789185489392
2024-06-09,69727.75,19710021.11707538,1374335424946.1528,5636.0,15.430527036276523
2024-06-10,69305.69,19710455.49203716,1366046718089.9248,5637.0,15.433264887063656
2024-06-11,67310.77,19710839.86703714,1326751808796.9675,5638.0,15.436002737850787
2024-06-12,68324.24,19711296.11703711,1346759326611.5117,5639.0,15.43874058863792
2024-06-13,66835.56,19711749.24202071,1317445799170.0298,5640.0,15.441478439425051
2024-06-14,66047.82,19712149.2420207,1301944484950.1199,5641.0,15.444216290212184
2024-06-15,66089.7,19712567.9920207,1302797704822.2505,5642.0,15.446954140999315
2024-06-16,66785.82,19713077.36699885,1316554036678.4595,5643.0,15.449691991786448
2024-06-17,66525.71,19713514.86699884,1311455573122.6536,5644.0,15.45242984257358
2024-06-18,65213.01,19713989.86699881,1285608618336.4922,5645.0,15.455167693360712
2024-06-19,64723.51,19714417.99197697,1275986330047.9014,5646.0,15.457905544147843
2024-06-20,64763.79,19714833.61697697,1276807344254.837,5647.0,15.460643394934976
2024-06-21,63892.08,19715271.11697697,1259649679427.5818,5648.0,15.463381245722108
2024-06-22,64348.82,19715746.11697151,1268684998046.6987,5649.0,15.46611909650924
2024-06-23,63614.62,19716096.11697148,1254231962364.6165,5650.0,15.468856947296372
2024-06-24,60245.89,19716571.11697148,1187842374690.241,5651.0,15.471594798083505
2024-06-25,61735.23,19716958.61696055,1217230975118.5415,5652.0,15.474332648870636
2024-06-26,60930.82,19717336.74196053,1201393495903.7834,5653.0,15.477070499657769
2024-06-27,61640.89,19717742.99196053,1215419226815.71,5654.0,15.4798083504449
2024-06-28,60242.22,19718164.86694415,1187866025910.7202,5655.0,15.482546201232033
2024-06-29,60946.03,19718655.49194415,1201773769171.6929,5656.0,15.485284052019164
2024-06-30,62747.75,19719033.61694414,1237324991637.6067,5657.0,15.488021902806297
2024-07-01,63063.53,19719474.24193321,1243579655440.3823,5658.0,15.490759753593428
2024-07-02,61864.77,19719936.74193319,1219969350954.246,5659.0,15.493497604380561
2024-07-03,60256.35,19720389.86692773,1188278713958.0508,5660.0,15.496235455167694
2024-07-04,58125.77,19720827.36691134,1146288275738.7942,5661.0,15.498973305954825
2024-07-05,56806.31,19721205.49191133,1120288912747.2175,5662.0,15.501711156741958
2024-07-06,58224.41,19721721.11691132,1148285576216.7026,5663.0,15.50444900752909
2024-07-07,56276.25,19722161.74189043,1109889304727.0613,5664.0,15.507186858316222
2024-07-08,56794.76,19722658.6168795,1120143662707.6033,5665.0,15.509924709103354
2024-07-09,58014.39,19723139.86686956,1144225928261.119,5666.0,15.512662559890487
2024-07-10,57540.79,19723564.86686079,1134909504055.4146,5667.0,15.515400410677618
2024-07-11,57405.23,19724002.36685086,1132260892389.6182,5668.0,15.51813826146475
2024-07-12,57653.23,19724471.11673565,1137179469921.5173,5669.0,15.520876112251882
2024-07-13,59324.46,19724952.36672469,1170172147681.664,5670.0,15.523613963039015
2024-07-14,60967.75,19725474.24170448,1202617782199.6782,5671.0,15.526351813826146
2024-07-15,64497.88,19725952.36666178,1272282108630.6675,5672.0,15.529089664613279
2024-07-16,64866.72,19726411.74164754,1279587627050.1633,5673.0,15.53182751540041
2024-07-17,64292.12,19726908.61661444,1268284776008.4094,5674.0,15.534565366187543
2024-07-18,63863.23,19727311.74157918,1259849847034.1716,5675.0,15.537303216974674
2024-07-19,66804.53,19727771.1165737,1317904477390.2812,5676.0,15.540041067761807
2024-07-20,66921.57,19728286.74157367,1320247922156.2944,5677.0,15.542778918548938
2024-07-21,68067.98,19728814.86654719,1342900575759.8367,5678.0,15.545516769336071
2024-07-22,67574.69,19729374.24147783,1333206348261.8494,5679.0,15.548254620123203
2024-07-23,66034.69,19729902.3664679,1302857986499.9744,5680.0,15.550992470910336
2024-07-24,65306.58,19730339.86642156,1288521018913.6492,5681.0,15.553730321697467
2024-07-25,65633.47,19730849.2414161,1295004101761.0063,5682.0,15.5564681724846
2024-07-26,67719.78,19731349.2414161,1336202629731.8652,5683.0,15.55920602327173
2024-07-27,68376.55,19731830.49139955,1349194494186.7058,5684.0,15.561943874058864
2024-07-28,68129.45,19732292.99138863,1344350268742.162,5685.0,15.564681724845997
2024-07-29,66850.73,19732849.241382,1319155376766.3328,5686.0,15.567419575633128
2024-07-30,66113.52,19733317.99137869,1304639113689.375,5687.0,15.570157426420261
2024-07-31,64620.36,19733758.61636445,1275202585942.5725,5688.0,15.572895277207392
2024-08-01,65104.83,19734196.11635899,1284791483342.2124,5689.0,15.575633127994525
2024-08-02,61880.78,19734586.74135899,1221191620532.9526,5690.0,15.578370978781656
2024-08-03,60579.01,19735008.61634891,1195527284319.887,5691.0,15.58110882956879
2024-08-04,58448.99,19735455.49134013,1153517440658.7844,5692.0,15.58384668035592
2024-08-05,54779.1,19735942.99133134,1081117194716.4385,5693.0,15.586584531143053
2024-08-06,56187.1,19736380.49129312,1108929984302.3357,5694.0,15.589322381930184
2024-08-07,55049.37,19736761.74127343,1086496299697.2053,5695.0,15.592060232717317
2024-08-08,62167.49,19737164.86625374,1227009999451.1807,5696.0,15.594798083504449
2024-08-09,60475.19,19737571.11625373,1193633363393.9565,5697.0,15.597535934291582
2024-08-10,60946.65,19737974.24123947,1202963407789.8376,5698.0,15.600273785078713
2024-08-11,58863.85,19738477.36623943,1161882770914.7126,5699.0,15.603011635865846
2024-08-12,59023.73,19738905.49123942,1165063828210.433,5700.0,15.605749486652977
2024-08-13,60456.29,19739371.11622304,1193369144620.004,5701.0,15.60848733744011
2024-08-14,58894.3,19739783.61622303,1162560738228.924,5702.0,15.611225188227241
2024-08-15,57534.86,19740283.616223,1135754454219.684,5703.0,15.613963039014374
2024-08-16,58909.7,19740727.36621208,1162920326925.3438,5704.0,15.616700889801505
2024-08-17,59515.52,19741192.99121206,1174907366292.341,5705.0,15.619438740588638
2024-08-18,58992.06,19741680.49121206,1164602400038.4111,5706.0,15.62217659137577
2024-08-19,59057.03,19742086.74120113,1165909008937.7173,5707.0,15.624914442162902
2024-08-20,59091.94,19742555.49120112,1166625904532.7273,5708.0,15.627652292950033
2024-08-21,61088.04,19743014.86620111,1206062081867.0881,5709.0,15.630390143737166
2024-08-22,60296.82,19743514.86619564,1190471162054.3228,5710.0,15.633127994524298
2024-08-23,64131.27,19744027.36619548,1266209549908.8713,5711.0,15.63586584531143
2024-08-24,63848.08,19744505.49119545,1260648766162.2866,5712.0,15.638603696098563
2024-08-25,64551.06,19744921.11618453,1274555587666.0945,5713.0,15.641341546885695
2024-08-26,63081.19,19745339.86618453,1245559535713.3608,5714.0,15.644079397672828
2024-08-27,59537.48,19745783.61613451,1175614197129.936,5715.0,15.646817248459959
2024-08-28,58969.99,19746286.74112904,1164438331661.512,5716.0,15.649555099247092
2024-08-29,59306.92,19746699.24112355,1171115912157.375,5717.0,15.652292950034223
2024-08-30,59010.21,19747142.99110169,1165283054804.9387,5718.0,15.655030800821356
2024-08-31,58886.32,19747602.36609622,1162863632162.6992,5719.0,15.657768651608487
2024-09-01,57501.2,19748046.11609074,1135536349330.557,5720.0,15.66050650239562
2024-09-02,59042.05,19748567.99107434,1165995938757.4106,5721.0,15.663244353182751
2024-09-03,57574.77,19749033.61606341,1137046068167.119,5722.0,15.665982203969884
2024-09-04,58167.62,19749505.49104703,1148781730591.137,5723.0,15.668720054757015
2024-09-05,56158.18,19749989.86604703,1109123485895.645,5724.0,15.671457905544148
2024-09-06,53720.55,19750442.99104639,1061004660222.6572,5725.0,15.67419575633128
2024-09-07,53905.07,19750936.74104087,1064675627591.38,5726.0,15.676933607118412
2024-09-08,54890.73,19751458.61604087,1084171981999.2732,5727.0,15.679671457905544
2024-09-09,57139.21,19751911.74103539,1128608632872.4868,5728.0,15.682409308692677
2024-09-10,57568.08,19752339.86602993,1137104281594.8003,5729.0,15.685147159479808
2024-09-11,57498.03,19752677.36602993,1135740035772.3098,5730.0,15.68788501026694
2024-09-12,58195.27,19753152.36602988,1149540035292.2478,5731.0,15.690622861054072
2024-09-13,60334.27,19753536.74101894,1191815219187.5566,5732.0,15.693360711841205
2024-09-14,60144.97,19753971.11601892,1188102000153.8245,5733.0,15.696098562628336
2024-09-15,59103.76,19754442.99101892,1167561857474.8645,5734.0,15.698836413415469
2024-09-16,58127.12,19754833.61601345,1148291584178.0476,5735.0,15.7015742642026
2024-09-17,60240.9,19755302.36601343,1190077194300.7786,5736.0,15.704312114989733
2024-09-18,60705.02,19755733.61599158,1199272204273.4412,5737.0,15.707049965776864
2024-09-19,63053.58,19756114.86595334,1245693769189.5784,5738.0,15.709787816563997
2024-09-20,63105.98,19756567.99095331,1246757584505.74,5739.0,15.71252566735113
2024-09-21,63156.0,19756989.8659533,1247772451974.1467,5740.0,15.715263518138261
2024-09-22,63628.04,19757414.8659533,1257125583387.4712,5741.0,15.718001368925394
2024-09-23,63159.89,19757871.115926,1247904966316.0635,5742.0,15.720739219712526
2024-09-24,64461.12,19758324.24092598,1273643709893.2385,5743.0,15.723477070499658
2024-09-25,63088.87,19758774.24092598,1246558739445.128,5744.0,15.72621492128679
2024-09-26,64957.31,19759180.49091505,1283503212494.321,5745.0,15.728952772073923
2024-09-27,65902.26,19759608.61590959,1302202864503.9138,5746.0,15.731690622861054
2024-09-28,65618.0,19760011.74090413,1296612450414.6472,5747.0,15.734428473648187
2024-09-29,65562.5,19760496.11590413,1295547526598.9646,5748.0,15.737166324435318
2024-09-30,63378.53,19760924.2409041,1252418329829.8677,5749.0,15.739904175222451
2024-10-01,60913.79,19761414.86589476,1203742675243.9917,5750.0,15.742642026009582
2024-10-02,60823.07,19761899.23983653,1201979380797.524,5751.0,15.745379876796715
2024-10-03,60917.91,19762392.98981409,1203883677538.1257,5752.0,15.748117727583846
2024-10-04,62216.0,19762921.11478672,1229569900077.5708,5753.0,15.75085557837098
2024-10-05,61863.79,19763392.98978671,1222638393607.6372,5754.0,15.75359342915811
2024-10-06,62601.52,19763867.98978668,1237248177239.9907,5755.0,15.756331279945243
2024-10-07,62895.29,19764352.3647812,1243084673645.0994,5756.0,15.759069130732374
2024-10-08,62287.41,19764874.23973206,1231102825368.6292,5757.0,15.761806981519507
2024-10-09,60765.56,19765271.11472658,1201047767838.1848,5758.0,15.764544832306639
2024-10-10,60255.65,19765755.48972104,1190998444774.2097,5759.0,15.767282683093772
2024-10-11,62391.21,19766192.98970464,1233236697721.19,5760.0,15.770020533880903
2024-10-12,63082.97,19766639.86470459,1246938349585.9639,5761.0,15.772758384668036
2024-10-13,62629.18,19767071.1146991,1237995454915.2905,5762.0,15.775496235455167
2024-10-14,66063.83,19767505.48969362,1305917122195.186,5763.0,15.7782340862423
2024-10-15,66791.37,19767992.98968267,1320331333931.3013,5764.0,15.780971937029431
2024-10-16,67619.03,19768433.61467718,1336722305643.8647,5765.0,15.783709787816564
2024-10-17,67375.77,19768924.2396717,1331946492719.5454,5766.0,15.786447638603697
2024-10-18,68383.55,19769349.23966623,1351898282198.1777,5767.0,15.789185489390828
2024-10-19,68391.8,19769889.86465524,1352098353645.5283,5768.0,15.791923340177961
2024-10-20,69130.9,19770430.4896388,1366747653136.171,5769.0,15.794661190965092
2024-10-21,67596.15,19770964.86453557,1336441106627.876,5770.0,15.797399041752225
2024-10-22,67619.85,19771396.11452461,1336938839554.737,5771.0,15.800136892539356
2024-10-23,66478.87,19771867.98950912,1314411441731.738,5772.0,15.80287474332649
2024-10-24,68186.55,19772327.36446679,1348206788453.583,5773.0,15.80561259411362
2024-10-25,66459.12,19772805.4894504,1314083252760.0427,5774.0,15.808350444900753
2024-10-26,66857.48,19773261.73945039,1321990451280.0696,5775.0,15.811088295687885
2024-10-27,67833.2,19773764.86445036,1341317746803.2341,5776.0,15.813826146475018
2024-10-28,69948.84,19774289.8644449,1383188637841.678,5777.0,15.816563997262149
2024-10-29,72516.5,19774780.48944484,1433997869362.827,5778.0,15.819301848049282
2024-10-30,72443.87,19775308.61443383,1432599886473.9243,5779.0,15.822039698836413
2024-10-31,70195.51,19775802.36441723,1388172532629.4731,5780.0,15.824777549623546
2024-11-01,69251.79,19776280.48941126,1369542823433.8057,5781.0,15.827515400410677
2024-11-02,69223.39,19776721.11440964,1369011678624.0132,5782.0,15.83025325119781
2024-11-03,68573.74,19777133.61440946,1356192018419.7747,5783.0,15.832991101984941
2024-11-04,67610.05,19777605.48939293,1337164896018.1304,5784.0,15.835728952772074
2024-11-05,69439.84,19778039.86438731,1373383923696.6765,5785.0,15.838466803559205
2024-11-06,75815.83,19778517.9893863,1499524757535.2537,5786.0,15.841204654346338
2024-11-07,75865.62,19779005.48938028,1500546514435.2383,5787.0,15.84394250513347
2024-11-08,76616.34,19779449.23935821,1515429007935.41,5788.0,15.846680355920602
2024-11-09,76725.53,19779883.61435142,1517622053649.4285,5789.0,15.849418206707734
2024-11-10,80325.27,19780346.11434026,1588861642327.8323,5790.0,15.852156057494867
2024-11-11,88980.79,19780771.11431287,1760108640560.7393,5791.0,15.854893908282
2024-11-12,88193.92,19781227.36429102,1744583983668.093,5792.0,15.85763175906913
2024-11-13,90046.78,19781658.6142854,1781274661275.662,5793.0,15.860369609856264
2024-11-14,87404.46,19782055.48927344,1729039877729.981,5794.0,15.863107460643395
2024-11-15,91194.33,19782524.23918063,1804054043700.8372,5795.0,15.865845311430528
2024-11-16,90455.72,19783014.86414509,1789486853306.9463,5796.0,15.868583162217659
2024-11-17,89322.04,19783483.6141384,1767101114721.4146,5797.0,15.871321013004792
2024-11-18,90726.66,19783971.11413823,1794933620722.2405,5798.0,15.874058863791923
2024-11-19,92151.38,19784517.98911427,1823170635331.705,5799.0,15.876796714579056
2024-11-20,94263.8,19784977.36323512,1865007149172.5227,5800.0,15.879534565366187
2024-11-21,98634.69,19785427.3621257,1951529494380.7861,5801.0,15.88227241615332
2024-11-22,98883.17,19785874.23600384,1956489965677.3877,5802.0,15.885010266940451
2024-11-23,97695.58,19786305.48582409,1933034590494.7664,5803.0,15.887748117727584
2024-11-24,97782.22,19786724.23560396,1934789822285.1582,5804.0,15.890485968514716
2024-11-25,93579.64,19787252.36057196,1851683952491.4744,5805.0,15.893223819301848
2024-11-26,91945.24,19787686.73537861,1819383605929.2031,5806.0,15.89596167008898
2024-11-27,96015.45,19788102.36030596,1899963552770.8389,5807.0,15.898699520876113
2024-11-28,95522.78,19788546.11025034,1890256936609.2988,5808.0,15.901437371663244
2024-11-29,97572.82,19788924.23490686,1930861142366.2048,5809.0,15.904175222450377
2024-11-30,96565.7,19789436.71898554,1910980809374.5417,5810.0,15.906913073237508
2024-12-01,97426.41,19789930.45313314,1928061878198.435,5811.0,15.90965092402464
2024-12-02,95508.95,19790327.32240719,1890153382719.422,5812.0,15.912388774811772
2024-12-03,95733.04,19790817.88799611,1894635160504.247,5813.0,15.915126625598905
2024-12-04,98792.37,19791277.1830724,1955227178242.6462,5814.0,15.917864476386036
2024-12-05,96664.19,19791761.49982239,1913154594053.5164,5815.0,15.92060232717317
2024-12-06,100282.55,19792186.48243335,1984810930533.9465,5816.0,15.9233401779603
2024-12-07,99971.27,19792630.19362796,1978694377097.3333,5817.0,15.926078028747433
2024-12-08,100271.65,19793086.41847046,1984685433772.6235,5818.0,15.928815879534566
2024-12-09,97281.86,19793608.27238429,1925559028848.9304,5819.0,15.931553730321697
2024-12-10,96724.28,19794089.49909209,1914569055055.2432,5820.0,15.93429158110883
2024-12-11,101182.05,19794533.21959111,2002851449951.3289,5821.0,15.937029431895962
2024-12-12,100104.27,19794995.58682003,1981563582871.8406,5822.0,15.939767282683095
2024-12-13,101169.33,19795526.79141123,2002700182484.1238,5823.0,15.942505133470226
2024-12-14,101149.01,19796023.55800872,2002348184829.2595,5824.0,15.945242984257359
2024-12-15,104423.84,19796451.67401822,2067221502175.4106,5825.0,15.94798083504449
2024-12-16,105896.31,19796914.14213727,2096420157039.1523,5826.0,15.950718685831623
2024-12-17,105972.57,19797339.12346723,2097974906075.3696,5827.0,15.953456536618754
2024-12-18,101043.67,19797789.10723539,2000441269281.0874,5828.0,15.956194387405887
2024-12-19,97716.58,19798242.20771974,1934616518550.0225,5829.0,15.958932238193018
2024-12-20,97652.81,19798714.07578425,1933400063886.885,5830.0,15.961670088980151
2024-12-21,96803.61,19799167.19703879,1916630859666.936,5831.0,15.964407939767282
2024-12-22,95250.42,19799651.56951128,1885925127849.6086,5832.0,15.967145790554415
2024-12-23,94591.4,19800085.93758799,1872917848956.7605,5833.0,15.969883641341546
2024-12-24,98822.75,19800498.4351588,1956739706733.0894,5834.0,15.97262149212868
2024-12-25,98843.71,19800970.30317549,1957201366365.6904,5835.0,15.97535934291581
2024-12-26,95490.64,19801379.67264646,1890846417824.001,5836.0,15.978097193702943
2024-12-27,94389.52,19801873.41564662,1869089326803.645,5837.0,15.980835044490075
2024-12-28,95138.86,19802320.28487522,1883970177257.9038,5838.0,15.983572895277208
2024-12-29,93354.48,19802814.0278452,1848681406106.194,5839.0,15.986310746064339
2024-12-30,92345.06,19803310.89200902,1828737932521.2263,5840.0,15.989048596851472
2024-12-31,93373.52,19803713.99909344,1849142485168.6313,5841.0,15.991786447638603
2025-01-01,94460.79,19804151.48919725,1870715794949.2485,5842.0,15.994524298425736
2025-01-02,96613.46,19804673.35341898,1913398016843.6106,5843.0,15.997262149212867
2025-01-03,97956.89,19805117.07927525,1940047675171.687,5844.0,16.0
2025-01-04,98026.83,19805582.68929955,1941478487334.91,5845.0,16.00273785078713
2025-01-05,98706.82,19806070.1779784,1954994203965.082,5846.0,16.005475701574266
2025-01-06,102273.4,19806485.78270046,2025676643048.4373,5847.0,16.008213552361397
2025-01-07,96717.35,19806904.5128364,1915671316184.5776,5848.0,16.01095140314853
2025-01-08,94797.87,19807295.12863999,1877689388656.4468,5849.0,16.01368925393566
2025-01-09,92287.1,19807770.10748988,1828001660686.9294,5850.0,16.016427104722794
2025-01-10,94522.52,19808213.84607886,1872322289430.266,5851.0,16.019164955509925
2025-01-11,94491.4,19808645.09142881,1871746606792.236,5852.0,16.021902806297057
2025-01-12,94300.8,19809182.58335871,1868021764956.793,5853.0,16.024640657084188
2025-01-13,94422.92,19809582.57817315,1870478631012.237,5854.0,16.027378507871322
2025-01-14,96607.87,19810063.82083193,1913808070294.634,5855.0,16.030116358658454
2025-01-15,99947.84,19810498.19145166,1980016503559.5,5856.0,16.032854209445585
2025-01-16,99879.84,19810898.18617578,1978709341091.5269,5857.0,16.035592060232716
2025-01-17,104601.24,19811366.93065549,2072293547041.5583,5858.0,16.03832991101985
2025-01-18,104366.67,19811773.17529538,2067688793100.905,5859.0,16.041067761806982
2025-01-19,101082.72,19812241.92144438,2002675302717.6243,5860.0,16.043805612594113
2025-01-20,103099.9,19812716.91793092,2042689132966.9858,5861.0,16.046543463381244
2025-01-21,105968.39,19813132.5406208,2099565756186.1958,5862.0,16.04928131416838
2025-01-22,103756.5,19813601.28863797,2055789922104.5654,5863.0,16.05201916495551
2025-01-23,104076.32,19814026.28046136,2062170939653.7063,5864.0,16.05475701574264
2025-01-24,104761.7,19814463.76288789,2075796908388.5325,5865.0,16.057494866529773
2025-01-25,104750.8,19814863.75877799,2075622830623.0017,5866.0,16.060232717316907
2025-01-26,103518.73,19815291.88247698,2051253850253.3264,5867.0,16.06297056810404
2025-01-27,101909.18,19815779.38071925,2019409827750.0063,5868.0,16.06570841889117
2025-01-28,101095.61,19816241.87959817,2003335060725.5237,5869.0,16.0684462696783
2025-01-29,103711.82,19816726.25050066,2055228745881.1995,5870.0,16.071184120465436
2025-01-30,104829.87,19817179.37277512,2077432337414.6973,5871.0,16.073921971252567
2025-01-31,102231.71,19817569.99279669,2025984068408.2935,5872.0,16.076659822039698
2025-02-01,100487.62,19818144.98659898,1991478222518.2632,5873.0,16.079397672826833
2025-02-02,97230.22,19818679.35449532,1926974553747.038,5874.0,16.082135523613964
2025-02-03,101406.12,19819157.4736178,2009783861068.5833,5875.0,16.084873374401095
2025-02-04,96951.85,19819566.84382179,1921543671707.1838,5876.0,16.087611225188226
2025-02-05,96598.65,19820016.83875376,1914586869600.8809,5877.0,16.09034907597536
2025-02-06,96594.09,19820469.96110148,1914540259264.9329,5878.0,16.093086926762492
2025-02-07,95972.42,19821010.57603442,1902270351827.6172,5879.0,16.095824777549623
2025-02-08,96610.42,19821510.56980165,1914964461182.9768,5880.0,16.098562628336754
2025-02-09,95740.57,19821957.43725541,1897765503558.5723,5881.0,16.10130047912389
2025-02-10,97475.27,19822391.80608099,1932192993343.5322,5882.0,16.10403832991102
2025-02-11,95670.57,19822779.30312455,1896456594914.1287,5883.0,16.10677618069815
2025-02-12,97744.64,19823194.92114802,1937611051217.4417,5884.0,16.109514031485283
2025-02-13,96576.89,19823688.66339496,1914510199438.9421,5885.0,16.112251882272417
2025-02-14,97547.31,19824163.65672512,1933793837713.2988,5886.0,16.11498973305955
2025-02-15,97704.52,19824663.64931535,1936959246017.8047,5887.0,16.11772758384668
2025-02-16,96552.96,19825135.51864045,1914175516725.8708,5888.0,16.12046543463381
2025-02-17,95602.97,19825563.63566042,1895382765493.1343,5889.0,16.123203285420946
2025-02-18,95471.64,19826001.1222204,1892820841780.2222,5890.0,16.125941136208077
2025-02-19,96611.83,19826394.86204836,1915464289925.0898,5891.0,16.128678986995208
2025-02-20,98211.33,19826801.10358672,1947216506028.7195,5892.0,16.13141683778234
2025-02-21,95620.51,19827204.22108575,1895887379494.372,5893.0,16.134154688569474
2025-02-22,96602.24,19827638.5863391,1915394301350.7908,5894.0,16.136892539356605
2025-02-23,95643.07,19828041.70017917,1896414780293.1555,5895.0,16.139630390143736
2025-02-24,92381.72,19828447.94686369,1831786126261.736,5896.0,16.142368240930868
2025-02-25,88934.51,19828907.30927865,1763474155386.115,5897.0,16.145106091718002
2025-02-26,84117.77,19829397.92257975,1668004733690.0413,5898.0,16.147843942505133
2025-02-27,84163.22,19829866.66778985,1668945430931.864,5899.0,16.150581793292265
2025-02-28,84116.05,19830354.15444628,1668051061573.111,5900.0,16.1533196440794
2025-03-01,85966.82,19830804.15317533,1704791171091.2764,5901.0,16.15605749486653
2025-03-02,94370.09,19831197.89799381,1871471930441.4866,5902.0,16.15879534565366
2025-03-03,86210.31,19831666.64602225,1709694129370.2383,5903.0,16.161533196440793
2025-03-04,87191.63,19832122.88579673,1729195120772.921,5904.0,16.164271047227928
2025-03-05,90231.9,19832541.62845893,1789527912964.943,5905.0,16.16700889801506
2025-03-06,90255.29,19833072.87309435,1790039743752.2637,5906.0,16.16974674880219
2025-03-07,86337.59,19833516.61324098,1712378025612.1882,5907.0,16.17248459958932
2025-03-08,86132.85,19833944.7366429,1708354186909.5525,5908.0,16.175222450376456
2025-03-09,80533.62,19834441.60555726,1597339383174.1382,5909.0,16.177960301163587
2025-03-10,79320.57,19834922.85108533,1573317386454.1138,5910.0,16.18069815195072
2025-03-11,82895.03,19835354.10105552,1644252273267.6204,5911.0,16.18343600273785
2025-03-12,83276.29,19835832.22078215,1651854516409.1982,5912.0,16.186173853524984
2025-03-13,81254.57,19836329.09364683,1611792390882.7632,5913.0,16.188911704312115
2025-03-14,84149.47,19836772.84007508,1669253921002.7126,5914.0,16.191649555099247
2025-03-15,84162.67,19837185.33869564,1669550483389.4795,5915.0,16.194387405886378
2025-03-16,82307.68,19837638.46293152,1632789998562.6594,5916.0,16.197125256673512
2025-03-17,84082.65,19838075.96065154,1668037997672.877,5917.0,16.199863107460644
2025-03-18,82395.67,19838519.70870501,1634608123206.9543,5918.0,16.202600958247775
2025-03-19,86439.4,19838994.7067631,1714870799055.778,5919.0,16.205338809034906
2025-03-20,84127.68,19839438.45372115,1669045929614.3477,5920.0,16.20807665982204
2025-03-21,84147.43,19839891.57782223,1669475887752.3855,5921.0,16.210814510609172
2025-03-22,83975.45,19840360.31797762,1666103185864.3135,5922.0,16.213552361396303
2025-03-23,85395.4,19840847.81476163,1694317135480.6953,5923.0,16.216290212183434
2025-03-24,87171.65,19841329.06253153,1729601392573.8267,5924.0,16.21902806297057
2025-03-25,87642.34,19841794.68604373,1738981316084.4375,5925.0,16.2217659137577
2025-03-26,86968.54,19842269.68472609,1725653224766.8882,5926.0,16.22450376454483
2025-03-27,87150.46,19842732.18373067,1729303237468.9324,5927.0,16.227241615331966
2025-03-28,84125.0,19843213.43255965,1669310330014.0806,5928.0,16.229979466119097
2025-03-29,82312.89,19843654.05671961,1633388513568.815,5929.0,16.23271731690623
2025-03-30,82236.59,19844082.18111997,1631909650255.0686,5930.0,16.23545516769336
2025-03-31,82291.37,19844544.67953595,1633034768705.2244,5931.0,16.238193018480494
2025-04-01,85128.69,19844966.55272405,1689376005727.214,5932.0,16.240930869267626
2025-04-02,82462.21,19845504.04912858,1636504122455.0916,5933.0,16.243668720054757
2025-04-03,82861.99,19845979.03998855,1644477316751.741,5934.0,16.246406570841888
2025-04-04,83960.6,19846541.53811966,1666327535465.4495,5935.0,16.249144421629023
2025-04-05,83166.79,19847054.03440218,1650615774997.7788,5936.0,16.251882272416154
2025-04-06,77664.72,19847507.15830522,1541451086147.7708,5937.0,16.254620123203285
2025-04-07,79593.19,19847960.28257266,1579762473883.2595,5938.0,16.257357973990416
2025-04-08,76469.42,19848438.40681369,1517798572874.7668,5939.0,16.26009582477755
2025-04-09,83062.06,19848847.78126122,1648686185337.9863,5940.0,16.262833675564682
2025-04-10,79486.65,19849297.78016973,1577754185398.1282,5941.0,16.265571526351813
2025-04-11,83229.73,19849760.27800782,1652090188503.3157,5942.0,16.268309377138944
2025-04-12,85152.73,19850210.27675684,1690299596139.9006,5943.0,16.27104722792608
2025-04-13,83295.39,19850747.77379054,1653475777609.5146,5944.0,16.27378507871321
2025-04-14,84455.32,19851213.39676633,1676540579812.1875,5945.0,16.27652292950034
2025-04-15,83842.49,19851663.39335727,1664412889540.923,5946.0,16.279260780287473
2025-04-16,84167.83,19852125.8925803,1670910357265.297,5947.0,16.281998631074607
2025-04-17,85039.58,19852604.01543287,1688257107378.7246,5948.0,16.28473648186174
2025-04-18,84245.75,19853029.01528952,1672533319164.827,5949.0,16.28747433264887
2025-04-19,85114.78,19853463.38718784,1689823168438.5476,5950.0,16.290212183436
2025-04-20,85059.54,19853847.75902997,1688759157613.1199,5951.0,16.292950034223136
2025-04-21,87117.94,19854241.50698692,1729660620351.196,5952.0,16.295687885010267
2025-04-22,93294.05,19854725.87712034,1852327788716.3586,5953.0,16.298425735797398
2025-04-23,93416.13,19855082.12519698,1854784932968.0774,5954.0,16.301163586584533
2025-04-24,93433.85,19855522.7481051,1855177934118.04,5955.0,16.303901437371664
2025-04-25,94619.23,19855972.74548136,1878756852078.4321,5956.0,16.306639288158795
2025-04-26,94492.0,19856388.37038399,1876269849894.324,5957.0,16.309377138945926
2025-04-27,93651.62,19856810.24345264,1859622447331.9338,5958.0,16.31211498973306
2025-04-28,94827.22,19857250.8683841,1883007896691.4502,5959.0,16.314852840520192
2025-04-29,94336.91,19857707.1172359,1873314729125.0425,5960.0,16.317590691307323
2025-04-30,94352.92,19858119.61588683,1873671571468.2007,5961.0,16.320328542094455
2025-05-01,96566.68,19858541.48984803,1917673421316.8777,5962.0,16.32306639288159
2025-05-02,96611.96,19859038.36460692,1918620620119.8694,5963.0,16.32580424366872
2025-05-03,96007.03,19859550.86387792,1906656495574.8533,5964.0,16.32854209445585
2025-05-04,94706.76,19859985.23807036,1880874855545.4724,5965.0,16.331279945242983
2025-05-05,94729.67,19860532.11254278,1881381653045.5803,5966.0,16.334017796030118
2025-05-06,96436.86,19860963.36132881,1915328943141.596,5967.0,16.33675564681725
2025-05-07,96980.21,19861435.23525732,1926166160016.6545,5968.0,16.33949349760438
2025-05-08,102737.67,19861932.10743301,2040568626415.8572,5969.0,16.34223134839151
2025-05-09,102659.65,19862369.60316211,2039063911631.261,5970.0,16.344969199178646
2025-05-10,103803.42,19862838.3531219,2061830551961.2207,5971.0,16.347707049965777
2025-05-11,103669.59,19863303.97742117,2059220579384.6216,5972.0,16.35044490075291
2025-05-12,102714.2,19863757.10226224,2040289919753.184,5973.0,16.35318275154004
2025-05-13,103898.53,19864163.35193762,2063857371946.1917,5974.0,16.355920602327174
2025-05-14,103537.57,19864613.3516771,2056733795422.2026,5975.0,16.358658453114305
2025-05-15,103553.33,19865069.60154822,2057094107922.0916,5976.0,16.361396303901437
2025-05-16,103542.54,19865494.60028843,2056923769270.1484,5977.0,16.36413415468857
2025-05-17,103282.49,19865941.4746981,2051803901701.0918,5978.0,16.366872005475702
2025-05-18,105818.84,19866447.7236157,2102244453033.6538,5979.0,16.369609856262834
2025-05-19,105659.41,19866888.34833178,2099123701420.6104,5980.0,16.372347707049965
2025-05-20,106904.59,19867350.84791532,2123910996782.5398,5981.0,16.3750855578371
2025-05-21,109529.81,19867800.84782327,2176116451979.9216,5982.0,16.37782340862423
2025-05-22,110960.94,19868269.59733008,2204601870693.167,5983.0,16.380561259411362
2025-05-23,107641.51,19868753.97200966,2138702679365.6172,5984.0,16.383299110198493
2025-05-24,108157.47,19869194.59683811,2149001818531.68,5985.0,16.386036960985628
2025-05-25,108428.6,19869666.47146028,2154440117967.3782,5986.0,16.38877481177276
2025-05-26,109561.08,19870144.59637733,2176994501735.2646,5987.0,16.39151266255989
2025-05-27,109096.19,19870585.22069245,2167805140647.8552,5988.0,16.39425051334702
2025-05-28,107649.79,19871097.72025168,2139119496654.572,5989.0,16.396988364134156
2025-05-29,105897.24,19871594.59378252,2104347021880.4902,5990.0,16.399726214921287
2025-05-30,103725.29,19872078.96851097,2061237153911.7012,5991.0,16.40246406570842
2025-05-31,104710.47,19872582.09331411,2080867411104.5044,5992.0,16.40520191649555
2025-06-01,105821.35,19872997.71815615,2102987447082.2036,5993.0,16.407939767282684
2025-06-02,105827.35,19873413.34276052,2103150669518.9875,5994.0,16.410677618069816
2025-06-03,105800.31,19873863.34265073,2102660902550.0835,5995.0,16.413415468856947
2025-06-04,104736.97,19874257.09213886,2081569468831.635,5996.0,16.416153319644078
2025-06-05,101351.62,19874675.84092495,2014330593452.6057,5997.0,16.418891170431213
2025-06-06,104600.8,19875094.59073494,2078950794266.5474,5998.0,16.421629021218344
2025-06-07,105860.43,19875541.46535296,2104033366005.0942,5999.0,16.424366872005475
2025-06-08,105881.8,19876019.58978822,2104508731002.0386,6000.0,16.427104722792606
2025-06-09,109794.09,19876457.08899197,2182317518509.9224,6001.0,16.42984257357974
2025-06-10,109743.83,19876985.2136734,2181376486201.8875,6002.0,16.432580424366872
2025-06-11,108426.23,19877425.8384359,2155234345766.1936,6003.0,16.435318275154003
2025-06-12,105955.19,19877888.33711326,2106165435557.6196,6004.0,16.438056125941138
2025-06-13,105881.18,19878341.46184579,2104742250423.157,6005.0,16.44079397672827
2025-06-14,105322.44,19878813.33639285,2093685124893.4358,6006.0,16.4435318275154
2025-06-15,105207.65,19879238.33564281,2091447949082.8914,6007.0,16.44626967830253
2025-06-16,107462.28,19879694.58524246,2136317305833.8093,6008.0,16.449007529089666
2025-06-17,104677.81,19880063.33461965,2081001492529.282,6009.0,16.451745379876797
2025-06-18,104738.8,19880500.83350964,2082259800700.7993,6010.0,16.45448323066393
2025-06-19,104708.63,19880897.70836677,2081701562213.224,6011.0,16.45722108145106
2025-06-20,103423.33,19881369.58277738,2056197447211.5474,6012.0,16.459958932238195
2025-06-21,101329.79,19881810.20759735,2014619653155.6956,6013.0,16.462696783025326
2025-06-22,100924.39,19882144.5823716,2006593313867.6584,6014.0,16.465434633812457
2025-06-23,105205.36,19882478.95711129,2091743356375.318,6015.0,16.468172484599588
2025-06-24,105942.3,19882844.58187033,2106434285545.8809,6016.0,16.470910335386723
2025-06-25,107195.23,19883291.45658785,2131394000845.9697,6017.0,16.473648186173854
2025-06-26,107135.68,19883782.08110327,2130262514230.8137,6018.0,16.476386036960985
2025-06-27,107151.1,19884141.45605605,2130607629572.0076,6019.0,16.479123887748116
2025-06-28,107194.17,19884594.58089051,2131512611885.0562,6020.0,16.48186173853525
2025-06-29,108366.18,19885122.70553762,2154874786430.3767,6021.0,16.484599589322382
2025-06-30,107163.82,19885575.83046754,2131014268892.5742,6022.0,16.487337440109513
2025-07-01,105794.69,19885994.58017659,2103832631951.4624,6023.0,16.490075290896645
2025-07-02,108744.97,19886472.70473747,2162553877682.495,6024.0,16.49281314168378
2025-07-03,109681.42,19886944.57965724,2181228320958.1094,6025.0,16.49555099247091
2025-07-04,108284.64,19887441.45462176,2153504438434.7935,6026.0,16.49828884325804
2025-07-05,108358.9,19887932.07954165,2155034443413.8455,6027.0,16.501026694045173
2025-07-06,109299.54,19888432.07935433,2173796477594.6716,6028.0,16.503764544832308
2025-07-07,108309.63,19888903.95416882,2154159828381.5618,6029.0,16.50650239561944
2025-07-08,108578.05,19889347.7039624,2159546589468.2148,6030.0,16.50924024640657
2025-07-09,111054.15,19889860.2037024,2208851518540.997,6031.0,16.511978097193705
2025-07-10,115986.14,19890394.57852689,2307010090240.261,6032.0,16.514715947980836
2025-07-11,117531.61,19890863.3284219,2337805191279.3843,6033.0,16.517453798767967
2025-07-12,117481.95,19891328.95329192,2336872113524.1934,6034.0,16.520191649555098
2025-07-13,118798.03,19891757.07718098,2363101554007.6587,6035.0,16.522929500342233
2025-07-14,120146.01,19892210.20195938,2389969685846.7134,6036.0,16.525667351129364
2025-07-15,117543.48,19892722.70182505,2338259853047.5186,6037.0,16.528405201916495
2025-07-16,119055.25,19893132.07663102,2368381812666.325,6038.0,16.531143052703626
2025-07-17,119961.35,19893557.07628858,2386457963173.6313,6039.0,16.53388090349076
2025-07-18,117648.14,19894007.07582488,2340492929617.6357,6040.0,16.536618754277892
2025-07-19,117624.64,19894450.82568285,2340077616368.648,6041.0,16.539356605065024
2025-07-20,117470.75,19894916.45048858,2337070756626.231,6042.0,16.542094455852155
2025-07-21,117493.93,19895385.20036427,2337586996054.6353,6043.0,16.54483230663929
2025-07-22,119896.63,19895853.95002503,2385445839580.1895,6044.0,16.54757015742642
2025-07-23,118722.18,19896291.44748054,2362131094560.245,6045.0,16.550308008213552
2025-07-24,118626.16,19896750.82232136,2360275146528.825,6046.0,16.553045859000683
2025-07-25,117459.59,19897250.8219454,2337122923672.8696,6047.0,16.555783709787818
2025-07-26,117736.89,19897728.94677667,2342696724256.4604,6048.0,16.55852156057495
2025-07-27,119100.18,19898157.07160725,2369874088896.6963,6049.0,16.56125941136208
2025-07-28,117755.37,19898610.19642083,2343168206165.3076,6050.0,16.56399726214921
2025-07-29,117641.33,19898960.19620082,2340940143098.1255,6051.0,16.566735112936346
2025-07-30,117495.1,19899388.32086775,2338080620699.1885,6052.0,16.569472963723477
2025-07-31,116120.39,19899869.57076901,2310780615506.8296,6053.0,16.57221081451061
2025-08-01,113478.76,19900341.44563855,2258266070827.67,6054.0,16.57494866529774
2025-08-02,112339.13,19900794.57050347,2235637948359.0835,6055.0,16.577686516084874
2025-08-03,114132.26,19901278.94532364,2271377942920.203,6056.0,16.580424366872005
2025-08-04,114982.17,19901813.32023624,2288353682495.6675,6057.0,16.583162217659137
2025-08-05,113686.92,19902244.57004508,2262624886255.1494,6058.0,16.58590006844627
2025-08-06,114829.92,19902694.56967305,2285424825219.9907,6059.0,16.588637919233403
2025-08-07,117453.18,19903197.69445593,2337693861382.517,6060.0,16.591375770020534
2025-08-08,116708.84,19903625.81932498,2322929081167.4683,6061.0,16.594113620807665
2025-08-09,116247.21,19903988.31901948,2313783109958.605,6062.0,16.5968514715948
2025-08-10,118893.82,19904410.19382238,2366511362790.4834,6063.0,16.59958932238193
2025-08-11,118782.25,19904869.56859426,2364345193314.1553,6064.0,16.602327173169062
2025-08-12,120155.92,19905297.69299496,2391739357175.687,6065.0,16.605065023956193
2025-08-13,123130.99,19905785.19248509,2451019037478.03,6066.0,16.607802874743328
2025-08-14,118700.16,19906291.44202303,2362879979174.7646,6067.0,16.61054072553046
2025-08-15,117452.88,19906710.19140676,2338100443306.075,6068.0,16.61327857631759
2025-08-16,117480.26,19907185.19100595,2338701292107.5283,6069.0,16.61601642710472
2025-08-17,117582.68,19907660.19041859,2340796037718.728,6070.0,16.618754277891856
2025-08-18,116263.96,19908141.44022728,2314599360080.9272,6071.0,16.621492128678987
2025-08-19,113320.59,19908560.18964291,2256049786740.846,6072.0,16.62422997946612
2025-08-20,114355.02,19909000.81422558,2276694186290.7827,6073.0,16.62696783025325
2025-08-21,112215.59,19909466.43861872,2234152522994.7983,6074.0,16.629705681040384
2025-08-22,116461.36,19909922.68827145,2318736673770.949,6075.0,16.632443531827516
2025-08-23,114969.28,19910397.68766958,2289084086665.036,6076.0,16.635181382614647
2025-08-24,113519.27,19910901.1874341,2260270967839.6523,6077.0,16.637919233401778
2025-08-25,109885.57,19911341.81228359,2187969144507.6155,6078.0,16.640657084188913
2025-08-26,112118.16,19911810.56144572,2232475562417.8613,6079.0,16.643394934976044
2025-08-27,111049.64,19912279.31070583,2211251449033.3306,6080.0,16.646132785763175
2025-08-28,112240.32,19912776.18540165,2235016371137.8604,6081.0,16.648870636550306
2025-08-29,108393.1,19913291.81006369,2158463430497.4146,6082.0,16.65160848733744
2025-08-30,108423.49,19913785.55985216,2159122129510.7751,6083.0,16.654346338124572
2025-08-31,108563.81,19914198.05892839,2161961214371.8704,6084.0,16.657084188911703
2025-09-01,108596.61,19914701.18359231,2162669037701.1123,6085.0,16.659822039698838
2025-09-02,110959.69,19915210.5571246,2209785589703.273,6086.0,16.66255989048597
2025-09-03,111908.97,19915638.6811394,2228738611698.4688,6087.0,16.6652977412731
2025-09-04,110898.63,19916076.18054217,2208665563397.7593,6088.0,16.66803559206023
2025-09-05,110870.46,19916523.05499092,2208154072707.4487,6089.0,16.670773442847366
2025-09-06,109938.37,19916960.5545553,2189638178722.1057,6090.0,16.673511293634498
2025-09-07,111045.26,19917441.80417537,2211737503679.523,6091.0,16.67624914442163
2025-09-08,112168.92,19917941.80393738,2234174020770.5073,6092.0,16.67898699520876
2025-09-09,111107.56,19918463.67816748,2213091898229.814,6093.0,16.681724845995895
2025-09-10,113629.8,19918994.9263748,2263391409684.9834,6094.0,16.684462696783026
2025-09-11,114992.93,19919463.67622054,2290597492157.171,6095.0,16.687200547570157
2025-09-12,116147.96,19919838.67607906,2313648625755.684,6096.0,16.689938398357288
2025-09-13,116081.21,19920279.30064443,2312370124756.7593,6097.0,16.692676249144423
2025-09-14,115795.59,19920757.42463314,2306735859232.275,6098.0,16.695414099931554
2025-09-15,115030.35,19921266.7990492,2291550292338.0093,6099.0,16.698151950718685
2025-09-16,116733.15,19921766.79860732,2325530591966.848,6100.0,16.700889801505816
2025-09-17,116295.84,19922166.79855753,2316865122458.359,6101.0,16.70362765229295
2025-09-18,117041.03,19922660.54812872,2331768710893.35,6102.0,16.706365503080082
2025-09-19,115674.14,19923185.5470028,2304597354209.9785,6103.0,16.709103353867214
2025-09-20,116022.99,19923663.67184704,2311603030962.0728,6104.0,16.711841204654345
2025-09-21,115089.38,19924169.92158604,2293060363289.9863,6105.0,16.71457905544148
2025-09-22,112392.4,19924638.67097605,2239377959363.8086,6106.0,16.71731690622861
2025-09-23,112161.17,19925088.67041047,2234821257626.9824,6107.0,16.720054757015742
2025-09-24,113418.36,19925566.79491241,2259925107949.422,6108.0,16.722792607802873
2025-09-25,109589.7,19926007.41920319,2183685175268.2515,6109.0,16.725530458590008
2025-09-26,109619.8,19926419.91893203,2184330166229.3457,6110.0,16.72826830937714
2025-09-27,109629.89,19926904.2935666,2184584325744.234,6111.0,16.73100616016427
2025-09-28,112055.14,19927419.91822354,2232969828775.3276,6112.0,16.733744010951405
2025-09-29,114011.67,19927857.41769276,2272008303713.039,6113.0,16.736481861738536
2025-09-30,113699.81,19928360.54234103,2265850807275.6724,6114.0,16.739219712525667
2025-10-01,117739.73,19928832.41710667,2346415348005.3867,6115.0,16.7419575633128
2025-10-02,120226.87,19929257.41668801,2396032240632.685,6116.0,16.744695414099933
2025-10-03,122425.66,19929626.16667998,2439897637009.0664,6117.0,16.747433264887064
2025-10-04,122032.05,19930044.91656784,2432104237760.8525,6118.0,16.750171115674195
2025-10-05,123155.12,19930510.54144684,2454544417393.1504,6119.0,16.752908966461327
2025-10-06,124672.41,19930894.91625392,2484832702666.1245,6120.0,16.75564681724846
2025-10-07,121697.21,19931326.16610092,2425586786014.4785,6121.0,16.758384668035593
2025-10-08,123101.91,19931788.66590115,2453641254488.7837,6122.0,16.761122518822724
2025-10-09,121587.9,19932163.66577499,2423509922577.883,6123.0,16.763860369609855
2025-10-10,113729.1,19932576.16549047,2266913947982.6826,6124.0,16.76659822039699
2025-10-11,110944.48,19933035.54035648,2211460262846.3687,6125.0,16.76933607118412
2025-10-12,114915.63,19933488.6653484,2290669408076.3706,6126.0,16.772073921971252
2025-10-13,115284.24,19933963.6652413,2298071851334.958,6127.0,16.774811772758383
2025-10-14,113449.13,19934491.79007203,2261550750575.8145,6128.0,16.777549623545518
2025-10-15,110936.1,19934941.79001479,2211504695911.26,6129.0,16.78028747433265
2025-10-16,108281.67,19935419.91496235,2158640560543.3813,6130.0,16.78302532511978
2025-10-17,106995.08,19935916.78991067,2133045011809.8354,6131.0,16.78576317590691
2025-10-18,107176.07,19936432.41477609,2136708476036.3115,6132.0,16.788501026694046
2025-10-19,108648.11,19936866.78972011,2166102896024.8574,6133.0,16.791238877481177
2025-10-20,110893.6,19937332.41464952,2210922565857.178,6134.0,16.79397672826831
2025-10-21,108853.53,19937801.16457598,2170300037202.2063,6135.0,16.79671457905544
2025-10-22,107230.61,19938279.28954981,2137993850568.7927,6136.0,16.799452429842574
2025-10-23,109786.95,19938723.03952947,2189011589404.6697,6137.0,16.802190280629706
2025-10-24,110911.51,19939282.41447928,2211495920906.343,6138.0,16.804928131416837
2025-10-25,111414.33,19939782.4144317,2221577498049.69,6139.0,16.80766598220397
2025-10-26,114719.77,19940241.78941732,2287539951826.3433,6140.0,16.810403832991103
2025-10-27,113826.07,19940701.1642817,2269771646574.6104,6141.0,16.813141683778234
2025-10-28,113186.28,19941207.41422654,2257071085924.721,6142.0,16.815879534565365
2025-10-29,110824.46,19941591.78921539,2210016141580.2295,6143.0,16.8186173853525
2025-10-30,107571.52,19942091.78910433,2145201125733.4724,6144.0,16.82135523613963
2025-10-31,109678.04,19942529.2890983,2187257525070.8948,6145.0,16.824093086926762
2025-11-01,109769.88,19942960.53909725,2189136385221.4404,6146.0,16.826830937713893
2025-11-02,109877.2,19943444.91407936,2191329885513.2808,6147.0,16.829568788501028
2025-11-03,106150.4,19943888.66404142,2117051759243.4622,6148.0,16.83230663928816
2025-11-04,101110.55,19944298.03903078,2016578944090.3235,6149.0,16.83504449007529
2025-11-05,103609.3,19944729.28891744,2066459440314.234,6150.0,16.83778234086242
2025-11-06,101173.02,19945166.7888663,2017912758433.3062,6151.0,16.840520191649556
2025-11-07,103569.46,19945610.53884482,2065756112878.4673,6152.0,16.843258042436688
2025-11-08,102316.64,19945985.53882465,2040806221821.128,6153.0,16.84599589322382
2025-11-09,104653.43,19946426.16375369,2087461914278.565,6154.0,16.84873374401095
2025-11-10,105902.71,19946863.6637473,2112426917991.368,6155.0,16.851471594798085
2025-11-11,102899.12,19947341.78872343,2052563916398.867,6156.0,16.854209445585216
2025-11-12,101722.09,19947782.41356004,2029130117972.5715,6157.0,16.856947296372347
2025-11-13,99770.43,19948251.163541,1990245596334.4858,6158.0,16.859685147159478
2025-11-14,94642.01,19948701.16347557,1887985175000.6663,6159.0,16.862422997946613
2025-11-15,95521.78,19949148.03839638,1905578130111.1306,6160.0,16.865160848733744
2025-11-16,94140.65,19949644.91316874,1878072539394.8987,6161.0,16.867898699520875
2025-11-17,92102.6,19950032.41307882,1837449855328.8333,6162.0,16.870636550308006
2025-11-18,93121.55,19950448.03765969,1857816644461.3289,6163.0,16.87337440109514
2025-11-19,91077.39,19950876.16248293,1817073729092.1611,6164.0,16.876112251882272
2025-11-20,87186.46,19951285.53743047,1739481958457.7603,6165.0,16.878850102669404
2025-11-21,84887.42,19951757.41235694,1693653211200.8567,6166.0,16.88158795345654
2025-11-22,84929.48,19952204.28729807,1694530334973.9954,6167.0,16.88432580424367
2025-11-23,87097.56,19952648.03692399,1737826959554.8694,6168.0,16.8870636550308
2025-11-24,88304.02,19953094.91183854,1761938492156.8887,6169.0,16.889801505817932
2025-11-25,87274.96,19953454.2863175,1741436924700.1885,6170.0,16.892539356605067
2025-11-26,90216.29,19953966.78629562,1800172854242.8135,6171.0,16.895277207392198
2025-11-27,91225.54,19954413.66128109,1820352161633.7444,6172.0,16.89801505817933
2025-11-28,91130.77,19954882.41120116,1818503799392.2185,6173.0,16.90075290896646
2025-11-29,90937.76,19955310.53618691,1814691240265.2366,6174.0,16.903490759753595
2025-11-30,90942.54,19955832.41109831,1814834087279.6042,6175.0,16.906228610540726
2025-12-01,86355.57,19956248.03607465,1723333174216.6072,6176.0,16.908966461327857
2025-12-02,91462.29,19956644.91100694,1825280444277.5408,6177.0,16.91170431211499
2025-12-03,93402.58,19957057.41098925,1864040651394.5164,6178.0,16.914442162902123
2025-12-04,92254.55,19957469.91096116,1841167405774.2617,6179.0,16.917180013689254
2025-12-05,89153.45,19957841.78583648,1779310449761.4834,6180.0,16.919917864476385
2025-12-06,89133.05,19958351.16079613,1778948711932.7993,6181.0,16.922655715263517
2025-12-07,90059.71,19958851.16078565,1797488347473.519,6182.0,16.92539356605065
2025-12-08,90944.19,19959313.66075349,1815183613833.161,6183.0,16.928131416837783
2025-12-09,92566.41,19959716.78570628,1847599327469.5698,6184.0,16.930869267624914
2025-12-10,92240.13,19960201.1606707,1841131549886.4165,6185.0,16.933607118412045
2025-12-11,92365.71,19960701.16062888,1843684334799.3108,6186.0,16.93634496919918
2025-12-12,90173.44,19961154.28562201,1799965948305.279,6187.0,16.93908281998631
2025-12-13,90169.92,19961601.16057607,1799935979721.0515,6188.0,16.941820670773442
2025-12-14,88143.26,19962001.16053288,1759515858413.1514,6189.0,16.944558521560573
2025-12-15,86143.47,19962419.91051883,1719632120689.1814,6190.0,16.947296372347708
2025-12-16,87847.79,19962879.28548143,1753694827266.3228,6191.0,16.95003422313484
2025-12-17,86104.66,19963310.53547565,1718934066131.5488,6192.0,16.95277207392197
2025-12-18,85235.69,19963760.53540558,1701624904230.064,6193.0,16.955509924709105
2025-12-19,88104.27,19964213.66034994,1758932470669.1594,6194.0,16.958247775496236
2025-12-20,88121.37,19964673.03534431,1759314339476.5989,6195.0,16.960985626283367
2025-12-21,88204.43,19965104.28533831,1761010643378.8228,6196.0,16.9637234770705
2025-12-22,88258.11,19965538.66029744,1762120707289.784,6197.0,16.966461327857633
2025-12-23,87170.1,19965991.78528895,1740437500522.8164,6198.0,16.969199178644764
2025-12-24,87693.35,19966488.66026302,1750928278355.4763,6199.0,16.971937029431896
2025-12-25,87341.58,19966919.91025143,1743942332694.818,6200.0,16.974674880219027
2025-12-26,87217.98,19967407.41024808,1741516940158.8687,6201.0,16.97741273100616
2025-12-27,87685.77,19967832.41024034,1750894760122.8804,6202.0,16.980150581793293
2025-12-28,87609.64,19968316.78522444,1749417044959.4707,6203.0,16.982888432580424
2025-12-29,87108.55,19968798.03511532,1739453042081.7446,6204.0,16.985626283367555
2025-12-30,88154.53,19969169.91002564,1760372787908.4526,6205.0,16.98836413415469
2025-12-31,87291.86,19969585.53497268,1743182264776.86,6206.0,16.99110198494182
2026-01-01,88448.95,19970057.40989761,1766330609345.163,6207.0,16.993839835728952
2026-01-02,90145.35,19970507.40984664,1800248380138.219,6208.0,16.996577686516083
2026-01-03,90300.85,19970991.78483358,1803397533513.4895,6209.0,16.999315537303218
2026-01-04,91231.13,19971444.9098264,1822017486856.211,6210.0,17.00205338809035
2026-01-05,94208.64,19971857.4098188,1881521524852.9517,6211.0,17.00479123887748
2026-01-06,93321.48,19972263.65953899,1863841203658.3948,6212.0,17.00752908966461
2026-01-07,91171.67,19972723.03435922,1820946513489.9976,6213.0,17.010266940451746
2026-01-08,91163.02,19973135.53420598,1820811354167.5305,6214.0,17.013004791238878
2026-01-09,90265.31,19973579.28415703,1802921325894.0125,6215.0,17.01574264202601
2026-01-10,90197.47,19974085.53343323,1801611980679.2776,6216.0,17.018480492813143
2026-01-11,90396.55,19974466.78335318,1805622885304.7249,6217.0,17.021218343600275
2026-01-12,91201.01,19974910.53329039,1821732015295.7222,6218.0,17.023956194387406
2026-01-13,95474.68,19975332.40813331,1907138469560.157,6219.0,17.026694045174537
2026-01-14,97089.48,19975719.90808041,1939432258501.1748,6220.0,17.02943189596167
2026-01-15,95514.28,19976154.28294067,1908007993503.9944,6221.0,17.032169746748803
2026-01-16,95491.29,19976560.53287026,1907587535046.8684,6222.0,17.034907597535934
2026-01-17,95169.12,19977026.15780853,1901195999655.619,6223.0,17.037645448323065
2026-01-18,95341.62,19977463.65773054,1904683748619.155,6224.0,17.0403832991102
2026-01-19,92417.62,19977932.4076323,1846312965634.2468,6225.0,17.04312114989733
2026-01-20,88416.01,19978348.03254681,1766405819429.1392,6226.0,17.045859000684462
2026-01-21,89853.94,19978776.15748337,1795171754127.9412,6227.0,17.048596851471594
2026-01-22,89207.28,19979279.28238061,1782297161141.5261,6228.0,17.05133470225873
2026-01-23,89223.4,19979716.78234685,1782658262358.0457,6229.0,17.05407255304586
2026-01-24,89142.15,19980023.0323271,1781062210151.1572,6230.0,17.05681040383299
2026-01-25,86150.55,19980360.53227402,1721319049053.6995,6231.0,17.059548254620122
2026-01-26,88089.04,19980748.03223303,1760084912641.2964,6232.0,17.062286105407257
2026-01-27,89138.78,19981129.28220207,1781093487237.768,6233.0,17.065023956194388
2026-01-28,89106.74,19981473.032196,1780483922296.9006,6234.0,17.06776180698152
2026-01-29,84162.46,19981873.032187,1681723589796.5173,6235.0,17.07049965776865
2026-01-30,84086.21,19982282.40718209,1680234394769.619,6236.0,17.073237508555785
2026-01-31,78489.63,19982713.65716427,1568435801346.7703,6237.0,17.075975359342916
2026-02-01,76840.37,19983085.53215195,1535507686032.2026,6238.0,17.078713210130047
2026-02-02,78564.03,19983454.28213928,1569980701725.6187,6239.0,17.08145106091718
2026-02-03,75827.62,19983866.78209746,1515329056483.5088,6240.0,17.084188911704313
2026-02-04,72896.27,19984310.53206212,1456781696309.0442,6241.0,17.086926762491444
2026-02-05,63960.69,19984707.40706058,1278235675203.7056,6242.0,17.089664613278575
2026-02-06,70866.09,19985160.53203973,1416270184927.9753,6243.0,17.09240246406571
2026-02-07,69184.54,19985679.2820274,1382700027714.596,6244.0,17.09514031485284
2026-02-08,70716.78,19986210.53197043,1413360453223.036,6245.0,17.097878165639973
2026-02-09,70130.11,19986719.90696146,1401670865614.397,6246.0,17.100616016427104
2026-02-10,68463.88,19987169.90694323,1368399202048.5728,6247.0,17.10335386721424
2026-02-11,67223.2,19987660.53193552,1343634501470.4077,6248.0,17.10609171800137
2026-02-12,66120.0,19988213.65692539,1321620686995.907,6249.0,17.1088295687885
2026-02-13,68914.41,19988685.53189781,1377508470106.2737,6250.0,17.111567419575632
2026-02-14,69929.0,19989204.28187008,1397825066226.8928,6251.0,17.114305270362767
2026-02-15,68530.75,19989819.90685954,1369917350582.0144,6252.0,17.117043121149898
2026-02-16,68504.29,19990366.78184523,1369425883229.8923,6253.0,17.11978097193703
2026-02-17,67584.7,19990882.40680826,1351077790199.4143,6254.0,17.12251882272416
2026-02-18,66229.12,19991360.53177497,1324010215622.1882,6255.0,17.125256673511295
2026-02-19,66844.32,19991857.40675161,1336342113891.275,6256.0,17.127994524298426
2026-02-20,67718.23,19992285.53170962,1353842189861.9841,6257.0,17.130732375085557
2026-02-21,68148.25,19992657.40670127,1362464615116.2297,6258.0,17.13347022587269
2026-02-22,67588.61,19993169.90666243,1351310563485.1436,6259.0,17.136208076659823
2026-02-23,64652.66,19993632.40663329,1292641518151.044,6260.0,17.138945927446954
2026-02-24,63948.94,19994148.03158285,1278604572822.8098,6261.0,17.141683778234086
2026-02-25,68319.15,19994635.53153542,1366016504074.298,6262.0,17.144421629021217
2026-02-26,67588.75,19995073.0315294,1351441992359.7827,6263.0,17.14715947980835
2026-02-27,65560.05,19995513.6564622,1310906875093.3447,6264.0,17.149897330595483
2026-02-28,66909.88,19995960.53145449,1337927319644.3562,6265.0,17.152635181382614
2026-03-01,65676.54,19996426.15644398,1313296082320.7393,6266.0,17.155373032169745
2026-03-02,69115.81,19996851.15583916,1382098565085.2598,6267.0,17.15811088295688
2026-03-03,68399.4,19997269.90583798,1367801263197.3743,6268.0,17.16084873374401
2026-03-04,72812.18,19997676.15583047,1456074395840.0361,6269.0,17.163586584531142
2026-03-05,71031.6,19998194.90582105,1420503781272.3186,6270.0,17.166324435318277
2026-03-06,68374.58,19998651.15580593,1367399373344.745,6271.0,17.169062286105408
2026-03-07,67389.65,19999063.65576549,1347729900089.7566,6272.0,17.17180013689254
2026-03-08,66183.95,19999482.40576506,1323644743569.0344,6273.0,17.17453798767967
2026-03-09,68527.58,19999913.65574585,1370545683037.216,6274.0,17.177275838466805
2026-03-10,69808.73,20000344.90574032,1396198677431.7014,6275.0,17.180013689253936
2026-03-11,70331.35,20000779.2807241,1406681807865.355,6276.0,17.182751540041068
2026-03-12,70233.42,20001182.40569682,1404751444395.915,6277.0,17.1854893908282
2026-03-13,70846.75,20001560.53069069,1417045558527.7104,6278.0,17.188227241615333
2026-03-14,70905.33,20001960.5306846,1418245612075.1667,6279.0,17.190965092402465
2026-03-15,72473.79,20002351.15568165,1449646197163.1292,6280.0,17.193702943189596
2026-03-16,74380.82,20002741.78066785,1487820335894.335,6281.0,17.196440793976727
2026-03-17,74135.37,20003138.65566745,1482940085399.209,6282.0,17.19917864476386
2026-03-18,71029.13,20003573.03066121,1420836389259.329,6283.0,17.201916495550993
2026-03-19,69992.9,20003991.78065208,1400137396304.003,6284.0,17.204654346338124
2026-03-20,70671.39,20004410.5304596,1413739498318.2173,6285.0,17.207392197125255
2026-03-21,70072.02,20004841.78045464,1401779673336.8533,6286.0,17.21013004791239
2026-03-22,68245.78,20005348.03042135,1365280580507.5688,6287.0,17.21286789869952
2026-03-23,70770.52,20005848.03041698,1415824268153.5857,6288.0,17.215605749486652
2026-03-24,70175.03,20006238.65535915,1403938397826.988,6289.0,17.218343600273784
2026-03-25,71250.8,20006716.78033845,1425494575972.539,6290.0,17.22108145106092
2026-03-26,68554.36,20007232.40532055,1371583012918.011,6291.0,17.22381930184805
2026-03-27,66066.39,20007707.40530772,1321837000444.948,6292.0,17.22655715263518
2026-03-28,66343.27,20008251.15529517,1327412808623.5596,6293.0,17.229295003422312
2026-03-29,66119.59,20008701.15528185,1322967116819.7622,6294.0,17.232032854209447
2026-03-30,66745.09,20009126.1552814,1335510926055.6108,6295.0,17.234770704996578
2026-03-31,68266.98,20009551.15524669,1365991628524.2026,6296.0,17.23750855578371
2026-04-01,68256.91,20010057.4052433,1365824687404.5256,6297.0,17.240246406570844
2026-04-02,66860.33,20010510.53023187,1337909337519.7778,6298.0,17.242984257357975
2026-04-03,66834.57,20010923.03021457,1337421436027.488,6299.0,17.245722108145106
2026-04-04,67389.54,20011298.0302142,1348552169059.041,6300.0,17.248459958932237
2026-04-05,68732.22,20011794.90521381,1375455090020.035,6301.0,17.251197809719372
2026-04-06,68655.94,20012194.9052089,1373956052680.3281,6302.0,17.253935660506503
2026-04-07,71900.42,20012626.15519459,1438916225861.4763,6303.0,17.256673511293634
2026-04-08,70931.44,20013088.65514687,1419557197157.231,6304.0,17.259411362080765
2026-04-09,71708.04,20013538.65512088,1435131630422.954,6305.0,17.2621492128679
2026-04-10,72927.82,20013929.280088,1459572232030.9873,6306.0,17.26488706365503
2026-04-11,73285.01,20014313.65508618,1466749176356.127,6307.0,17.267624914442163
2026-04-12,70775.86,20014798.0299883,1416564543298.7278,6308.0,17.270362765229294
2026-04-13,74701.15,20015260.5299035,1495162979133.401,6309.0,17.27310061601643
2026-04-14,74136.2,20015773.02986229,1483893352496.4766,6310.0,17.27583846680356
2026-04-15,74948.73,20016163.65484706,1500186045402.9453,6311.0,17.27857631759069
2026-04-16,74969.38,20016638.65385298,1500634989563.3926,6312.0,17.281314168377822
2026-04-17,76942.51,20017079.27872694,1540164322574.2402,6313.0,17.284052019164957
2026-04-18,75865.56,20017557.40363796,1518643202259.14,6314.0,17.286789869952088
2026-04-19,74094.84,20018051.15360258,1483234297337.9985,6315.0,17.28952772073922
2026-04-20,75866.85,20018457.40355363,1518737305066.793,6316.0,17.29226557152635
2026-04-21,75902.11,20018879.27852542,1519475177075.357,6317.0,17.295003422313485
2026-04-22,78511.47,20019288.65351069,1571743780541.4448,6318.0,17.297741273100616
2026-04-23,78314.95,20019666.77848588,1567839202773.7827,6319.0,17.300479123887747
2026-04-24,77600.6,20020132.40345462,1553574286587.5208,6320.0,17.30321697467488
2026-04-25,77617.92,20020569.90344961,1553954993120.3596,6321.0,17.305954825462013
2026-04-26,78470.63,20021035.52844954,1571063271169.8184,6322.0,17.308692676249144
2026-04-27,76843.9,20021466.77841845,1538527590974.1096,6323.0,17.311430527036276
2026-04-28,76083.58,20021901.15338468,1523337918155.6357,6324.0,17.31416837782341
2026-04-29,75861.2,20022298.02833074,1518915555186.804,6325.0,17.31690622861054
2026-04-30,76106.22,20022735.52832902,1523854715120.8245,6326.0,17.319644079397673
2026-05-01,78106.54,20023229.27832185,1563945158556.4167,6327.0,17.322381930184804
2026-05-02,78574.23,20023654.27830144,1573343216703.7412,6328.0,17.32511978097194
2026-05-03,78657.11,20024129.27829588,1575040139297.1394,6329.0,17.32785763175907
2026-05-04,79845.98,20024594.90324333,1598883404152.4688,6330.0,17.3305954825462
2026-05-05,81189.14,20025063.65321603,1625817696449.8677,6331.0,17.333333333333332
2026-05-06,81298.61,20025504.27821583,1628045662368.0002,6332.0,17.336071184120467
2026-05-07,79802.42,20025948.02821412,1598119115445.715,6333.0,17.338809034907598
2026-05-08,80312.72,20026407.4031975,1608375250378.928,6334.0,17.34154688569473
2026-05-09,80467.24,20026941.77812911,1611512730526.7417,6335.0,17.34428473648186
2026-05-10,82152.52,20027410.52810517,1645302243958.3706,6336.0,17.347022587268995
2026-05-11,81630.4,20027926.15304923,1634887623043.8699,6337.0,17.349760438056126
2026-05-12,80394.05,20028344.90304623,1610159761552.744,6338.0,17.352498288843258
2026-05-13,79419.31,20028779.27799499,1590671830400.6602,6339.0,17.35523613963039
2026-05-14,81280.42,20029251.15297989,1627985945999.6897,6340.0,17.357973990417523
2026-05-15,79136.63,20029704.27797232,1585083296455.3125,6341.0,17.360711841204655
2026-05-16,78286.58,20030176.15294768,1568093987811.8308,6342.0,17.363449691991786
2026-05-17,77709.76,20030613.65292107,1556574179621.2195,6343.0,17.366187542778917
2026-05-18,76815.1,20031051.1527079,1538687197400.3728,6344.0,17.36892539356605
2026-05-19,76739.61,20031494.90270125,1537209106550.282,6345.0,17.371663244353183
2026-05-20,77422.36,20031969.90265776,1550922385312.734,6346.0,17.374401095140314
2026-05-21,77633.48,20032366.77764504,1555182345584.9707,6347.0,17.377138945927445
2026-05-22,75824.23,20032854.27761313,1518975750302.2217,6348.0,17.37987679671458
2026-05-23,76685.06,20033366.77761292,1536259933343.2534,6349.0,17.38261464750171
2026-05-24,76775.73,20033776.15261272,1538107788773.4329,6350.0,17.385352498288842
2026-05-25,77122.36,20034291.77761258,1545091862818.0774,6351.0,17.388090349075977
2026-05-26,75867.67,20034726.15260875,1519987992286.4902,6352.0,17.39082819986311
2026-05-27,74171.78,20035163.6525421,1486043750700.349,6353.0,17.39356605065024
2026-05-28,73333.27,20035669.90247168,1469281190588.8296,6354.0,17.39630390143737
2026-05-29,73303.61,20036107.4023888,1468719002942.8218,6355.0,17.399041752224505
2026-05-30,73766.08,20036551.15234781,1478017835228.181,6356.0,17.401779603011637
2026-05-31,73844.88,20037001.1523178,1479629945652.7698,6357.0,17.404517453798768
2026-06-01,71338.33,20037423.02717851,1429436296262.4597,6358.0,17.4072553045859
2026-06-02,66853.7,20037766.77706787,1339598848784.0623,6359.0,17.409993155373034
2026-06-03,64751.85,20038104.27699146,1297504322428.1094,6360.0,17.412731006160165
2026-06-04,63257.25,20038548.02685009,1267583442171.463,6361.0,17.415468856947296
2026-06-05,61526.79,20038969.90174006,1232933492960.6814,6362.0,17.418206707734427
2026-06-06,60758.81,20039351.15171468,1217567129150.3132,6363.0,17.420944558521562
2026-06-07,63065.98,20039716.77668165,1263824377443.8694,6364.0,17.423682409308693
2026-06-08,63227.95,20040113.65053302,1267095303890.2192,6365.0,17.426420260095824
2026-06-09,61679.38,20040501.1504601,1236085685849.6658,6366.0,17.429158110882955
2026-06-10,61344.37,20040894.89908714,1229396071820.714,6367.0,17.43189596167009
2026-06-11,63259.61,20041316.76674345,1267805882550.6516,6368.0,17.43463381245722
2026-06-12,63328.99,20041776.13997128,1269225440750.4797,6369.0,17.437371663244353
2026-06-13,64483.5,20042163.63996518,1292388859077.6948,6370.0,17.440109514031484
2026-06-14,65365.32,20042619.88993958,1310092262744.2654,6371.0,17.44284736481862
2026-06-15,66095.44,20043088.63989031,1324756762612.5515,6372.0,17.44558521560575
2026-06-16,65449.5,20043594.88989026,1311843263745.8726,6373.0,17.44832306639288
2026-06-17,64464.53,20044007.38989023,1292127515705.8005,6374.0,17.451060917180012
2026-06-18,62818.8,20044523.01489016,1259172882367.782,6375.0,17.453798767967147
2026-06-19,63112.66,20044994.88988848,1265092947187.2693,6376.0,17.456536618754278
2026-06-20,64281.67,20045479.26488566,1288556883097.2227,6377.0,17.45927446954141
2026-06-21,63362.23,20045898.01488521,1270152800575.7002,6378.0,17.462012320328544
2026-06-22,63865.03,20046385.51488518,1280263012299.7075,6379.0,17.464750171115675
2026-06-23,62398.06,20046926.1396701,1250889300078.7031,6380.0,17.467488021902806
2026-06-24,60910.59,20047410.51467006,1221099602420.7568,6381.0,17.470225872689937
2026-06-25,59849.13,20047941.76466005,1199851872905.5686,6382.0,17.472963723477072
2026-06-26,59794.77,20048426.13963909,1198791029881.7073,6383.0,17.475701574264203
2026-06-27,60116.95,20048951.13963361,1205281793213.7966,6384.0,17.478439425051334
2026-06-28,59467.0,20049354.26461839,1192274950054.0618,6385.0,17.481177275838466
2026-06-29,60254.51,20049744.88961828,1208087553948.9536,6386.0,17.4839151266256
2026-06-30,58366.8,20050210.51461277,1170266627064.3008,6387.0,17.48665297741273
2026-07-01,60246.33,20050657.38961212,1207978521811.5103,6388.0,17.489390828199863
2026-07-02,61496.99,20051066.7645992,1233080252311.8894,6389.0,17.492128678986994
2026-07-03,62424.98,20051538.63948121,1251716898538.8418,6390.0,17.49486652977413
2026-07-04,63076.36,20052019.88948118,1264808425276.0752,6391.0,17.49760438056126
2026-07-05,63575.39,20052419.88934563,1274840414908.9053,6392.0,17.50034223134839
2026-07-06,63869.77,20052782.38934561,1280766599067.5544,6393.0,17.503080082135522
2026-07-07,63508.84,20053216.76091219,1273556534754.0906,6394.0,17.505817932922657
2026-07-08,62333.14,20053635.51089914,1250006069809.8477,6395.0,17.508555783709788
2026-07-09,63094.04,20054026.13588755,1265289527178.7344,6396.0,17.51129363449692
2026-07-10,63908.97,20054432.38588748,1281658117716.7114,6397.0,17.51403148528405
2026-07-11,63865.61,20054866.76088737,1280816299152.796,6398.0,17.516769336071185
2026-07-12,63819.99,20055316.76088731,1279930115126.6604,6399.0,17.519507186858316
2026-07-13,62157.15,20055776.1358873,1246609885644.7673,6400.0,17.522245037645447
2026-07-14,64594.36,20056257.38587634,1295521109835.955,6401.0,17.52498288843258
2026-07-15,64648.57,20056694.88585184,1296636643296.6348,6402.0,17.527720739219713
2026-07-16,63902.48,20057073.01084605,1281696706934.1294,6403.0,17.530458590006845
2026-07-17,63846.17,20057469.88583886,1280592632101.1484,6404.0,17.533196440793976
2026-07-18,64590.78,20057988.63582885,1295561131219.3213,6405.0,17.53593429158111
2026-07-19,64572.22,20058504.26071881,1295222149994.0725,6406.0,17.53867214236824
2026-07-20,65260.24,20058960.51071372,1309052577079.6997,6407.0,17.541409993155373
2026-07-21,66154.98,20059391.76069777,1327028660741.1257,6408.0,17.544147843942504
2026-07-22,66037.6,20059751.13567675,1324697821597.367,6409.0,17.54688569472964
2026-07-23,65248.23,20060163.6356458,1308890170736.2534,6410.0,17.54962354551677
2026-07-24,63939.7,20060644.8855907,1282671615791.2036,6411.0,17.5523613963039
2026-07-25,64400.22,20061076.13557864,1291937716568.0142,6412.0,17.555099247091032
2026-07-26,65296.7,20061532.38557611,1309951861721.2476,6413.0,17.557837097878167
2026-07-27,63932.13,20061963.63557609,1282604067204.9233,6414.0,17.560574948665298
2026-07-28,63765.92,20062360.51057517,1279294875328.4956,6415.0,17.56331279945243
2026-07-29,63856.58,20062807.3855751,1281142264841.5674,6416.0,17.56605065023956
2026-07-30,64626.28,20063285.51057501,1296615507126.3635,6417.0,17.568788501026695
2026-07-31,63009.37,20063776.13557344,1264205894123.517,6418.0,17.571526351813826
2026-08-01,62583.8,20064288.63557341,1255699427110.9993,6419.0,17.574264202600958
2026-08-02,63193.43,20064738.63557193,1267959656435.3103,6420.0,17.57700205338809
2026-08-03,63456.08,20065207.38544797,1273259405067.5774,6421.0,17.579739904175224
2026-08-04,64022.83,20065648.01033705,1284659571405.6472,6422.0,17.582477754962355
2026-08-05,64573.41,20066091.76032704,1295735970337.2197,6423.0,17.585215605749486
2026-08-06,64230.79,20066491.76030308,1288886618292.7576,6424.0,17.587953456536617
2026-08-07,64685.74,20066985.51030302,1298047807303.2285,6425.0,17.590691307323752
2026-08-08,64662.45,20067432.38530297,1297609343243.034,6426.0,17.593429158110883
2026-08-09,64785.0,20067879.26030294,1300097557878.7258,6427.0,17.596167008898014
2026-08-10,63848.38,20068313.63530288,1281329314945.9995,6428.0,17.598904859685145
2026-08-11,63690.28,20068716.76030277,1278182189704.3762,6429.0,17.60164271047228
2026-08-12,63208.3,20069157.38482767,1268537320727.4028,6430.0,17.60438056125941
2026-08-13,63283.51,20069613.63482763,1270075595155.7507,6431.0,17.607118412046542
2026-08-14,62953.07,20070079.25981754,1263473104548.8418,6432.0,17.609856262833677
2026-08-15,63052.88,20070532.38479752,1265504869994.752,6433.0,17.61259411362081
2026-08-16,62812.01,20071035.50979503,1260702083151.6006,6434.0,17.61533196440794
2026-08-17,64439.34,20071529.25979494,1293396098291.8743,6435.0,17.61806981519507
2026-08-18,64572.95,20071994.88479492,1296107922096.1182,6436.0,17.620807665982205
2026-08-19,69216.29,20072379.25979491,1389335623835.9497,6437.0,17.623545516769337
2026-08-20,72603.77,20072776.13477268,1457359221750.525,6438.0,17.626283367556468
2026-08-21,78456.69,20073204.25977265,1574877163915.6624,6439.0,17.6290212183436
2026-08-22,76838.23,20073666.75973258,1542425023427.6868,6440.0,17.631759069130734
2026-08-23,77625.38,20074091.75972614,1558259001003.6104,6441.0,17.634496919917865
2026-08-24,78662.62,20074535.50962591,1579115558470.2092,6442.0,17.637234770704996
2026-08-25,78581.06,20074979.25952588,1577513149691.5588,6443.0,17.639972621492127
2026-08-26,78547.73,20075454.25942254,1576881360796.4717,6444.0,17.642710472279262
2026-08-27,80272.57,20075910.50931535,1611544931672.7522,6445.0,17.645448323066393
2026-08-28,77606.01,20076323.00910514,1558043324207.8433,6446.0,17.648186173853524
2026-08-29,78290.81,20076779.25907684,1571827310384.3257,6447.0,17.650924024640656
2026-08-30,78493.48,20077288.63398649,1575936253846.046,6448.0,17.65366187542779
2026-08-31,78543.99,20077763.63387522,1576987666081.4592,6449.0,17.65639972621492
2026-09-01,77225.02,20078207.38377115,1550539966775.875,6450.0,17.659137577002053
2026-09-02,76882.88,20078635.50863045,1543703324373.774,6451.0,17.661875427789184
2026-09-03,81260.99,20079135.50848922,1631650429763.9875,6452.0,17.66461327857632
2026-09-04,79475.3,20079582.38335779,1595830833792.0754,6453.0,17.66735112936345
2026-09-05,79582.73,20080044.88323379,1598024790330.2761,6454.0,17.67008898015058
2026-09-06,80259.15,20080560.50792532,1611648717889.6543,6455.0,17.672826830937716
2026-09-07,79159.83,20080994.88285147,1589608141157.3923,6456.0,17.675564681724847
2026-09-08,78533.44,20081410.50753455,1577062247208.834,6457.0,17.678302532511978
2026-09-09,77991.03,20081913.63225439,1566209128550.561,6458.0,17.68104038329911
2026-09-10,76779.86,20082332.38197168,1541918668761.2522,6459.0,17.683778234086244
2026-09-11,76888.74,20082835.50603028,1544143917685.9307,6460.0,17.686516084873375
2026-09-12,77279.34,20083326.13054115,1552026188372.9739,6461.0,17.689253935660506
2026-09-13,76769.03,20083798.00513638,1541813691570.2551,6462.0,17.691991786447637
2026-09-14,78519.3,20084266.754887,1577002566606.9988,6463.0,17.694729637234772
2026-09-15,75785.6,20084776.12966317,1522136809852.2012,6464.0,17.697467488021903
2026-09-16,75839.85,20085201.12950535,1523258640881.5166,6465.0,17.700205338809035
2026-09-17,76435.43,20085648.00430574,1535255142037.751,6466.0,17.702943189596166
2026-09-18,81089.62,20086123.0041951,1628776081683.4392,6467.0,17.7056810403833
2026-09-19,81270.08,20086519.87916763,1632433077501.5437,6468.0,17.70841889117043
2026-09-20,81244.29,20087001.12912478,1631954144964.941,6469.0,17.711156741957563
2026-09-21,86200.24,20087466.75395555,1731544455182.9895,6470.0,17.713894592744694
2026-09-22,86137.29,20087901.12894523,1730317365035.2827,6471.0,17.71663244353183
2026-09-23,84271.28,20088304.25353666,1692867112474.9788,6472.0,17.71937029431896
2026-09-24,84176.45,20088741.75290283,1690998965726.1372,6473.0,17.72210814510609
2026-09-25,84074.17,20089160.50229689,1688979495227.3943,6474.0,17.724845995893222
2026-09-26,84146.38,20089641.75225668,1690470628949.2566,6475.0,17.727583846680357
2026-09-27,84221.15,20090098.00209116,1692011157348.8196,6476.0,17.730321697467488
2026-09-28,83280.28,20090613.62686638,1673151928217.2478,6477.0,17.73305954825462
2026-09-29,83550.41,20091110.50184456,1678620519784.4187,6478.0,17.73579739904175
2026-09-30,83346.51,20091551.1266642,1674560666894.0288,6479.0,17.738535249828885
