date,price_close,supply
2009-01-03,0.0,0.0
2009-01-04,,
2009-01-05,,
2009-01-06,,
2009-01-07,,
2009-01-08,,
2009-01-09,0.0,700.0
2009-01-10,0.0,3750.0
2009-01-11,0.0,8400.0
2009-01-12,0.0,13100.0
2009-01-13,0.0,19250.0
2009-01-14,0.0,25700.0
2009-01-15,0.0,32000.0
2009-01-16,0.0,37400.0
2009-01-17,0.0,42850.0
2009-01-18,0.0,48200.0
2009-01-19,0.0,53950.0
2009-01-20,0.0,59650.0
2009-01-21,0.0,64750.0
2009-01-22,0.0,69300.0
2009-01-23,0.0,73500.0
2009-01-24,0.0,83550.0
2009-01-25,0.0,93100.0
2009-01-26,0.0,97900.0
2009-01-27,0.0,102750.0
2009-01-28,0.0,108350.0
2009-01-29,0.0,114400.0
2009-01-30,0.0,120250.0
2009-01-31,0.0,127150.0
2009-02-01,0.0,132800.0
2009-02-02,0.0,139200.0
2009-02-03,0.0,146150.0
2009-02-04,0.0,152100.0
2009-02-05,0.0,158400.0
2009-02-06,0.0,164500.0
2009-02-07,0.0,170950.0
2009-02-08,0.0,177550.0
2009-02-09,0.0,184250.0
2009-02-10,0.0,190250.0
2009-02-11,0.0,196900.0
2009-02-12,0.0,202850.0
2009-02-13,0.0,209050.0
2009-02-14,0.0,215850.0
2009-02-15,0.0,222250.0
2009-02-16,0.0,228350.0
2009-02-17,0.0,234200.0
2009-02-18,0.0,240100.0
2009-02-19,0.0,246300.0
2009-02-20,0.0,252400.0
2009-02-21,0.0,258100.0
2009-02-22,0.0,264150.0
2009-02-23,0.0,269550.0
2009-02-24,0.0,274850.0
2009-02-25,0.0,280100.0
2009-02-26,0.0,285450.0
2009-02-27,0.0,291200.0
2009-02-28,0.0,296150.0
2009-03-01,0.0,301400.0
2009-03-02,0.0,306800.0
2009-03-03,0.0,312050.0
2009-03-04,0.0,317250.0
2009-03-05,0.0,322850.0
2009-03-06,0.0,328700.0
2009-03-07,0.0,334150.0
2009-03-08,0.0,339900.0
2009-03-09,0.0,345300.0
2009-03-10,0.0,350650.0
2009-03-11,0.0,356350.0
2009-03-12,0.0,362250.0
2009-03-13,0.0,367900.0
2009-03-14,0.0,373400.0
2009-03-15,0.0,379550.0
2009-03-16,0.0,385600.0
2009-03-17,0.0,391300.0
2009-03-18,0.0,397000.0
2009-03-19,0.0,403100.0
2009-03-20,0.0,409000.0
2009-03-21,0.0,411500.0
2009-03-22,0.0,417450.0
2009-03-23,0.0,423950.0
2009-03-24,0.0,429200.0
2009-03-25,0.0,435050.0
2009-03-26,0.0,440900.0
2009-03-27,0.0,446200.0
2009-03-28,0.0,452150.0
2009-03-29,0.0,457950.0
2009-03-30,0.0,463950.0
2009-03-31,0.0,469450.0
2009-04-01,0.0,475150.0
2009-04-02,0.0,480900.0
2009-04-03,0.0,486700.0
2009-04-04,0.0,492350.0
2009-04-05,0.0,498850.0
2009-04-06,0.0,504300.0
2009-04-07,0.0,509300.0
2009-04-08,0.0,514550.0
2009-04-09,0.0,519500.0
2009-04-10,0.0,524900.0
2009-04-11,0.0,530900.0
2009-04-12,0.0,536800.0
2009-04-13,0.0,542550.0
2009-04-14,0.0,548750.0
2009-04-15,0.0,554400.0
2009-04-16,0.0,560550.0
2009-04-17,0.0,566150.0
2009-04-18,0.0,572450.0
2009-04-19,0.0,578400.0
2009-04-20,0.0,584350.0
2009-04-21,0.0,590500.0
2009-04-22,0.0,596550.0
2009-04-23,0.0,600300.0
2009-04-24,0.0,606050.0
2009-04-25,0.0,611950.0
2009-04-26,0.0,617550.0
2009-04-27,0.0,622750.0
2009-04-28,0.0,628600.0
2009-04-29,0.0,635000.0
2009-04-30,0.0,641550.0
2009-05-01,0.0,647600.0
2009-05-02,0.0,653900.0
2009-05-03,0.0,659200.0
2009-05-04,0.0,665600.0
2009-05-05,0.0,672350.0
2009-05-06,0.0,679100.0
2009-05-07,0.0,685200.0
2009-05-08,0.0,690550.0
2009-05-09,0.0,694450.0
2009-05-10,0.0,698700.0
2009-05-11,0.0,704700.0
2009-05-12,0.0,711200.0
2009-05-13,0.0,716750.0
2009-05-14,0.0,723700.0
2009-05-15,0.0,730500.0
2009-05-16,0.0,736450.0
2009-05-17,0.0,742800.0
2009-05-18,0.0,748700.0
2009-05-19,0.0,753000.0
2009-05-20,0.0,759000.0
2009-05-21,0.0,763100.0
2009-05-22,0.0,766150.0
2009-05-23,0.0,767750.0
2009-05-24,0.0,772750.0
2009-05-25,0.0,778200.0
2009-05-26,0.0,784450.0
2009-05-27,0.0,790400.0
2009-05-28,0.0,795150.0
2009-05-29,0.0,800450.0
2009-05-30,0.0,805900.0
2009-05-31,0.0,810700.0
2009-06-01,0.0,814250.0
2009-06-02,0.0,819800.0
2009-06-03,0.0,823350.0
2009-06-04,0.0,826650.0
2009-06-05,0.0,828150.0
2009-06-06,0.0,829550.0
2009-06-07,0.0,830350.0
2009-06-08,0.0,834450.0
2009-06-09,0.0,839000.0
2009-06-10,0.0,843100.0
2009-06-11,0.0,847550.0
2009-06-12,0.0,851850.0
2009-06-13,0.0,855750.0
2009-06-14,0.0,859350.0
2009-06-15,0.0,863550.0
2009-06-16,0.0,867100.0
2009-06-17,0.0,871050.0
2009-06-18,0.0,875050.0
2009-06-19,0.0,879400.0
2009-06-20,0.0,883300.0
2009-06-21,0.0,887350.0
2009-06-22,0.0,891150.0
2009-06-23,0.0,894950.0
2009-06-24,0.0,899700.0
2009-06-25,0.0,903100.0
2009-06-26,0.0,907600.0
2009-06-27,0.0,911800.0
2009-06-28,0.0,914100.0
2009-06-29,0.0,918250.0
2009-06-30,0.0,922500.0
2009-07-01,0.0,926200.0
2009-07-02,0.0,930350.0
2009-07-03,0.0,934450.0
2009-07-04,0.0,938900.0
2009-07-05,0.0,942850.0
2009-07-06,0.0,947050.0
2009-07-07,0.0,950500.0
2009-07-08,0.0,954200.0
2009-07-09,0.0,958500.0
2009-07-10,0.0,962550.0
2009-07-11,0.0,966700.0
2009-07-12,0.0,970550.0
2009-07-13,0.0,974450.0
2009-07-14,0.0,977900.0
2009-07-15,0.0,980150.0
2009-07-16,0.0,983700.0
2009-07-17,0.0,986050.0
2009-07-18,0.0,986250.0
2009-07-19,0.0,989750.0
2009-07-20,0.0,993250.0
2009-07-21,0.0,997350.0
2009-07-22,0.0,1000350.0
2009-07-23,0.0,1004150.0
2009-07-24,0.0,1007800.0
2009-07-25,0.0,1009400.0
2009-07-26,0.0,1010450.0
2009-07-27,0.0,1014150.0
2009-07-28,0.0,1016200.0
2009-07-29,0.0,1017150.0
2009-07-30,0.0,1017900.0
2009-07-31,0.0,1018750.0
2009-08-01,0.0,1020150.0
2009-08-02,0.0,1021300.0
2009-08-03,0.0,1021900.0
2009-08-04,0.0,1025950.0
2009-08-05,0.0,1030300.0
2009-08-06,0.0,1034800.0
2009-08-07,0.0,1038800.0
2009-08-08,0.0,1042800.0
2009-08-09,0.0,1047850.0
2009-08-10,0.0,1051600.0
2009-08-11,0.0,1055100.0
2009-08-12,0.0,1058250.0
2009-08-13,0.0,1062500.0
2009-08-14,0.0,1065650.0
2009-08-15,0.0,1066950.0
2009-08-16,0.0,1067900.0
2009-08-17,0.0,1068750.0
2009-08-18,0.0,1069250.0
2009-08-19,0.0,1070150.0
2009-08-20,0.0,1071250.0
2009-08-21,0.0,1071950.0
2009-08-22,0.0,1072300.0
2009-08-23,0.0,1073050.0
2009-08-24,0.0,1073800.0
2009-08-25,0.0,1076300.0
2009-08-26,0.0,1078700.0
2009-08-27,0.0,1080150.0
2009-08-28,0.0,1083900.0
2009-08-29,0.0,1087800.0
2009-08-30,0.0,1092650.0
2009-08-31,0.0,1096950.0
2009-09-01,0.0,1100850.0
2009-09-02,0.0,1104150.0
2009-09-03,0.0,1107200.0
2009-09-04,0.0,1110400.0
2009-09-05,0.0,1114200.0
2009-09-06,0.0,1117600.0
2009-09-07,0.0,1121500.0
2009-09-08,0.0,1124950.0
2009-09-09,0.0,1127650.0
2009-09-10,0.0,1131000.0
2009-09-11,0.0,1134350.0
2009-09-12,0.0,1137800.0
2009-09-13,0.0,1141550.0
2009-09-14,0.0,1145250.0
2009-09-15,0.0,1147450.0
2009-09-16,0.0,1151050.0
2009-09-17,0.0,1155250.0
2009-09-18,0.0,1159150.0
2009-09-19,0.0,1162850.0
2009-09-20,0.0,1166750.0
2009-09-21,0.0,1170200.0
2009-09-22,0.0,1171450.0
2009-09-23,0.0,1173250.0
2009-09-24,0.0,1178100.0
2009-09-25,0.0,1182650.0
2009-09-26,0.0,1187650.0
2009-09-27,0.0,1192000.0
2009-09-28,0.0,1196250.0
2009-09-29,0.0,1200650.0
2009-09-30,0.0,1204900.0
2009-10-01,0.0,1209000.0
2009-10-02,0.0,1212600.0
2009-10-03,0.0,1215500.0
2009-10-04,0.0,1218150.0
2009-10-05,0.0,1220900.0
2009-10-06,0.0,1223050.0
2009-10-07,0.0,1226050.0
2009-10-08,0.0,1229550.0
2009-10-09,0.0,1233400.0
2009-10-10,0.0,1237350.0
2009-10-11,0.0,1241050.0
2009-10-12,0.0,1243950.0
2009-10-13,0.0,1246800.0
2009-10-14,0.0,1250250.0
2009-10-15,0.0,1253800.0
2009-10-16,0.0,1256800.0
2009-10-17,0.0,1259650.0
2009-10-18,0.0,1263350.0
2009-10-19,0.0,1268950.0
2009-10-20,0.0,1273700.0
2009-10-21,0.0,1277700.0
2009-10-22,0.0,1282200.0
2009-10-23,0.0,1286650.0
2009-10-24,0.0,1289750.0
2009-10-25,0.0,1293550.0
2009-10-26,0.0,1297100.0
2009-10-27,0.0,1300300.0
2009-10-28,0.0,1303600.0
2009-10-29,0.0,1305900.0
2009-10-30,0.0,1308900.0
2009-10-31,0.0,1311200.0
2009-11-01,0.0,1312450.0
2009-11-02,0.0,1314100.0
2009-11-03,0.0,1317200.0
2009-11-04,0.0,1320350.0
2009-11-05,0.0,1323200.0
2009-11-06,0.0,1326300.0
2009-11-07,0.0,1329750.0
2009-11-08,0.0,1333400.0
2009-11-09,0.0,1336600.0
2009-11-10,0.0,1340500.0
2009-11-11,0.0,1343700.0
2009-11-12,0.0,1347000.0
2009-11-13,0.0,1351000.0
2009-11-14,0.0,1354950.0
2009-11-15,0.0,1359750.0
2009-11-16,0.0,1364600.0
2009-11-17,0.0,1369200.0
2009-11-18,0.0,1373150.0
2009-11-19,0.0,1376650.0
2009-11-20,0.0,1380950.0
2009-11-21,0.0,1384600.0
2009-11-22,0.0,1389900.0
2009-11-23,0.0,1394700.0
2009-11-24,0.0,1399350.0
2009-11-25,0.0,1403850.0
2009-11-26,0.0,1408050.0
2009-11-27,0.0,1411750.0
2009-11-28,0.0,1415300.0
2009-11-29,0.0,1418300.0
2009-11-30,0.0,1422050.0
2009-12-01,0.0,1425700.0
2009-12-02,0.0,1430400.0
2009-12-03,0.0,1434800.0
2009-12-04,0.0,1436600.0
2009-12-05,0.0,1439800.0
2009-12-06,0.0,1444950.0
2009-12-07,0.0,1450550.0
2009-12-08,0.0,1455800.0
2009-12-09,0.0,1460600.0
2009-12-10,0.0,1465800.0
2009-12-11,0.0,1471400.0
2009-12-12,0.0,1476900.0
2009-12-13,0.0,1482600.0
2009-12-14,0.0,1487700.0
2009-12-15,0.0,1493200.0
2009-12-16,0.0,1500000.0
2009-12-17,0.0,1508450.0
2009-12-18,0.0,1519700.0
2009-12-19,0.0,1529600.0
2009-12-20,0.0,1538350.0
2009-12-21,0.0,1547100.0
2009-12-22,0.0,1555200.0
2009-12-23,0.0,1562900.0
2009-12-24,0.0,1570600.0
2009-12-25,0.0,1578050.0
2009-12-26,0.0,1586750.0
2009-12-27,0.0,1595100.0
2009-12-28,0.0,1601950.0
2009-12-29,0.0,1610500.0
2009-12-30,0.0,1617550.0
2009-12-31,0.0,1624450.0
2010-01-01,0.0,1631000.0
2010-01-02,0.0,1637350.0
2010-01-03,0.0,1646650.0
2010-01-04,0.0,1655700.0
2010-01-05,0.0,1665600.0
2010-01-06,0.0,1673750.0
2010-01-07,0.0,1681450.0
2010-01-08,0.0,1689100.0
2010-01-09,0.0,1696650.0
2010-01-10,0.0,1706150.0
2010-01-11,0.0,1714100.0
2010-01-12,0.0,1722050.0
2010-01-13,0.0,1730250.0
2010-01-14,0.0,1737400.0
2010-01-15,0.0,1744450.0
2010-01-16,0.0,1750700.0
2010-01-17,0.0,1757250.0
2010-01-18,0.0,1763500.0
2010-01-19,0.0,1769700.0
2010-01-20,0.0,1777600.0
2010-01-21,0.0,1786350.0
2010-01-22,0.0,1793000.0
2010-01-23,0.0,1801000.0
2010-01-24,0.0,1808700.0
2010-01-25,0.0,1819250.0
2010-01-26,0.0,1829000.0
2010-01-27,0.0,1837200.0
2010-01-28,0.0,1846050.0
2010-01-29,0.0,1855900.0
2010-01-30,0.0,1866400.0
2010-01-31,0.0,1874650.0
2010-02-01,0.0,1883850.0
2010-02-02,0.0,1891100.0
2010-02-03,0.0,1904600.0
2010-02-04,0.0,1916050.0
2010-02-05,0.0,1927200.0
2010-02-06,0.0,1936800.0
2010-02-07,0.0,1947650.0
2010-02-08,0.0,1957650.0
2010-02-09,0.0,1968000.0
2010-02-10,0.0,1976400.0
2010-02-11,0.0,1984850.0
2010-02-12,0.0,1994000.0
2010-02-13,0.0,2005600.0
2010-02-14,0.0,2016000.0
2010-02-15,0.0,2024800.0
2010-02-16,0.0,2034550.0
2010-02-17,0.0,2046500.0
2010-02-18,0.0,2056900.0
2010-02-19,0.0,2066500.0
2010-02-20,0.0,2076900.0
2010-02-21,0.0,2088050.0
2010-02-22,0.0,2101050.0
2010-02-23,0.0,2113550.0
2010-02-24,0.0,2122100.0
2010-02-25,0.0,2129800.0
2010-02-26,0.0,2138400.0
2010-02-27,0.0,2147000.0
2010-02-28,0.0,2154800.0
2010-03-01,0.0,2164550.0
2010-03-02,0.0,2173950.0
2010-03-03,0.0,2181550.0
2010-03-04,0.0,2190800.0
2010-03-05,0.0,2199350.0
2010-03-06,0.0,2208200.0
2010-03-07,0.0,2217150.0
2010-03-08,0.0,2223400.0
2010-03-09,0.0,2230700.0
2010-03-10,0.0,2238800.0
2010-03-11,0.0,2245450.0
2010-03-12,0.0,2251500.0
2010-03-13,0.0,2259150.0
2010-03-14,0.0,2265400.0
2010-03-15,0.0,2272150.0
2010-03-16,0.0,2278450.0
2010-03-17,0.0,2285250.0
2010-03-18,0.0,2292250.0
2010-03-19,0.0,2299900.0
2010-03-20,0.0,2309500.0
2010-03-21,0.0,2318650.0
2010-03-22,0.0,2327600.0
2010-03-23,0.0,2337950.0
2010-03-24,0.0,2346500.0
2010-03-25,0.0,2355850.0
2010-03-26,0.0,2365700.0
2010-03-27,0.0,2374600.0
2010-03-28,0.0,2383900.0
2010-03-29,0.0,2393650.0
2010-03-30,0.0,2404400.0
2010-03-31,0.0,2414850.0
2010-04-01,0.0,2423250.0
2010-04-02,0.0,2431050.0
2010-04-03,0.0,2439100.0
2010-04-04,0.0,2447650.0
2010-04-05,0.0,2455300.0
2010-04-06,0.0,2463250.0
2010-04-07,0.0,2472900.0
2010-04-08,0.0,2482050.0
2010-04-09,0.0,2491500.0
2010-04-10,0.0,2504500.0
2010-04-11,0.0,2515650.0
2010-04-12,0.0,2525800.0
2010-04-13,0.0,2535250.0
2010-04-14,0.0,2544250.0
2010-04-15,0.0,2555050.0
2010-04-16,0.0,2565150.0
2010-04-17,0.0,2576200.0
2010-04-18,0.0,2588450.0
2010-04-19,0.0,2600050.0
2010-04-20,0.0,2610300.0
2010-04-21,0.0,2621250.0
2010-04-22,0.0,2629200.0
2010-04-23,0.0,2636700.0
2010-04-24,0.0,2645100.0
2010-04-25,0.0,2653000.0
2010-04-26,0.0,2661200.0
2010-04-27,0.0,2670200.0
2010-04-28,0.0,2679200.0
2010-04-29,0.0,2686550.0
2010-04-30,0.0,2693750.0
2010-05-01,0.0,2702900.0
2010-05-02,0.0,2710650.0
2010-05-03,0.0,2718600.0
2010-05-04,0.0,2725400.0
2010-05-05,0.0,2732250.0
2010-05-06,0.0,2739700.0
2010-05-07,0.0,2746300.0
2010-05-08,0.0,2754000.0
2010-05-09,0.0,2761150.0
2010-05-10,0.0,2767550.0
2010-05-11,0.0,2773100.0
2010-05-12,0.0,2779450.0
2010-05-13,0.0,2785850.0
2010-05-14,0.0,2792000.0
2010-05-15,0.0,2796550.0
2010-05-16,0.0,2802200.0
2010-05-17,0.0,2809350.0
2010-05-18,0.0,2817750.0
2010-05-19,0.0,2825950.0
2010-05-20,0.0,2836100.0
2010-05-21,0.0,2844900.0
2010-05-22,0.0,2854650.0
2010-05-23,0.0,2865200.0
2010-05-24,0.0,2874600.0
2010-05-25,0.0,2885100.0
2010-05-26,0.0,2896250.0
2010-05-27,0.0,2905850.0
2010-05-28,0.0,2917000.0
2010-05-29,0.0,2926200.0
2010-05-30,0.0,2933650.0
2010-05-31,0.0,2940750.0
2010-06-01,0.0,2947500.0
2010-06-02,0.0,2954850.0
2010-06-03,0.0,2962450.0
2010-06-04,0.0,2968700.0
2010-06-05,0.0,2975950.0
2010-06-06,0.0,2983350.0
2010-06-07,0.0,2991200.0
2010-06-08,0.0,2999200.0
2010-06-09,0.0,3007600.0
2010-06-10,0.0,3015600.0
2010-06-11,0.0,3024000.0
2010-06-12,0.0,3030750.0
2010-06-13,0.0,3039300.0
2010-06-14,0.0,3047400.0
2010-06-15,0.0,3056600.0
2010-06-16,0.0,3063700.0
2010-06-17,0.0,3071000.0
2010-06-18,0.0,3078500.0
2010-06-19,0.0,3086000.0
2010-06-20,0.0,3095250.0
2010-06-21,0.0,3102950.0
2010-06-22,0.0,3110750.0
2010-06-23,0.0,3120100.0
2010-06-24,0.0,3128550.0
2010-06-25,0.0,3136050.0
2010-06-26,0.0,3144000.0
2010-06-27,0.0,3152900.0
2010-06-28,0.0,3160500.0
2010-06-29,0.0,3168950.0
2010-06-30,0.0,3178050.0
2010-07-01,0.0,3188550.0
2010-07-02,0.0,3196950.0
2010-07-03,0.0,3207550.0
2010-07-04,0.0,3215850.0
2010-07-05,0.0,3224750.0
2010-07-06,0.0,3233250.0
2010-07-07,0.0,3241050.0
2010-07-08,0.0,3248600.0
2010-07-09,0.0,3258550.0
2010-07-10,0.0,3268450.0
2010-07-11,0.0,3277400.0
2010-07-12,0.0,3310350.0
2010-07-13,0.0,3344950.0
2010-07-14,0.0,3373850.0
2010-07-15,0.0,3405000.0
2010-07-16,0.0,3430300.0
2010-07-17,0.0,3438950.0
2010-07-18,0.0,3447550.0
2010-07-19,0.0,3456250.0
2010-07-20,0.0,3465300.0
2010-07-21,0.0,3475650.0
2010-07-22,0.0,3484450.0
2010-07-23,0.0,3494150.0
2010-07-24,0.0,3503600.0
2010-07-25,0.0,3515150.0
2010-07-26,0.0,3527300.0
2010-07-27,0.0,3535600.0
2010-07-28,0.0,3543550.0
2010-07-29,0.0,3552550.0
2010-07-30,0.0,3561650.0
2010-07-31,0.0,3571800.0
2010-08-01,0.0,3583750.0
2010-08-02,0.0,3595850.0
2010-08-03,0.0,3607200.0
2010-08-04,0.0,3619350.0
2010-08-05,0.0,3630250.0
2010-08-06,0.0,3637600.0
2010-08-07,0.0,3645350.0
2010-08-08,0.0,3655300.0
2010-08-09,0.0,3664800.0
2010-08-10,0.0,3674350.0
2010-08-11,0.0,3686000.0
2010-08-12,0.0,3696850.0
2010-08-13,0.0,3707600.0
2010-08-14,0.0,3721650.0
2010-08-15,0.0,3732000.0
2010-08-16,0.06,3739350.0
2010-08-17,0.07,3745800.0
2010-08-18,0.07,3752450.0
2010-08-19,0.07,3759200.0
2010-08-20,0.07,3768850.0
2010-08-21,0.07,3777500.0
2010-08-22,0.06,3788100.0
2010-08-23,0.07,3798750.0
2010-08-24,0.07,3809500.0
2010-08-25,0.07,3820300.0
2010-08-26,0.07,3830800.0
2010-08-27,0.06,3839350.0
2010-08-28,0.06,3847850.0
2010-08-29,0.06,3855950.0
2010-08-30,0.06,3863400.0
2010-08-31,0.06,3872600.0
2010-09-01,0.06,3880450.0
2010-09-02,0.06,3888250.0
2010-09-03,0.06,3896450.0
2010-09-04,0.06,3905500.0
2010-09-05,0.06,3913750.0
2010-09-06,0.06,3921650.0
2010-09-07,0.06,3929650.0
2010-09-08,0.06,3937900.0
2010-09-09,0.06,3944650.0
2010-09-10,0.06,3953500.0
2010-09-11,0.06,3961500.0
2010-09-12,0.06,3970350.0
2010-09-13,0.06,3978900.0
2010-09-14,0.06,3989050.0
2010-09-15,0.06,3997500.0
2010-09-16,0.06,4008450.0
2010-09-17,0.06,4018850.0
2010-09-18,0.06,4030700.0
2010-09-19,0.06,4041150.0
2010-09-20,0.06,4051300.0
2010-09-21,0.06,4059900.0
2010-09-22,0.06,4068600.0
2010-09-23,0.06,4080300.0
2010-09-24,0.06,4091700.0
2010-09-25,0.06,4102050.0
2010-09-26,0.06,4112300.0
2010-09-27,0.06,4123750.0
2010-09-28,0.06,4134350.0
2010-09-29,0.06,4142550.0
2010-09-30,0.06,4149850.0
2010-10-01,0.06,4157550.0
2010-10-02,0.06,4162550.0
2010-10-03,0.06,4168650.0
2010-10-04,0.06,4176300.0
2010-10-05,0.06,4182600.0
2010-10-06,0.06,4191150.0
2010-10-07,0.06,4199150.0
2010-10-08,0.08,4206850.0
2010-10-09,0.09,4214750.0
2010-10-10,0.1,4223650.0
2010-10-11,0.1,4231600.0
2010-10-12,0.09,4239350.0
2010-10-13,0.1,4248150.0
2010-10-14,0.1,4258400.0
2010-10-15,0.1,4267250.0
2010-10-16,0.1,4280150.0
2010-10-17,0.1,4293650.0
2010-10-18,0.1,4306100.0
2010-10-19,0.1,4318900.0
2010-10-20,0.1,4332100.0
2010-10-21,0.1,4341400.0
2010-10-22,0.11,4349100.0
2010-10-23,0.11,4357850.0
2010-10-24,0.11,4368100.0
2010-10-25,0.15,4378250.0
2010-10-26,0.16,4390300.0
2010-10-27,0.18,4400950.0
2010-10-28,0.19,4411900.0
2010-10-29,0.19,4423050.0
2010-10-30,0.19,4435650.0
2010-10-31,0.19,4444600.0
2010-11-01,0.19,4453450.0
2010-11-02,0.19,4462250.0
2010-11-03,0.19,4471750.0
2010-11-04,0.21,4481800.0
2010-11-05,0.24,4492750.0
2010-11-06,0.29,4503650.0
2010-11-07,0.36,4515700.0
2010-11-08,0.32,4529450.0
2010-11-09,0.27,4540300.0
2010-11-10,0.2,4550450.0
2010-11-11,0.22,4561400.0
2010-11-12,0.26,4569850.0
2010-11-13,0.29,4581000.0
2010-11-14,0.28,4593750.0
2010-11-15,0.27,4603700.0
2010-11-16,0.25,4613550.0
2010-11-17,0.26,4625900.0
2010-11-18,0.27,4638750.0
2010-11-19,0.27,4646250.0
2010-11-20,0.28,4652050.0
2010-11-21,0.28,4659050.0
2010-11-22,0.28,4667200.0
2010-11-23,0.28,4674200.0
2010-11-24,0.28,4683050.0
2010-11-25,0.28,4692100.0
2010-11-26,0.28,4701800.0
2010-11-27,0.28,4710800.0
2010-11-28,0.28,4719400.0
2010-11-29,0.25,4729850.0
2010-11-30,0.21,4739950.0
2010-12-01,0.21,4749350.0
2010-12-02,0.24,4758750.0
2010-12-03,0.25,4768200.0
2010-12-04,0.23,4779650.0
2010-12-05,0.21,4791600.0
2010-12-06,0.2,4803650.0
2010-12-07,0.22,4815600.0
2010-12-08,0.23,4827500.0
2010-12-09,0.21,4838650.0
2010-12-10,0.19,4846000.0
2010-12-11,0.22,4854750.0
2010-12-12,0.21,4863300.0
2010-12-13,0.22,4870350.0
2010-12-14,0.23,4878750.0
2010-12-15,0.24,4888700.0
2010-12-16,0.25,4897350.0
2010-12-17,0.25,4905650.0
2010-12-18,0.25,4913700.0
2010-12-19,0.24,4922900.0
2010-12-20,0.26,4930850.0
2010-12-21,0.25,4940200.0
2010-12-22,0.25,4948500.0
2010-12-23,0.25,4955750.0
2010-12-24,0.25,4963150.0
2010-12-25,0.25,4971550.0
2010-12-26,0.25,4978800.0
2010-12-27,0.26,4987100.0
2010-12-28,0.27,4995550.0
2010-12-29,0.29,5003800.0
2010-12-30,0.3,5012250.0
2010-12-31,0.29,5020350.0
2011-01-01,0.3,5029400.0
2011-01-02,0.3,5038150.0
2011-01-03,0.3,5045950.0
2011-01-04,0.29,5053000.0
2011-01-05,0.3,5060700.0
2011-01-06,0.3,5067750.0
2011-01-07,0.31,5075950.0
2011-01-08,0.31,5084450.0
2011-01-09,0.32,5092600.0
2011-01-10,0.32,5100700.0
2011-01-11,0.32,5109300.0
2011-01-12,0.34,5117650.0
2011-01-13,0.36,5127050.0
2011-01-14,0.39,5136100.0
2011-01-15,0.39,5143950.0
2011-01-16,0.39,5152650.0
2011-01-17,0.35,5161700.0
2011-01-18,0.32,5168750.0
2011-01-19,0.31,5177200.0
2011-01-20,0.35,5186500.0
2011-01-21,0.4,5195200.0
2011-01-22,0.43,5203450.0
2011-01-23,0.44,5211950.0
2011-01-24,0.41,5221350.0
2011-01-25,0.42,5229150.0
2011-01-26,0.41,5238150.0
2011-01-27,0.44,5246150.0
2011-01-28,0.43,5254050.0
2011-01-29,0.44,5262100.0
2011-01-30,0.46,5269900.0
2011-01-31,0.51,5278400.0
2011-02-01,0.74,5286600.0
2011-02-02,0.73,5294500.0
2011-02-03,0.71,5302500.0
2011-02-04,0.8,5312200.0
2011-02-05,0.86,5321150.0
2011-02-06,0.87,5330000.0
2011-02-07,0.86,5340150.0
2011-02-08,0.9,5348550.0
2011-02-09,0.96,5358150.0
2011-02-10,0.96,5367450.0
2011-02-11,0.99,5376750.0
2011-02-12,1.06,5386550.0
2011-02-13,1.05,5396450.0
2011-02-14,1.06,5406250.0
2011-02-15,1.05,5417500.0
2011-02-16,1.04,5429100.0
2011-02-17,1.04,5440650.0
2011-02-18,0.89,5451250.0
2011-02-19,0.91,5459300.0
2011-02-20,0.85,5469200.0
2011-02-21,0.84,5478900.0
2011-02-22,0.88,5489450.0
2011-02-23,0.9,5501600.0
2011-02-24,0.95,5511950.0
2011-02-25,0.96,5523200.0
2011-02-26,0.94,5537000.0
2011-02-27,0.93,5549200.0
2011-02-28,0.88,5556700.0
2011-03-01,0.95,5563200.0
2011-03-02,0.92,5571600.0
2011-03-03,0.92,5580900.0
2011-03-04,0.91,5591950.0
2011-03-05,0.88,5605800.0
2011-03-06,0.85,5619500.0
2011-03-07,0.89,5630050.0
2011-03-08,0.87,5639400.0
2011-03-09,0.85,5647400.0
2011-03-10,0.89,5652900.0
2011-03-11,0.89,5659400.0
2011-03-12,0.9,5666400.0
2011-03-13,0.9,5672250.0
2011-03-14,0.89,5677850.0
2011-03-15,0.88,5683450.0
2011-03-16,0.85,5690250.0
2011-03-17,0.84,5697300.0
2011-03-18,0.77,5703300.0
2011-03-19,0.76,5709050.0
2011-03-20,0.77,5715900.0
2011-03-21,0.75,5723300.0
2011-03-22,0.78,5729250.0
2011-03-23,0.83,5737100.0
2011-03-24,0.88,5744700.0
2011-03-25,0.88,5753350.0
2011-03-26,0.87,5760250.0
2011-03-27,0.83,5767400.0
2011-03-28,0.81,5775800.0
2011-03-29,0.79,5783950.0
2011-03-30,0.79,5791750.0
2011-03-31,0.79,5801800.0
2011-04-01,0.78,5810600.0
2011-04-02,0.79,5819600.0
2011-04-03,0.78,5828350.0
2011-04-04,0.69,5837250.0
2011-04-05,0.67,5846950.0
2011-04-06,0.72,5854350.0
2011-04-07,0.75,5861700.0
2011-04-08,0.76,5870000.0
2011-04-09,0.74,5877800.0
2011-04-10,0.74,5886450.0
2011-04-11,0.77,5894600.0
2011-04-12,0.85,5902750.0
2011-04-13,0.93,5912450.0
2011-04-14,0.95,5920450.0
2011-04-15,1.0,5927250.0
2011-04-16,1.04,5935900.0
2011-04-17,1.08,5944900.0
2011-04-18,1.15,5952300.0
2011-04-19,1.18,5960000.0
2011-04-20,1.16,5967200.0
2011-04-21,1.18,5974550.0
2011-04-22,1.29,5983350.0
2011-04-23,1.55,5991950.0
2011-04-24,1.67,6000050.0
2011-04-25,1.58,6009650.0
2011-04-26,1.67,6019400.0
2011-04-27,1.89,6028550.0
2011-04-28,2.03,6036750.0
2011-04-29,2.59,6046750.0
2011-04-30,3.29,6056200.0
2011-05-01,3.14,6065150.0
2011-05-02,3.24,6075000.0
2011-05-03,3.32,6084800.0
2011-05-04,3.44,6094650.0
2011-05-05,3.41,6105600.0
2011-05-06,3.48,6116500.0
2011-05-07,3.61,6127200.0
2011-05-08,3.77,6138150.0
2011-05-09,3.8,6150100.0
2011-05-10,4.74,6159250.0
2011-05-11,5.35,6168800.0
2011-05-12,5.83,6177250.0
2011-05-13,7.48,6187600.0
2011-05-14,7.86,6199700.0
2011-05-15,6.74,6210700.0
2011-05-16,7.77,6223050.0
2011-05-17,7.52,6235900.0
2011-05-18,7.14,6250299.98999999
2011-05-19,6.96,6258849.98999999
2011-05-20,6.28,6269849.98999999
2011-05-21,5.97,6280849.98999999
2011-05-22,6.47,6293449.98999999
2011-05-23,7.1,6307749.98999999
2011-05-24,7.23,6322699.98999999
2011-05-25,7.98,6338049.98999999
2011-05-26,8.55,6352849.98999999
2011-05-27,8.67,6361199.98999999
2011-05-28,8.45,6368949.98999999
2011-05-29,8.3,6377949.98999999
2011-05-30,8.72,6385649.98999999
2011-05-31,8.88,6393149.98999999
2011-06-01,9.21,6402549.98999999
2011-06-02,10.11,6412049.98999999
2011-06-03,13.08,6422149.98999999
2011-06-04,16.41,6433349.98999999
2011-06-05,17.32,6443749.98999999
2011-06-06,18.46,6455399.98999999
2011-06-07,19.9,6463899.98999999
2011-06-08,27.25,6473149.98999999
2011-06-09,29.58,6484249.98999999
2011-06-10,24.67,6495399.98999999
2011-06-11,17.61,6507999.98999999
2011-06-12,16.21,6519649.98999999
2011-06-13,20.11,6530999.98999999
2011-06-14,19.25,6543349.98999999
2011-06-15,19.68,6557299.98999999
2011-06-16,18.86,6566299.98999999
2011-06-17,15.51,6575599.98999999
2011-06-18,16.04,6585449.98999999
2011-06-19,17.77,6596599.98999999
2011-06-20,17.51,6608299.98999999
2011-06-21,17.51,6620949.98999999
2011-06-22,17.51,6633949.98999999
2011-06-23,17.51,6645949.98999999
2011-06-24,17.51,6656749.98999999
2011-06-25,17.51,6663899.98999999
2011-06-26,15.59,6671349.98999999
2011-06-27,17.01,6679799.98999999
2011-06-28,16.93,6687799.98999999
2011-06-29,16.88,6696399.98999999
2011-06-30,16.51,6705949.98999999
2011-07-01,15.9,6714599.98999999
2011-07-02,15.53,6723049.98999999
2011-07-03,15.48,6731299.98999999
2011-07-04,14.48,6739799.98999999
2011-07-05,12.8,6746749.98999999
2011-07-06,14.8,6754599.98999999
2011-07-07,15.16,6761149.98999999
2011-07-08,14.35,6769399.98999999
2011-07-09,14.39,6776849.98999999
2011-07-10,15.08,6783699.98999999
2011-07-11,14.37,6791549.98999999
2011-07-12,14.15,6798599.98999999
2011-07-13,14.03,6808149.98999999
2011-07-14,13.93,6815349.98999999
2011-07-15,13.9,6823449.98999999
2011-07-16,13.62,6831299.98999999
2011-07-17,13.34,6839799.98999999
2011-07-18,13.03,6848299.98999999
2011-07-19,14.04,6855399.98999999
2011-07-20,13.69,6862849.98999999
2011-07-21,13.66,6870449.98999999
2011-07-22,13.65,6877999.98999999
2011-07-23,13.64,6885299.98999999
2011-07-24,13.86,6893599.98999999
2011-07-25,14.2,6901849.98999999
2011-07-26,13.91,6910649.98999999
2011-07-27,13.96,6919349.98999999
2011-07-28,13.61,6927099.98999999
2011-07-29,13.51,6935299.98999999
2011-07-30,13.53,6942899.98999999
2011-07-31,13.52,6951649.98999999
2011-08-01,13.17,6959899.98999999
2011-08-02,12.39,6967599.98999999
2011-08-03,10.45,6975449.98999999
2011-08-04,10.58,6981899.98999999
2011-08-05,10.27,6988899.98999999
2011-08-06,7.82,6994999.98999999
2011-08-07,7.72,7001299.98999999
2011-08-08,7.74,7008099.98999999
2011-08-09,9.72,7015399.98999999
2011-08-10,10.0,7022999.98999999
2011-08-11,9.47,7029849.98999999
2011-08-12,9.32,7036399.98999999
2011-08-13,9.8,7042899.98999999
2011-08-14,10.61,7049499.98999999
2011-08-15,11.3,7055949.98999999
2011-08-16,11.05,7063299.98999999
2011-08-17,10.88,7070099.98999999
2011-08-18,10.9,7077299.98999999
2011-08-19,11.4,7083849.98999999
2011-08-20,11.49,7091449.98999999
2011-08-21,11.38,7099449.98999999
2011-08-22,11.03,7107899.98999999
2011-08-23,11.03,7115649.98999999
2011-08-24,10.94,7122349.98999999
2011-08-25,10.01,7129099.98999999
2011-08-26,8.65,7136449.98999999
2011-08-27,8.63,7142549.98999999
2011-08-28,8.97,7148349.98999999
2011-08-29,8.93,7155249.98999999
2011-08-30,8.78,7162549.98999999
2011-08-31,8.35,7170299.98999999
2011-09-01,8.22,7176749.98999999
2011-09-02,8.44,7184549.98999999
2011-09-03,8.53,7191799.98999999
2011-09-04,8.17,7198499.98999999
2011-09-05,7.62,7206299.98999999
2011-09-06,6.73,7213849.98999999
2011-09-07,7.03,7220649.98999999
2011-09-08,6.8,7227099.98999999
2011-09-09,5.31,7234799.98999999
2011-09-10,5.03,7241449.98999999
2011-09-11,6.06,7247699.98999999
2011-09-12,6.04,7254349.98999999
2011-09-13,5.79,7261449.98999999
2011-09-14,5.55,7268749.98999999
2011-09-15,4.97,7276549.98999999
2011-09-16,4.81,7282499.98999999
2011-09-17,4.77,7289199.98999999
2011-09-18,5.11,7297099.98999999
2011-09-19,5.26,7303449.98999999
2011-09-20,6.1,7310449.98999999
2011-09-21,5.62,7317749.98999999
2011-09-22,5.49,7325149.98999999
2011-09-23,5.59,7331799.98999999
2011-09-24,5.41,7338249.98999999
2011-09-25,5.32,7345099.98999999
2011-09-26,4.95,7351799.98999999
2011-09-27,4.84,7358449.98999999
2011-09-28,4.74,7365799.98999999
2011-09-29,4.7,7372049.98999999
2011-09-30,5.01,7378149.98999999
2011-10-01,5.05,7385299.98999999
2011-10-02,4.98,7391349.98999999
2011-10-03,4.94,7398599.98999999
2011-10-04,4.9,7404199.98999999
2011-10-05,4.86,7411449.98999999
2011-10-06,4.68,7417849.98999999
2011-10-07,4.29,7424749.98999999
2011-10-08,4.03,7430699.98999999
2011-10-09,4.19,7437049.98999999
2011-10-10,4.1,7443199.98999999
2011-10-11,3.95,7447849.98999999
2011-10-12,4.07,7453849.98999999
2011-10-13,4.08,7458699.98999999
2011-10-14,4.0,7465649.98999999
2011-10-15,3.89,7472349.98999999
2011-10-16,3.64,7478299.98999999
2011-10-17,2.85,7484199.98999999
2011-10-18,2.62,7490199.98999999
2011-10-19,2.28,7496849.98999999
2011-10-20,2.31,7502599.98999999
2011-10-21,2.54,7508649.98999999
2011-10-22,3.01,7513549.98999999
2011-10-23,3.08,7518949.98999999
2011-10-24,2.81,7525299.98999999
2011-10-25,2.74,7531749.98999999
2011-10-26,2.75,7537599.98999999
2011-10-27,2.92,7542599.98999999
2011-10-28,3.11,7547849.98999999
2011-10-29,3.54,7553499.98999999
2011-10-30,3.38,7559049.98999999
2011-10-31,3.19,7565599.98999999
2011-11-01,3.19,7573099.98999999
2011-11-02,3.23,7580799.98999999
2011-11-03,3.21,7587049.98999999
2011-11-04,3.13,7594399.98999999
2011-11-05,3.01,7601699.98999999
2011-11-06,2.96,7608899.98999999
2011-11-07,3.0,7615499.98999999
2011-11-08,3.09,7622949.98999999
2011-11-09,3.0,7630999.98999999
2011-11-10,2.87,7638049.98999999
2011-11-11,2.97,7643749.98999999
2011-11-12,3.06,7651149.98999999
2011-11-13,3.0,7658349.98999999
2011-11-14,2.51,7665499.98999999
2011-11-15,2.3,7673749.98999999
2011-11-16,2.46,7680499.98999999
2011-11-17,2.23,7687449.98999999
2011-11-18,2.14,7694099.98999999
2011-11-19,2.17,7700249.98999999
2011-11-20,2.28,7707399.98999999
2011-11-21,2.23,7713299.98999999
2011-11-22,2.31,7720299.98999999
2011-11-23,2.32,7726999.98999999
2011-11-24,2.42,7732649.98999999
2011-11-25,2.47,7739399.98999999
2011-11-26,2.48,7745399.98999999
2011-11-27,2.46,7751099.98999999
2011-11-28,2.51,7757449.98999999
2011-11-29,2.79,7764349.98999999
2011-11-30,2.91,7772449.98999999
2011-12-01,3.05,7781549.98999999
2011-12-02,3.1,7788849.98999999
2011-12-03,2.93,7796449.98999999
2011-12-04,2.75,7803249.98999999
2011-12-05,2.87,7811149.98999999
2011-12-06,2.98,7819699.98999999
2011-12-07,3.0,7826599.98999999
2011-12-08,2.95,7834799.98999999
2011-12-09,2.99,7842149.98999999
2011-12-10,3.04,7849349.98999999
2011-12-11,3.2,7856949.98999999
2011-12-12,3.18,7863299.98999999
2011-12-13,3.21,7869899.98999999
2011-12-14,3.12,7877549.98999999
2011-12-15,3.17,7883149.98999999
2011-12-16,3.18,7889049.98999999
2011-12-17,3.19,7896549.98999999
2011-12-18,3.2,7903749.98999999
2011-12-19,3.41,7911699.98999999
2011-12-20,3.97,7918399.98999999
2011-12-21,3.93,7925849.98999999
2011-12-22,3.79,7933249.98999999
2011-12-23,3.9,7940349.98999999
2011-12-24,3.92,7947599.98999999
2011-12-25,4.14,7956299.98999999
2011-12-26,4.04,7965149.98999999
2011-12-27,4.02,7972399.98999999
2011-12-28,4.14,7980149.98999999
2011-12-29,4.22,7987049.98999999
2011-12-30,4.19,7994149.98999999
2011-12-31,4.58,8001699.98999999
2012-01-01,5.0,8009349.98999999
2012-01-02,5.0,8016899.98999999
2012-01-03,5.29,8024849.98999999
2012-01-04,5.57,8032299.98999999
2012-01-05,6.65,8039649.98999999
2012-01-06,6.0,8048199.98999999
2012-01-07,6.8,8057399.98999999
2012-01-08,7.0,8065549.98999999
2012-01-09,6.3,8073749.98999999
2012-01-10,7.14,8080799.98999999
2012-01-11,7.0,8088449.98999999
2012-01-12,6.51,8096199.98999999
2012-01-13,6.72,8103199.98999999
2012-01-14,6.3,8110699.98999999
2012-01-15,7.15,8117649.98999999
2012-01-16,7.1,8126349.98999999
2012-01-17,6.0,8134249.98999999
2012-01-18,7.1,8140649.97299999
2012-01-19,6.22,8148149.87710466
2012-01-20,6.95,8155399.48698481
2012-01-21,6.77,8163599.04744397
2012-01-22,6.79,8170398.84204106
2012-01-23,6.52,8178898.67363629
2012-01-24,6.55,8185847.56325165
2012-01-25,6.31,8193247.34414703
2012-01-26,5.5,8200146.65061203
2012-01-27,5.88,8207195.24223045
2012-01-28,4.91,8214442.94288381
2012-01-29,5.5,8222791.75104146
2012-01-30,5.58,8231391.41143302
2012-01-31,5.3,8238891.34443302
2012-02-01,5.88,8245941.10632214
2012-02-02,6.28,8253890.94315441
2012-02-03,6.3,8261790.7846608
2012-02-04,5.94,8269640.75849937
2012-02-05,5.6,8276740.75849937
2012-02-06,5.6,8284040.75849937
2012-02-07,5.69,8290890.75599937
2012-02-08,5.87,8298140.75599937
2012-02-09,5.89,8305390.75599937
2012-02-10,5.88,8312290.75599937
2012-02-11,5.5,8319790.61839413
2012-02-12,5.67,8327690.58989413
2012-02-13,5.79,8334540.58989413
2012-02-14,4.89,8341440.57589413
2012-02-15,4.69,8348140.56808977
2012-02-16,4.51,8355040.43575376
2012-02-17,4.67,8362640.41725376
2012-02-18,4.23,8371190.41725376
2012-02-19,4.38,8379090.41725376
2012-02-20,4.44,8386090.41725376
2012-02-21,4.58,8392540.41725376
2012-02-22,4.51,8400490.41725376
2012-02-23,5.2,8408790.41725376
2012-02-24,4.95,8416240.41725376
2012-02-25,5.0,8424490.41725376
2012-02-26,4.98,8431990.41075376
2012-02-27,5.04,8439690.41075376
2012-02-28,4.88,8447690.41075376
2012-02-29,4.99,8456640.41075376
2012-03-01,5.0,8464190.41075376
2012-03-02,4.79,8470890.41075376
2012-03-03,4.65,8476540.38925376
2012-03-04,4.81,8483390.38015376
2012-03-05,5.04,8490640.38015376
2012-03-06,4.98,8497490.32815376
2012-03-07,4.93,8505190.32815376
2012-03-08,5.01,8512990.32815376
2012-03-09,4.93,8521390.32815376
2012-03-10,4.94,8529640.32815376
2012-03-11,5.0,8536340.32815376
2012-03-12,4.99,8544640.32815376
2012-03-13,5.3,8552640.32815376
2012-03-14,5.27,8559490.32815376
2012-03-15,5.39,8565540.32815376
2012-03-16,5.26,8573190.32815376
2012-03-17,5.42,8581690.32815376
2012-03-18,5.25,8589690.32815376
2012-03-19,4.86,8596840.32815376
2012-03-20,4.79,8604840.32815376
2012-03-21,4.96,8612740.32815376
2012-03-22,4.91,8620640.32815376
2012-03-23,4.78,8626940.32815376
2012-03-24,4.83,8636090.32815376
2012-03-25,4.54,8643990.32815376
2012-03-26,4.73,8651540.32815376
2012-03-27,4.82,8659340.32815376
2012-03-28,4.82,8666840.32815376
2012-03-29,4.84,8673890.32815376
2012-03-30,4.88,8681590.32815376
2012-03-31,4.9,8690090.32815376
2012-04-01,4.89,8697190.32815376
2012-04-02,5.04,8702990.32815376
2012-04-03,4.99,8709640.32815376
2012-04-04,5.01,8716490.32815376
2012-04-05,5.0,8722340.32815376
2012-04-06,4.99,8729140.32815376
2012-04-07,4.71,8735590.32815376
2012-04-08,4.76,8743090.32815376
2012-04-09,4.75,8750390.32815376
2012-04-10,4.8,8757740.32815376
2012-04-11,4.92,8764790.32815376
2012-04-12,4.93,8771140.32815376
2012-04-13,4.93,8777290.32815376
2012-04-14,4.96,8784240.32815376
2012-04-15,4.98,8789590.32815376
2012-04-16,4.98,8797090.32815376
2012-04-17,4.98,8803840.32815376
2012-04-18,5.16,8810340.32815376
2012-04-19,5.13,8818190.32815376
2012-04-20,5.38,8825890.32815376
2012-04-21,5.24,8833590.32815376
2012-04-22,5.17,8840590.32815376
2012-04-23,5.15,8847340.32815376
2012-04-24,5.1,8854240.32815376
2012-04-25,5.14,8860590.32815376
2012-04-26,4.98,8868340.32815376
2012-04-27,5.04,8875090.32815376
2012-04-28,4.88,8882690.32815376
2012-04-29,4.91,8891640.32815376
2012-04-30,5.0,8900590.32815376
2012-05-01,4.97,8909090.32815376
2012-05-02,5.06,8916590.32815376
2012-05-03,5.1,8924440.32815376
2012-05-04,5.07,8932490.32815376
2012-05-05,5.04,8940840.32815376
2012-05-06,5.08,8949040.32815376
2012-05-07,5.05,8957540.32815376
2012-05-08,5.02,8966340.32815376
2012-05-09,5.02,8974640.32815376
2012-05-10,5.0,8981090.32815376
2012-05-11,4.95,8988240.32815376
2012-05-12,4.91,8994640.32815376
2012-05-13,4.94,9001640.32815376
2012-05-14,4.93,9008590.32815376
2012-05-15,4.95,9015090.32815376
2012-05-16,5.04,9021140.32765376
2012-05-17,5.02,9026940.32515376
2012-05-18,5.07,9034190.31365376
2012-05-19,5.07,9041640.31215376
2012-05-20,5.03,9048540.31062876
2012-05-21,5.08,9054840.30962876
2012-05-22,5.03,9060590.30862876
2012-05-23,5.1,9067090.30862876
2012-05-24,5.12,9073340.30812876
2012-05-25,5.08,9079390.30762876
2012-05-26,5.07,9086490.30511876
2012-05-27,5.07,9094440.29911876
2012-05-28,5.07,9101540.29711876
2012-05-29,5.11,9107840.29561876
2012-05-30,5.11,9114390.29511876
2012-05-31,5.16,9121290.29451876
2012-06-01,5.22,9128890.29351876
2012-06-02,5.19,9136890.29101876
2012-06-03,5.19,9144540.28751876
2012-06-04,5.22,9152290.28551876
2012-06-05,5.36,9159640.28401876
2012-06-06,5.41,9167290.28301876
2012-06-07,5.53,9174240.28251876
2012-06-08,5.61,9181290.28101876
2012-06-09,5.48,9189840.27951876
2012-06-10,5.42,9198140.27651876
2012-06-11,5.52,9205140.27591876
2012-06-12,5.71,9212940.27541876
2012-06-13,5.86,9220440.27091876
2012-06-14,5.91,9228240.25991876
2012-06-15,6.33,9236190.25691876
2012-06-16,6.41,9243990.25491876
2012-06-17,6.19,9252190.25091876
2012-06-18,6.06,9260940.24641876
2012-06-19,6.46,9268290.24241876
2012-06-20,6.64,9275540.24141876
2012-06-21,6.64,9282340.23991876
2012-06-22,6.59,9289240.23691876
2012-06-23,6.45,9297440.23391876
2012-06-24,6.4,9303990.23141876
2012-06-25,6.26,9311690.22831876
2012-06-26,6.38,9319140.22631876
2012-06-27,6.49,9327290.21981876
2012-06-28,6.5,9334140.21731876
2012-06-29,6.52,9341440.21281876
2012-06-30,6.58,9348040.20931876
2012-07-01,6.52,9355140.20881876
2012-07-02,6.61,9362740.20431876
2012-07-03,6.44,9370740.20181876
2012-07-04,6.44,9378240.19181876
2012-07-05,6.6,9385440.18981876
2012-07-06,6.54,9393190.18581876
2012-07-07,6.76,9401490.18231876
2012-07-08,6.73,9409140.18081876
2012-07-09,6.94,9417290.17331876
2012-07-10,7.08,9424790.16981876
2012-07-11,7.15,9431490.16731876
2012-07-12,7.59,9438990.16581876
2012-07-13,7.59,9447140.16521876
2012-07-14,7.55,9455190.15307876
2012-07-15,7.57,9462190.15107876
2012-07-16,8.3,9469690.14697876
2012-07-17,8.55,9478290.14447876
2012-07-18,9.0,9486040.13847876
2012-07-19,8.9,9492790.13397876
2012-07-20,8.44,9500190.13095376
2012-07-21,8.8,9507240.12495376
2012-07-22,8.42,9514990.12195376
2012-07-23,8.59,9522040.11945376
2012-07-24,8.57,9530090.11745376
2012-07-25,8.62,9538090.11495376
2012-07-26,8.75,9546540.11045376
2012-07-27,8.83,9555440.10745376
2012-07-28,8.88,9563090.10295376
2012-07-29,8.71,9571390.10045376
2012-07-30,9.0,9580190.09742876
2012-07-31,9.28,9586690.09642876
2012-08-01,9.45,9593390.09592876
2012-08-02,10.39,9601640.09492876
2012-08-03,10.79,9609740.09092876
2012-08-04,10.51,9617540.08892876
2012-08-05,10.7,9624490.08842876
2012-08-06,10.82,9631490.08392876
2012-08-07,10.74,9639690.08192876
2012-08-08,10.99,9647990.07862876
2012-08-09,11.0,9656490.07561876
2012-08-10,11.32,9664290.07111866
2012-08-11,11.38,9672690.06611866
2012-08-12,11.49,9680640.06161866
2012-08-13,11.89,9688640.06111866
2012-08-14,12.25,9696490.06111866
2012-08-15,13.01,9704840.05611866
2012-08-16,13.35,9712540.05511866
2012-08-17,12.75,9719440.05411866
2012-08-18,11.54,9726990.05411866
2012-08-19,7.85,9736090.05061866
2012-08-20,9.89,9744790.04911866
2012-08-21,10.18,9753440.04761866
2012-08-22,9.96,9761240.04706866
2012-08-23,10.02,9769490.04456866
2012-08-24,10.37,9776890.04456866
2012-08-25,10.57,9783790.04406866
2012-08-26,10.31,9792740.04206866
2012-08-27,10.78,9799990.03951866
2012-08-28,11.0,9807540.03801866
2012-08-29,10.82,9815940.03501866
2012-08-30,10.58,9823640.02851866
2012-08-31,10.16,9830640.02751866
2012-09-01,9.91,9838690.02501866
2012-09-02,10.18,9846890.01801866
2012-09-03,10.55,9854740.01491866
2012-09-04,10.37,9862390.01341866
2012-09-05,10.99,9871390.00991866
2012-09-06,11.02,9879940.00741866
2012-09-07,11.01,9888340.00531866
2012-09-08,10.97,9895590.00071866
2012-09-09,10.98,9903539.99611866
2012-09-10,10.95,9911039.99411183
2012-09-11,11.04,9918289.99261183
2012-09-12,11.14,9926039.99061183
2012-09-13,11.3,9932539.99011183
2012-09-14,11.5,9940639.99011183
2012-09-15,11.62,9947839.99011183
2012-09-16,11.75,9955889.98711183
2012-09-17,11.79,9964289.98611183
2012-09-18,12.07,9972639.98461183
2012-09-19,12.32,9979689.98411183
2012-09-20,12.28,9987289.98411183
2012-09-21,12.19,9995739.98411183
2012-09-22,11.97,10003589.98261183
2012-09-23,11.99,10011489.98261183
2012-09-24,11.9,10019139.98261183
2012-09-25,11.8,10026089.98261183
2012-09-26,12.2,10033089.98261183
2012-09-27,12.22,10041139.98261183
2012-09-28,12.15,10049039.98261183
2012-09-29,12.28,10057439.98261183
2012-09-30,12.22,10065389.98261183
2012-10-01,12.15,10071939.98261183
2012-10-02,12.48,10079239.98261183
2012-10-03,12.9,10085889.98261183
2012-10-04,12.57,10092339.98261183
2012-10-05,12.5,10099239.98261183
2012-10-06,12.39,10106989.98261183
2012-10-07,11.71,10113239.98261183
2012-10-08,11.61,10122139.98161183
2012-10-09,11.99,10129239.98011183
2012-10-10,12.24,10136689.98011183
2012-10-11,12.09,10143589.97961183
2012-10-12,11.9,10151039.97911183
2012-10-13,11.85,10158439.97861183
2012-10-14,11.82,10164789.97811183
2012-10-15,11.6,10173239.97661183
2012-10-16,11.92,10180989.97611183
2012-10-17,11.77,10188089.97561183
2012-10-18,11.69,10195939.97561183
2012-10-19,11.67,10202639.97561183
2012-10-20,11.6,10210589.97561183
2012-10-21,11.32,10218639.97061183
2012-10-22,11.48,10226489.96711183
2012-10-23,11.6,10232989.96611183
2012-10-24,11.4,10241089.96611183
2012-10-25,10.55,10248239.96501183
2012-10-26,9.88,10256489.96401183
2012-10-27,10.37,10265239.96251183
2012-10-28,10.54,10273539.96201183
2012-10-29,10.8,10281439.96151183
2012-10-30,10.74,10288389.96101183
2012-10-31,10.98,10295789.95951183
2012-11-01,10.84,10302639.95801183
2012-11-02,10.52,10309789.95651183
2012-11-03,10.66,10317089.95601183
2012-11-04,10.64,10324939.95551183
2012-11-05,10.78,10332939.95451183
2012-11-06,10.74,10339689.95351183
2012-11-07,10.8,10347539.95351183
2012-11-08,10.78,10355239.95351183
2012-11-09,10.8,10362839.95301183
2012-11-10,10.81,10370039.95201183
2012-11-11,10.82,10377389.95151183
2012-11-12,10.87,10383989.95151183
2012-11-13,10.87,10390989.94951183
2012-11-14,10.96,10398139.94851183
2012-11-15,11.05,10404939.94801183
2012-11-16,11.46,10412189.94801183
2012-11-17,11.57,10419189.94701183
2012-11-18,11.59,10426489.94701183
2012-11-19,11.65,10433689.94601183
2012-11-20,11.65,10441139.94451183
2012-11-21,11.63,10448739.94451183
2012-11-22,11.96,10455939.94401183
2012-11-23,12.1,10464089.94401183
2012-11-24,12.25,10471639.94351183
2012-11-25,12.26,10478939.94351183
2012-11-26,12.2,10486789.94351183
2012-11-27,12.07,10494189.94351183
2012-11-28,12.22,10501314.94351183
2012-11-29,12.37,10505464.94301183
2012-11-30,12.43,10508589.94251183
2012-12-01,12.39,10512764.94201183
2012-12-02,12.42,10516339.94201183
2012-12-03,12.57,10520014.94101183
2012-12-04,12.59,10522814.94001183
2012-12-05,13.2,10525864.93801183
2012-12-06,13.35,10529289.93751183
2012-12-07,13.37,10532514.93651183
2012-12-08,13.36,10535964.93551183
2012-12-09,13.2,10539114.93551183
2012-12-10,13.29,10542689.93451183
2012-12-11,13.35,10546289.93301183
2012-12-12,13.49,10549539.93301183
2012-12-13,13.52,10552814.93301183
2012-12-14,13.51,10555464.93201183
2012-12-15,13.38,10558364.93101183
2012-12-16,13.27,10561139.93001183
2012-12-17,13.23,10564489.92951183
2012-12-18,13.09,10567614.92951183
2012-12-19,13.4,10571164.92951183
2012-12-20,13.38,10573814.92851183
2012-12-21,13.26,10576964.92751183
2012-12-22,13.2,10580789.92601183
2012-12-23,13.14,10583839.92551183
2012-12-24,13.23,10587139.92501183
2012-12-25,13.24,10590239.92501183
2012-12-26,13.18,10594089.92451183
2012-12-27,13.19,10597989.92451183
2012-12-28,13.21,10602214.92301183
2012-12-29,13.11,10605814.92101183
2012-12-30,13.2,10609964.91601183
2012-12-31,13.24,10613914.91451183
2013-01-01,13.22,10617964.91051183
2013-01-02,13.02,10621789.90951183
2013-01-03,13.19,10625839.90701183
2013-01-04,13.15,10629664.90351183
2013-01-05,13.15,10633189.90101183
2013-01-06,13.15,10636814.90051183
2013-01-07,13.2,10641014.89901183
2013-01-08,13.5,10644339.89801183
2013-01-09,13.58,10647589.89701183
2013-01-10,14.0,10651264.89501183
2013-01-11,14.0,10654189.89301183
2013-01-12,13.89,10657239.89301183
2013-01-13,13.63,10660564.89201183
2013-01-14,13.97,10664489.89001183
2013-01-15,14.27,10667514.88901183
2013-01-16,14.42,10670789.88651183
2013-01-17,15.43,10673564.88501183
2013-01-18,15.56,10676589.88351183
2013-01-19,15.5,10680439.88251183
2013-01-20,15.5,10683689.88101183
2013-01-21,16.52,10686989.87901183
2013-01-22,17.41,10690589.87651183
2013-01-23,17.5,10693739.87401183
2013-01-24,17.25,10697639.87251183
2013-01-25,17.49,10701064.87001183
2013-01-26,17.28,10704964.86751183
2013-01-27,17.48,10708739.86451183
2013-01-28,18.67,10712414.86251183
2013-01-29,19.41,10716364.86101183
2013-01-30,19.45,10720189.85651183
2013-01-31,20.46,10725014.85351183
2013-02-01,20.49,10728689.85251183
2013-02-02,19.82,10732514.85051183
2013-02-03,20.29,10737164.84901183
2013-02-04,20.29,10741264.84801183
2013-02-05,20.56,10745439.84701183
2013-02-06,20.91,10749089.84551183
2013-02-07,21.71,10752939.84401183
2013-02-08,22.5,10756714.84401183
2013-02-09,23.14,10760289.84351183
2013-02-10,23.65,10764314.84201183
2013-02-11,23.94,10768289.84151183
2013-02-12,25.11,10771764.84001183
2013-02-13,25.42,10776039.83601183
2013-02-14,27.4,10779814.83601183
2013-02-15,27.14,10784289.83351183
2013-02-16,27.54,10789014.83351183
2013-02-17,26.98,10793714.82901183
2013-02-18,26.9,10797739.82851183
2013-02-19,29.39,10801714.82551183
2013-02-20,30.0,10806539.82401183
2013-02-21,30.0,10810939.82251183
2013-02-22,30.46,10815189.82251183
2013-02-23,29.67,10819289.82251183
2013-02-24,29.61,10823189.82201183
2013-02-25,30.42,10828289.82051183
2013-02-26,31.1,10832439.81951183
2013-02-27,31.41,10837264.81851183
2013-02-28,33.51,10841464.81801183
2013-03-01,34.65,10845264.81501183
2013-03-02,34.18,10848889.81451183
2013-03-03,34.32,10852914.81451183
2013-03-04,36.53,10857389.81201183
2013-03-05,40.92,10860864.81201183
2013-03-06,42.54,10864739.81201183
2013-03-07,41.7,10868739.81101183
2013-03-08,43.75,10872739.81101183
2013-03-09,46.0,10876964.81101183
2013-03-10,45.29,10881539.81101183
2013-03-11,48.2,10885639.81101183
2013-03-12,44.61,10889014.81001183
2013-03-13,46.99,10892939.80951183
2013-03-14,46.93,10897414.80951183
2013-03-15,47.09,10901714.80851183
2013-03-16,46.73,10906089.80851183
2013-03-17,47.1,10911314.80851183
2013-03-18,50.35,10916064.80851183
2013-03-19,59.2,10920314.80851183
2013-03-20,64.84,10925589.80851183
2013-03-21,72.81,10931039.80851183
2013-03-22,69.68,10936764.80751183
2013-03-23,63.9,10942189.80751183
2013-03-24,70.55,10946914.80751183
2013-03-25,75.08,10950514.80751183
2013-03-26,79.81,10954289.80751183
2013-03-27,89.3,10957564.80751183
2013-03-28,88.87,10962139.80751183
2013-03-29,90.11,10966489.80651183
2013-03-30,92.43,10970814.80651183
2013-03-31,96.14,10975039.80651183
2013-04-01,104.38,10979989.80651183
2013-04-02,115.64,10984514.80551183
2013-04-03,130.84,10988889.80501183
2013-04-04,135.13,10992739.80501183
2013-04-05,141.4,10996689.80501183
2013-04-06,142.3,11000764.80501183
2013-04-07,164.96,11004864.80501183
2013-04-08,187.12,11008739.80501183
2013-04-09,229.45,11013139.80501183
2013-04-10,157.0,11017914.80501183
2013-04-11,82.99,11021914.80501183
2013-04-12,105.09,11026239.80501183
2013-04-13,96.51,11030414.80501183
2013-04-14,91.06,11034239.80501183
2013-04-15,75.81,11038339.80501183
2013-04-16,68.26,11042764.80501183
2013-04-17,89.99,11047039.80501183
2013-04-18,103.9,11050714.80501183
2013-04-19,117.71,11054139.80501183
2013-04-20,126.17,11057989.80501183
2013-04-21,118.02,11062389.80501183
2013-04-22,123.61,11066214.80501183
2013-04-23,136.72,11070414.80501183
2013-04-24,150.0,11074464.80501183
2013-04-25,141.03,11078764.80501183
2013-04-26,137.32,11083039.80501183
2013-04-27,128.77,11086714.80501183
2013-04-28,135.03,11091139.80501183
2013-04-29,142.96,11095489.80381183
2013-04-30,139.24,11099214.80381183
2013-05-01,116.75,11102989.80381183
2013-05-02,105.66,11106339.80381183
2013-05-03,94.23,11109739.80381183
2013-05-04,111.83,11113739.80381183
2013-05-05,116.92,11117864.80381183
2013-05-06,112.49,11122014.80381183
2013-05-07,111.56,11126214.80381183
2013-05-08,113.54,11130339.80381183
2013-05-09,111.97,11134439.80381183
2013-05-10,117.89,11138739.80381183
2013-05-11,115.52,11143289.80381183
2013-05-12,114.3,11147489.80381183
2013-05-13,115.99,11151839.80381183
2013-05-14,107.09,11155689.80381183
2013-05-15,108.95,11159214.80331183
2013-05-16,113.23,11162914.80331183
2013-05-17,117.43,11166939.80331183
2013-05-18,118.37,11170664.80331183
2013-05-19,116.67,11174564.80331183
2013-05-20,118.02,11177789.80331183
2013-05-21,117.24,11181564.80331183
2013-05-22,118.77,11185464.80331183
2013-05-23,123.74,11189814.80331183
2013-05-24,128.67,11194039.80331183
2013-05-25,128.92,11198164.80331183
2013-05-26,129.92,11202239.80331183
2013-05-27,126.22,11206639.80331183
2013-05-28,125.99,11210589.80331183
2013-05-29,130.35,11214789.80331183
2013-05-30,126.41,11219264.80331183
2013-05-31,127.94,11223639.80331183
2013-06-01,128.77,11228964.80331183
2013-06-02,122.5,11233939.80331183
2013-06-03,123.06,11239264.80331183
2013-06-04,120.21,11244589.80331183
2013-06-05,120.75,11249189.80331183
2013-06-06,119.07,11253714.80331183
2013-06-07,110.12,11257739.80331183
2013-06-08,109.14,11262264.80331183
2013-06-09,100.48,11266239.80331183
2013-06-10,104.26,11270589.80331183
2013-06-11,107.36,11275089.80331183
2013-06-12,107.09,11280164.80331183
2013-06-13,101.97,11284814.80331183
2013-06-14,99.1,11289314.80331183
2013-06-15,99.58,11293639.80331183
2013-06-16,99.06,11298264.80331183
2013-06-17,100.0,11301889.80331183
2013-06-18,104.32,11305389.80331183
2013-06-19,105.2,11308789.80331183
2013-06-20,103.3,11312639.80331183
2013-06-21,101.56,11316839.80331183
2013-06-22,100.11,11321239.80331183
2013-06-23,100.35,11325364.80331183
2013-06-24,99.14,11329114.80331183
2013-06-25,97.87,11333039.80331183
2013-06-26,98.87,11337389.80331183
2013-06-27,96.92,11341564.80331183
2013-06-28,89.44,11345789.80331183
2013-06-29,88.88,11350014.80331183
2013-06-30,89.54,11353839.80331183
2013-07-01,83.66,11357764.80331183
2013-07-02,87.72,11361589.80331183
2013-07-03,77.52,11366189.80331183
2013-07-04,79.0,11370314.80331183
2013-07-05,67.41,11374964.80331183
2013-07-06,65.68,11379639.80331183
2013-07-07,71.74,11384289.80331183
2013-07-08,74.4,11389089.80331183
2013-07-09,75.0,11393714.80331183
2013-07-10,85.91,11398589.80331183
2013-07-11,87.61,11402939.80331183
2013-07-12,88.61,11406789.80331183
2013-07-13,91.61,11410714.80331183
2013-07-14,89.99,11415014.80331183
2013-07-15,93.75,11419114.80331183
2013-07-16,91.65,11423214.80331183
2013-07-17,91.02,11427814.80331183
2013-07-18,84.99,11431839.80331183
2013-07-19,86.13,11436114.80331183
2013-07-20,84.76,11440764.80231183
2013-07-21,85.8,11445739.80231183
2013-07-22,85.58,11449864.80231183
2013-07-23,86.99,11453389.80231183
2013-07-24,88.25,11457364.80231183
2013-07-25,90.18,11461014.80231183
2013-07-26,90.1,11465064.80231183
2013-07-27,88.16,11469639.80231183
2013-07-28,92.77,11473839.80231183
2013-07-29,93.38,11478289.80231183
2013-07-30,96.72,11483214.80131183
2013-07-31,97.83,11487964.80131183
2013-08-01,96.53,11492389.80131183
2013-08-02,95.94,11497189.80131183
2013-08-03,95.54,11501439.80131183
2013-08-04,96.36,11505914.80131183
2013-08-05,97.81,11510639.80031183
2013-08-06,97.68,11515389.79931183
2013-08-07,97.02,11520039.79831183
2013-08-08,94.27,11525164.79731183
2013-08-09,92.72,11530039.79731183
2013-08-10,93.24,11535289.79731183
2013-08-11,94.17,11540689.79681183
2013-08-12,95.44,11546089.79581183
2013-08-13,98.01,11550664.79581183
2013-08-14,99.17,11554864.79581183
2013-08-15,98.05,11559114.79581183
2013-08-16,98.25,11563314.79581183
2013-08-17,99.67,11568064.79581183
2013-08-18,99.3,11572914.79581183
2013-08-19,102.8,11577339.79581183
2013-08-20,104.57,11582089.79581183
2013-08-21,111.0,11586989.79581183
2013-08-22,109.76,11592389.79581183
2013-08-23,107.78,11597289.79581183
2013-08-24,109.04,11601864.79581183
2013-08-25,113.21,11605639.79581183
2013-08-26,112.23,11609789.79581183
2013-08-27,117.71,11614014.79581183
2013-08-28,118.3,11618464.79581183
2013-08-29,119.0,11623189.79581183
2013-08-30,124.83,11628314.79581183
2013-08-31,127.45,11633889.79581183
2013-09-01,130.66,11639414.79581183
2013-09-02,129.61,11644789.79581183
2013-09-03,129.14,11649639.79581183
2013-09-04,122.59,11653714.79581183
2013-09-05,122.62,11658189.79581183
2013-09-06,117.68,11662814.79581183
2013-09-07,119.57,11666439.79581183
2013-09-08,118.26,11670364.79581183
2013-09-09,121.0,11675439.79581183
2013-09-10,122.2,11680214.79581183
2013-09-11,127.16,11685214.79581183
2013-09-12,127.03,11690539.79581183
2013-09-13,127.41,11695639.79571183
2013-09-14,124.05,11701089.79571183
2013-09-15,125.09,11705614.79571183
2013-09-16,126.27,11709464.79571183
2013-09-17,126.96,11713939.79571183
2013-09-18,127.15,11718064.79571183
2013-09-19,124.12,11722814.79571183
2013-09-20,122.92,11727814.79571183
2013-09-21,123.48,11732539.79571183
2013-09-22,123.16,11737614.79571183
2013-09-23,122.81,11742864.79571183
2013-09-24,123.75,11748164.79571183
2013-09-25,123.96,11753314.79571183
2013-09-26,124.65,11757364.79571183
2013-09-27,126.73,11761814.79571183
2013-09-28,126.83,11766239.79571183
2013-09-29,127.01,11770489.79571183
2013-09-30,126.22,11774564.79571183
2013-10-01,127.54,11779239.79571183
2013-10-02,103.46,11784014.79571183
2013-10-03,117.66,11788989.79571183
2013-10-04,122.09,11793489.79571183
2013-10-05,121.27,11798964.79571183
2013-10-06,122.49,11803589.79561183
2013-10-07,123.5,11807489.79561183
2013-10-08,124.86,11811139.79561183
2013-10-09,125.9,11815989.79561183
2013-10-10,126.35,11820789.79561183
2013-10-11,127.35,11825414.79561183
2013-10-12,127.77,11830764.79561183
2013-10-13,132.45,11836289.79561183
2013-10-14,135.41,11842539.79561183
2013-10-15,141.42,11849039.79561183
2013-10-16,138.21,11854289.79561183
2013-10-17,143.73,11858464.79561183
2013-10-18,152.89,11863264.79561183
2013-10-19,165.24,11868839.79561183
2013-10-20,166.53,11873814.79561183
2013-10-21,179.92,11879089.79561183
2013-10-22,189.54,11885214.79561182
2013-10-23,203.68,11890739.79561181
2013-10-24,195.11,11896114.79561181
2013-10-25,187.52,11901989.79561181
2013-10-26,179.96,11906539.79561181
2013-10-27,194.49,11911014.79561181
2013-10-28,196.0,11915389.79561181
2013-10-29,204.27,11919389.79461181
2013-10-30,197.52,11924264.79461181
2013-10-31,203.02,11929539.79461181
2013-11-01,202.99,11934739.79461181
2013-11-02,204.7,11939789.79461181
2013-11-03,210.0,11944589.79461181
2013-11-04,229.24,11949464.79461181
2013-11-05,243.49,11953814.79461181
2013-11-06,261.93,11957889.79461181
2013-11-07,290.01,11961489.79461181
2013-11-08,333.8,11964839.79461181
2013-11-09,329.16,11968539.79461179
2013-11-10,326.49,11972814.79461179
2013-11-11,343.19,11977489.79461179
2013-11-12,354.9,11982514.79461179
2013-11-13,392.1,11986714.79461179
2013-11-14,415.98,11991289.79461179
2013-11-15,410.46,11995439.79461179
2013-11-16,435.82,12000289.79461179
2013-11-17,479.5,12004939.79461179
2013-11-18,650.0,12008839.79461179
2013-11-19,546.46,12012864.79461179
2013-11-20,598.49,12016964.79461179
2013-11-21,718.99,12020714.79461179
2013-11-22,796.5,12025014.79461179
2013-11-23,827.0,12029264.79461179
2013-11-24,807.24,12033464.79461179
2013-11-25,816.27,12037789.79461179
2013-11-26,911.99,12041764.79461179
2013-11-27,963.85,12046089.79461179
2013-11-28,1013.5,12050614.79461179
2013-11-29,1127.49,12054939.79461179
2013-11-30,1124.86,12059214.79461179
2013-12-01,950.0,12064214.79461179
2013-12-02,1042.0,12068189.79461179
2013-12-03,1051.84,12073189.79461179
2013-12-04,1138.58,12077464.79461179
2013-12-05,1030.99,12081714.79461179
2013-12-06,810.0,12086914.79461179
2013-12-07,703.81,12091789.79395749
2013-12-08,786.2,12096664.79395749
2013-12-09,895.0,12101064.79395749
2013-12-10,976.26,12105864.79395749
2013-12-11,876.88,12109989.79395749
2013-12-12,873.0,12114064.79395749
2013-12-13,879.25,12118389.79395749
2013-12-14,852.88,12123364.79395749
2013-12-15,862.49,12127789.79395749
2013-12-16,678.79,12132814.79395749
2013-12-17,681.56,12137889.79395749
2013-12-18,520.12,12142864.79395749
2013-12-19,683.71,12148514.79395749
2013-12-20,609.74,12152964.79395749
2013-12-21,597.5,12156989.79395749
2013-12-22,614.55,12161214.79395749
2013-12-23,659.9,12165489.79395749
2013-12-24,649.54,12169714.79395749
2013-12-25,678.51,12173764.79395749
2013-12-26,747.97,12178264.79395749
2013-12-27,718.8,12182864.79395749
2013-12-28,717.82,12186614.79395749
2013-12-29,728.09,12190814.79395749
2013-12-30,736.5,12195139.79395749
2013-12-31,731.96,12199739.79395749
2014-01-01,754.51,12204864.79395749
2014-01-02,783.84,12208214.79395749
2014-01-03,808.39,12212239.79395749
2014-01-04,828.74,12215764.79395749
2014-01-05,902.35,12220589.79395749
2014-01-06,908.01,12225239.79395749
2014-01-07,810.93,12229664.79395749
2014-01-08,820.99,12234489.79395749
2014-01-09,827.07,12239664.79395749
2014-01-10,847.48,12244339.79395749
2014-01-11,886.47,12249589.79395749
2014-01-12,844.05,12254764.79395749
2014-01-13,827.0,12258989.79395749
2014-01-14,815.55,12263039.79395749
2014-01-15,840.75,12267639.79395749
2014-01-16,816.55,12272264.79395749
2014-01-17,793.98,12276064.79395749
2014-01-18,809.18,12280414.79395749
2014-01-19,841.54,12284639.79395749
2014-01-20,829.6,12289514.79395749
2014-01-21,824.49,12293664.79395749
2014-01-22,819.5,12298464.79395749
2014-01-23,809.69,12302889.79395749
2014-01-24,780.76,12307614.79395749
2014-01-25,802.55,12311739.79395749
2014-01-26,813.37,12315539.79395749
2014-01-27,743.5,12319889.79395749
2014-01-28,786.91,12323739.79395749
2014-01-29,793.75,12327539.79395749
2014-01-30,798.41,12331939.79395749
2014-01-31,803.0,12336539.79395748
2014-02-01,812.18,12341264.79395748
2014-02-02,815.0,12345914.79395748
2014-02-03,806.77,12350439.79395748
2014-02-04,800.21,12354739.79395748
2014-02-05,780.39,12358939.79395748
2014-02-06,763.61,12363489.79395748
2014-02-07,710.1,12367364.79395748
2014-02-08,680.49,12371914.79395748
2014-02-09,686.77,12375364.79395748
2014-02-10,688.7,12379264.79395748
2014-02-11,677.0,12383364.79395748
2014-02-12,651.6,12387814.79395748
2014-02-13,615.25,12392264.79395748
2014-02-14,670.27,12397039.79395748
2014-02-15,655.83,12401714.79395748
2014-02-16,624.31,12406589.79395748
2014-02-17,630.71,12410464.79395748
2014-02-18,626.89,12414539.79395748
2014-02-19,624.42,12419539.79395748
2014-02-20,563.51,12423964.79395748
2014-02-21,574.83,12427764.79395748
2014-02-22,605.35,12432239.79395748
2014-02-23,605.5,12436464.79395748
2014-02-24,545.56,12441239.79395748
2014-02-25,539.85,12445264.79395748
2014-02-26,585.34,12449814.79395748
2014-02-27,586.56,12454564.79395748
2014-02-28,547.5,12459089.79395748
2014-03-01,567.11,12462689.79395748
2014-03-02,554.19,12466189.79395748
2014-03-03,676.38,12469889.79395748
2014-03-04,674.21,12473614.79395748
2014-03-05,670.7,12477514.79395748
2014-03-06,669.0,12481839.79395748
2014-03-07,630.79,12485989.79395748
2014-03-08,620.52,12490189.79395748
2014-03-09,640.0,12494664.79395748
2014-03-10,628.1,12498389.79395748
2014-03-11,635.7,12502589.79395748
2014-03-12,634.95,12507139.79395748
2014-03-13,642.5,12511189.79390288
2014-03-14,629.48,12514514.79390288
2014-03-15,634.91,12518639.79390288
2014-03-16,634.98,12522914.79390288
2014-03-17,622.39,12526939.79390288
2014-03-18,611.05,12530589.79390288
2014-03-19,611.24,12534589.79390288
2014-03-20,585.6,12539014.79390288
2014-03-21,570.93,12543664.79390288
2014-03-22,563.73,12547914.79390288
2014-03-23,561.47,12553264.79360286
2014-03-24,584.4,12557964.79360286
2014-03-25,583.48,12561889.79360286
2014-03-26,581.92,12565864.79360286
2014-03-27,475.43,12570189.79360286
2014-03-28,500.37,12574539.79360286
2014-03-29,491.99,12578889.79360286
2014-03-30,460.92,12582389.79360286
2014-03-31,455.24,12586914.79360286
2014-04-01,479.2,12591189.79360286
2014-04-02,439.21,12596089.79360286
2014-04-03,450.96,12601214.79260287
2014-04-04,451.73,12606089.79260287
2014-04-05,463.25,12610364.79260287
2014-04-06,457.47,12614139.79260287
2014-04-07,449.05,12617914.79260287
2014-04-08,453.28,12621264.79260287
2014-04-09,441.93,12625289.79260287
2014-04-10,370.26,12629164.79260287
2014-04-11,423.41,12633389.79260287
2014-04-12,423.12,12637414.79260287
2014-04-13,416.38,12642089.79260287
2014-04-14,459.82,12646914.79260287
2014-04-15,523.1,12651464.79260287
2014-04-16,528.13,12655439.79260287
2014-04-17,498.6,12659664.79260287
2014-04-18,482.49,12663664.79260287
2014-04-19,503.8,12667639.79260287
2014-04-20,501.54,12672089.79260287
2014-04-21,496.65,12676364.79260287
2014-04-22,489.26,12680214.79260287
2014-04-23,489.55,12684339.79260287
2014-04-24,502.32,12688114.79260287
2014-04-25,466.7,12692664.79260287
2014-04-26,461.48,12696739.79260287
2014-04-27,439.9,12701164.79254827
2014-04-28,440.01,12704964.79254827
2014-04-29,448.06,12709214.79254827
2014-04-30,448.85,12712664.79254827
2014-05-01,460.15,12717064.79254827
2014-05-02,450.89,12721089.79254827
2014-05-03,439.86,12724639.79254827
2014-05-04,437.5,12728414.79254827
2014-05-05,431.27,12731539.79254827
2014-05-06,429.5,12736389.79254827
2014-05-07,443.76,12740364.79254827
2014-05-08,439.0,12744539.79254827
2014-05-09,452.61,12748789.79254827
2014-05-10,455.19,12753264.79244827
2014-05-11,438.3,12757064.79244827
2014-05-12,442.47,12761164.79244827
2014-05-13,438.85,12765214.79244827
2014-05-14,446.13,12768964.79244827
2014-05-15,446.53,12773239.79190227
2014-05-16,447.0,12777764.79190227
2014-05-17,450.73,12782089.79190227
2014-05-18,446.89,12786389.79190227
2014-05-19,447.76,12790589.79102867
2014-05-20,488.81,12795014.79102867
2014-05-21,493.32,12799389.79102867
2014-05-22,528.16,12803689.79102867
2014-05-23,523.06,12807814.79102854
2014-05-24,527.0,12811664.79102854
2014-05-25,572.09,12815689.79102854
2014-05-26,584.88,12819639.79102854
2014-05-27,572.7,12823039.79102854
2014-05-28,580.68,12827264.79102854
2014-05-29,572.62,12830789.79102854
2014-05-30,620.65,12834964.79102854
2014-05-31,626.42,12838639.79102854
2014-06-01,627.48,12843014.79102854
2014-06-02,663.48,12847839.79102854
2014-06-03,670.32,12852264.79102854
2014-06-04,643.23,12856814.79102854
2014-06-05,662.37,12860614.79102854
2014-06-06,649.23,12864089.79102854
2014-06-07,655.95,12867964.79102854
2014-06-08,656.7,12871364.79102854
2014-06-09,648.82,12875264.79102854
2014-06-10,648.53,12879439.79102854
2014-06-11,622.63,12883089.79102854
2014-06-12,571.84,12887389.79102854
2014-06-13,591.0,12891464.79102854
2014-06-14,566.29,12895914.79002854
2014-06-15,584.29,12900664.79002854
2014-06-16,589.06,12905364.79002854
2014-06-17,606.74,12909964.79002854
2014-06-18,607.97,12913914.79002854
2014-06-19,592.72,12918089.79002854
2014-06-20,592.97,12922739.79002854
2014-06-21,591.69,12927389.79002854
2014-06-22,599.93,12931889.78970094
2014-06-23,588.66,12936289.78964634
2014-06-24,573.8,12940989.78964634
2014-06-25,560.33,12945664.78948254
2014-06-26,577.34,12949939.78948254
2014-06-27,599.85,12954864.78948254
2014-06-28,590.79,12959414.78948254
2014-06-29,600.0,12963339.78948254
2014-06-30,636.09,12966639.78948254
2014-07-01,644.57,12969964.78948254
2014-07-02,650.05,12973389.78948254
2014-07-03,647.44,12976864.78948254
2014-07-04,629.0,12981014.78948254
2014-07-05,630.68,12984814.78948254
2014-07-06,631.84,12988364.78948254
2014-07-07,623.88,12992114.78948254
2014-07-08,624.47,12995864.78948254
2014-07-09,620.84,13000014.78948254
2014-07-10,616.79,13003739.78937334
2014-07-11,633.7,13007639.78937334
2014-07-12,636.18,13011564.78937334
2014-07-13,629.33,13015564.78931874
2014-07-14,619.9,13018939.78931874
2014-07-15,623.82,13022914.78931874
2014-07-16,616.93,13026514.78931874
2014-07-17,626.08,13030814.78912764
2014-07-18,631.85,13035114.78912764
2014-07-19,629.31,13039539.78912764
2014-07-20,626.99,13043414.78912764
2014-07-21,622.24,13047289.78798104
2014-07-22,620.0,13050839.78798104
2014-07-23,620.12,13054489.78798104
2014-07-24,603.97,13058064.78789914
2014-07-25,602.58,13062139.78781724
2014-07-26,595.07,13065489.78708014
2014-07-27,591.75,13069314.78708014
2014-07-28,589.97,13073064.78708014
2014-07-29,584.38,13076789.78708014
2014-07-30,562.11,13081089.78699824
2014-07-31,582.03,13084939.78686174
2014-08-01,598.84,13088864.78669788
2014-08-02,590.73,13092939.78669785
2014-08-03,584.74,13096789.78669785
2014-08-04,588.24,13099989.78669785
2014-08-05,580.29,13103364.78669785
2014-08-06,582.01,13107464.78669785
2014-08-07,585.35,13111464.78669783
2014-08-08,588.5,13115389.78669783
2014-08-09,588.65,13119964.78669783
2014-08-10,589.79,13124389.78669783
2014-08-11,573.04,13128939.78669783
2014-08-12,568.42,13133289.78669783
2014-08-13,549.98,13136914.78669783
2014-08-14,505.64,13141414.78669783
2014-08-15,501.57,13145539.78669783
2014-08-16,524.23,13149489.78669783
2014-08-17,499.06,13153739.78669783
2014-08-18,474.0,13158689.7866978
2014-08-19,490.0,13163339.78669778
2014-08-20,517.2,13167564.78669778
2014-08-21,520.07,13171689.78669777
2014-08-22,516.13,13175614.78669776
2014-08-23,496.97,13179664.78669774
2014-08-24,508.23,13183314.78669772
2014-08-25,503.13,13186739.78669772
2014-08-26,512.48,13191064.78669772
2014-08-27,510.99,13195289.78669771
2014-08-28,506.4,13199614.78669771
2014-08-29,508.86,13203864.78669769
2014-08-30,501.0,13208414.78616061
2014-08-31,478.46,13213114.78616058
2014-09-01,475.19,13216514.78616056
2014-09-02,474.16,13220189.78616053
2014-09-03,475.47,13224414.78616051
2014-09-04,488.24,13228364.78616049
2014-09-05,477.53,13231989.78616047
2014-09-06,479.57,13236464.78616046
2014-09-07,476.97,13240339.78616045
2014-09-08,467.84,13243939.78616045
2014-09-09,473.94,13247589.78616045
2014-09-10,477.17,13251514.78616045
2014-09-11,477.76,13255764.78616045
2014-09-12,473.78,13259614.78616045
2014-09-13,477.63,13264139.78616045
2014-09-14,475.48,13268089.78616045
2014-09-15,470.42,13272039.78616045
2014-09-16,463.42,13276314.78616045
2014-09-17,452.63,13280964.78599664
2014-09-18,426.19,13285439.78583284
2014-09-19,394.91,13289714.78583284
2014-09-20,412.18,13294114.78583284
2014-09-21,400.22,13298214.78566904
2014-09-22,399.96,13302414.78566904
2014-09-23,439.55,13306164.78566904
2014-09-24,423.61,13310064.78566904
2014-09-25,409.11,13314364.78566904
2014-09-26,404.95,13317714.78566902
2014-09-27,400.84,13321039.78566902
2014-09-28,375.23,13324314.78566902
2014-09-29,372.6,13327739.78566902
2014-09-30,390.21,13331564.785669
2014-10-01,383.25,13335439.785669
2014-10-02,375.66,13338864.78566899
2014-10-03,357.98,13342539.78566899
2014-10-04,328.8,13346389.78566897
2014-10-05,323.79,13350614.78566897
2014-10-06,328.37,13354639.78566895
2014-10-07,332.99,13357989.78566894
2014-10-08,355.55,13361589.78566894
2014-10-09,360.38,13365289.78566892
2014-10-10,360.51,13369164.78566889
2014-10-11,362.61,13372764.78566888
2014-10-12,378.44,13376464.78566888
2014-10-13,390.95,13380339.78566888
2014-10-14,403.37,13383639.78566887
2014-10-15,395.28,13387414.78566887
2014-10-16,383.93,13391114.78566887
2014-10-17,383.31,13394664.78566887
2014-10-18,391.63,13398764.78566887
2014-10-19,388.62,13402089.78566887
2014-10-20,381.76,13405514.78566887
2014-10-21,385.54,13409339.78566887
2014-10-22,382.71,13413314.78566887
2014-10-23,357.15,13417089.78566887
2014-10-24,358.47,13421064.78566887
2014-10-25,347.0,13424939.78566887
2014-10-26,353.81,13428064.78566887
2014-10-27,351.45,13432039.78566887
2014-10-28,355.93,13435489.78566886
2014-10-29,334.68,13439364.78566886
2014-10-30,346.08,13443614.78566886
2014-10-31,337.78,13448314.78566886
2014-11-01,323.84,13452289.78566886
2014-11-02,324.82,13456164.78566886
2014-11-03,325.5,13460389.78566886
2014-11-04,328.03,13464439.78566886
2014-11-05,338.64,13467889.78566886
2014-11-06,349.97,13471714.78566885
2014-11-07,342.29,13475489.78566885
2014-11-08,345.77,13479314.78566885
2014-11-09,365.89,13483064.78556884
2014-11-10,366.64,13486739.78556884
2014-11-11,368.27,13489964.78556884
2014-11-12,421.99,13493639.78556884
2014-11-13,417.33,13497264.78556884
2014-11-14,397.99,13501114.78556884
2014-11-15,377.0,13504614.78556884
2014-11-16,389.75,13508364.78540504
2014-11-17,388.0,13511964.78540504
2014-11-18,374.72,13515814.78540504
2014-11-19,378.37,13519339.78540504
2014-11-20,356.36,13522789.78530504
2014-11-21,350.82,13525964.78530504
2014-11-22,353.53,13529814.78530504
2014-11-23,367.12,13533364.78530504
2014-11-24,377.94,13537039.78530504
2014-11-25,375.8,13540339.78530504
2014-11-26,366.1,13543764.78530504
2014-11-27,369.63,13547289.78530504
2014-11-28,376.89,13550989.78530504
2014-11-29,376.55,13554914.78530502
2014-11-30,377.08,13558914.78530502
2014-12-01,377.62,13562164.78530502
2014-12-02,379.19,13565914.78530502
2014-12-03,375.1,13568814.78530502
2014-12-04,367.33,13572464.78530502
2014-12-05,374.94,13576364.78525042
2014-12-06,375.07,13579789.78525042
2014-12-07,376.38,13582939.78525039
2014-12-08,362.94,13587014.78525039
2014-12-09,351.67,13590564.78525039
2014-12-10,347.15,13594139.78525039
2014-12-11,349.01,13597839.78525039
2014-12-12,352.21,13601364.78525037
2014-12-13,351.01,13605014.78525037
2014-12-14,357.98,13608539.78525037
2014-12-15,347.19,13612064.78525037
2014-12-16,330.55,13615639.78525036
2014-12-17,321.15,13618839.78525035
2014-12-18,311.7,13622064.78525035
2014-12-19,318.57,13625489.78525035
2014-12-20,331.44,13628839.78525035
2014-12-21,321.53,13632139.78525034
2014-12-22,331.77,13636239.78525033
2014-12-23,336.57,13639989.78525033
2014-12-24,322.97,13643814.78525033
2014-12-25,319.42,13647764.78525033
2014-12-26,329.94,13651564.78525033
2014-12-27,316.31,13655364.78525033
2014-12-28,317.17,13659589.78525033
2014-12-29,313.09,13663689.78525033
2014-12-30,311.87,13667564.78525033
2014-12-31,320.98,13671364.78525033
2015-01-01,314.39,13675489.78521033
2015-01-02,315.99,13679614.78521033
2015-01-03,288.53,13683664.78496462
2015-01-04,264.01,13687964.78496462
2015-01-05,276.8,13691864.78496462
2015-01-06,281.0,13695814.78496462
2015-01-07,300.0,13699314.78496462
2015-01-08,288.99,13702989.78496462
2015-01-09,288.99,13706489.78496462
2015-01-10,288.99,13710164.78496462
2015-01-11,288.99,13714039.78496462
2015-01-12,288.99,13717589.78496462
2015-01-13,260.0,13720764.78496462
2015-01-14,120.0,13724389.78496462
2015-01-15,211.91,13728164.78463702
2015-01-16,199.46,13731639.78463702
2015-01-17,184.0,13735089.78463702
2015-01-18,184.0,13738914.78463702
2015-01-19,225.51,13742514.78463702
2015-01-20,208.0,13745464.78463702
2015-01-21,225.51,13749189.78463701
2015-01-22,231.69,13752564.78463701
2015-01-23,234.26,13755664.78463701
2015-01-24,247.56,13758814.78463701
2015-01-25,252.82,13761939.78463701
2015-01-26,272.26,13765114.78463701
2015-01-27,262.91,13768839.78463701
2015-01-28,235.14,13772939.78463701
2015-01-29,235.56,13777039.78463701
2015-01-30,230.81,13780489.78463701
2015-01-31,228.22,13784639.78463701
2015-02-01,227.69,13788514.78463701
2015-02-02,226.88,13792489.78463701
2015-02-03,228.89,13795664.78463701
2015-02-04,226.46,13799639.78463701
2015-02-05,217.89,13803614.78463701
2015-02-06,223.38,13808039.78463699
2015-02-07,228.93,13812014.78463699
2015-02-08,223.71,13815314.78463699
2015-02-09,221.2,13819339.77463699
2015-02-10,221.22,13822939.77463699
2015-02-11,219.68,13826889.77463699
2015-02-12,221.74,13829864.77463699
2015-02-13,237.16,13833514.77463699
2015-02-14,257.18,13837514.77463699
2015-02-15,233.52,13841014.77463699
2015-02-16,237.29,13844939.77463699
2015-02-17,242.61,13848664.77463699
2015-02-18,234.91,13852839.77463699
2015-02-19,242.3,13856989.77430939
2015-02-20,245.4,13860939.77414559
2015-02-21,245.69,13864489.77398179
2015-02-22,236.11,13868264.77349039
2015-02-23,239.58,13871814.77349039
2015-02-24,239.97,13875039.77349039
2015-02-25,238.67,13879014.77349039
2015-02-26,237.38,13882764.77349039
2015-02-27,254.07,13886564.77349039
2015-02-28,252.29,13890114.77349039
2015-03-01,257.53,13893614.77168859
2015-03-02,272.95,13897564.77168859
2015-03-03,279.84,13901514.77168859
2015-03-04,270.26,13905014.77168859
2015-03-05,277.88,13908314.77168859
2015-03-06,272.63,13912014.77168859
2015-03-07,276.38,13915514.77168859
2015-03-08,275.83,13919414.77168859
2015-03-09,286.77,13923014.77152479
2015-03-10,292.05,13926814.77152479
2015-03-11,295.27,13930664.77152479
2015-03-12,295.43,13933939.77152479
2015-03-13,287.83,13937589.77152479
2015-03-14,284.39,13940864.77152479
2015-03-15,286.6,13944439.77136099
2015-03-16,289.54,13947914.77136099
2015-03-17,285.85,13951114.77136098
2015-03-18,256.73,13954939.77136098
2015-03-19,262.71,13958364.77136098
2015-03-20,263.19,13961764.77136098
2015-03-21,260.92,13965539.77136098
2015-03-22,268.37,13969089.77136098
2015-03-23,266.21,13972714.77136098
2015-03-24,248.65,13977039.77136098
2015-03-25,245.63,13981089.77136098
2015-03-26,251.1,13984789.77136098
2015-03-27,248.62,13989064.77136098
2015-03-28,251.33,13992764.77136098
2015-03-29,242.83,13996589.77136098
2015-03-30,248.38,14000139.77136098
2015-03-31,244.13,14003889.77136098
2015-04-01,245.84,14007189.77136098
2015-04-02,251.35,14011339.77136098
2015-04-03,253.65,14014989.77136098
2015-04-04,253.57,14018814.77136098
2015-04-05,258.83,14022514.77095148
2015-04-06,256.83,14025664.77095148
2015-04-07,254.12,14029464.77095148
2015-04-08,245.9,14032589.77095148
2015-04-09,242.93,14035914.77095148
2015-04-10,235.12,14039714.77095148
2015-04-11,237.18,14043214.77095148
2015-04-12,237.13,14046414.77095148
2015-04-13,224.14,14050314.77095148
2015-04-14,216.29,14054039.77090148
2015-04-15,221.17,14057089.77090148
2015-04-16,228.69,14060539.77090148
2015-04-17,223.5,14063689.77090148
2015-04-18,223.79,14067339.77090148
2015-04-19,223.68,14070964.77090148
2015-04-20,223.93,14074814.77090148
2015-04-21,234.05,14078639.77090148
2015-04-22,233.57,14082439.77090148
2015-04-23,234.71,14085689.77090148
2015-04-24,231.52,14088789.77090148
2015-04-25,226.9,14092864.77090148
2015-04-26,219.37,14096464.77089602
2015-04-27,226.99,14099889.77089602
2015-04-28,224.43,14103714.77089602
2015-04-29,226.66,14106889.77089602
2015-04-30,237.11,14110239.77089602
2015-05-01,233.92,14113939.77089602
2015-05-02,234.79,14117614.77089602
2015-05-03,239.83,14121139.77089602
2015-05-04,237.66,14124339.77089602
2015-05-05,234.79,14128189.77089602
2015-05-06,229.35,14132214.77089602
2015-05-07,237.24,14135739.77089602
2015-05-08,244.42,14139489.77089602
2015-05-09,242.75,14142714.77089602
2015-05-10,240.11,14145939.77069602
2015-05-11,241.62,14149889.77069602
2015-05-12,241.99,14153639.77069602
2015-05-13,237.22,14157689.77069602
2015-05-14,237.31,14161539.77069602
2015-05-15,237.5,14165214.77069602
2015-05-16,237.03,14168514.77069602
2015-05-17,237.04,14172789.77069602
2015-05-18,234.03,14176389.77069602
2015-05-19,232.18,14179639.77069602
2015-05-20,234.29,14183264.77059602
2015-05-21,235.08,14187139.77049602
2015-05-22,239.53,14190589.77049602
2015-05-23,238.57,14193389.77049602
2015-05-24,240.26,14197039.77039602
2015-05-25,236.21,14200564.77039602
2015-05-26,236.94,14204164.77039602
2015-05-27,234.91,14207614.77039602
2015-05-28,237.36,14210914.77039602
2015-05-29,236.81,14214764.76889602
2015-05-30,232.05,14218164.76889602
2015-05-31,229.49,14221864.76889602
2015-06-01,222.67,14225164.76889602
2015-06-02,225.77,14228914.76889602
2015-06-03,226.52,14232464.76889602
2015-06-04,223.98,14235989.76889602
2015-06-05,224.19,14239439.76884602
2015-06-06,224.25,14243889.76884602
2015-06-07,223.7,14247614.76884602
2015-06-08,228.85,14251539.76884602
2015-06-09,229.21,14255314.76884601
2015-06-10,228.91,14259539.768846
2015-06-11,229.19,14262914.76835459
2015-06-12,229.31,14266464.76834858
2015-06-13,231.75,14270439.76834857
2015-06-14,232.05,14274139.76834857
2015-06-15,236.78,14277739.76834857
2015-06-16,246.88,14280689.76834857
2015-06-17,247.44,14284639.76802097
2015-06-18,248.98,14288539.76802095
2015-06-19,246.23,14292214.76801545
2015-06-20,245.04,14295564.76801544
2015-06-21,242.87,14298664.76785584
2015-06-22,248.35,14302489.76763204
2015-06-23,244.84,14305989.76733197
2015-06-24,240.12,14309889.76733194
2015-06-25,242.21,14313689.76733191
2015-06-26,242.54,14317539.7673306
2015-06-27,250.93,14320764.76733059
2015-06-28,248.79,14324289.76733054
2015-06-29,255.63,14327789.76733051
2015-06-30,263.03,14331414.76733049
2015-07-01,257.89,14334789.76733042
2015-07-02,254.46,14338639.76701193
2015-07-03,256.61,14342664.7668119
2015-07-04,259.91,14346464.76681171
2015-07-05,270.01,14350014.76681168
2015-07-06,272.26,14354539.76680159
2015-07-07,265.89,14357889.76680146
2015-07-08,268.98,14361914.76680146
2015-07-09,269.51,14365239.76680142
2015-07-10,285.43,14369089.76675142
2015-07-11,292.88,14372789.76669132
2015-07-12,309.45,14376164.76669132
2015-07-13,291.82,14379864.76669129
2015-07-14,289.17,14383464.76669119
2015-07-15,290.69,14387289.76669114
2015-07-16,277.22,14390639.76669114
2015-07-17,278.82,14394314.76669114
2015-07-18,277.9,14398039.76669114
2015-07-19,275.77,14401839.76669103
2015-07-20,278.61,14405739.76669082
2015-07-21,278.64,14408914.76669042
2015-07-22,276.57,14412764.76669009
2015-07-23,276.23,14416264.76669006
2015-07-24,288.41,14420489.76667983
2015-07-25,288.43,14424339.76667982
2015-07-26,292.02,14427939.76667962
2015-07-27,295.2,14431664.76667941
2015-07-28,295.28,14435064.76667941
2015-07-29,291.49,14438864.76665941
2015-07-30,287.97,14442214.76648561
2015-07-31,285.32,14445989.76648561
2015-08-01,282.11,14449864.76648561
2015-08-02,282.14,14453639.7663218
2015-08-03,284.26,14457564.7663218
2015-08-04,285.27,14460964.76631634
2015-08-05,282.33,14464289.76614708
2015-08-06,278.58,14467864.76614708
2015-08-07,278.91,14471289.76614708
2015-08-08,268.77,14475314.76614708
2015-08-09,265.15,14478864.76598323
2015-08-10,263.75,14483039.76598323
2015-08-11,267.99,14487089.76581943
2015-08-12,269.27,14490239.76581943
2015-08-13,265.61,14493914.76581943
2015-08-14,266.1,14497464.76581943
2015-08-15,263.26,14500889.76581942
2015-08-16,257.28,14504339.76565562
2015-08-17,257.17,14508014.76532802
2015-08-18,251.23,14511539.76532802
2015-08-19,226.12,14515439.76532802
2015-08-20,235.04,14519189.76450902
2015-08-21,234.17,14523314.76352622
2015-08-22,231.46,14527264.76352619
2015-08-23,228.72,14530614.76352619
2015-08-24,251.08,14534489.76352619
2015-08-25,222.13,14537864.76319859
2015-08-26,226.63,14541889.76314126
2015-08-27,226.59,14545289.76297625
2015-08-28,233.38,14549189.76277625
2015-08-29,229.2,14553189.76277625
2015-08-30,228.46,14556939.76277625
2015-08-31,229.73,14560864.75252711
2015-09-01,227.98,14564714.75232711
2015-09-02,229.11,14568714.74262711
2015-09-03,226.75,14572364.74118889
2015-09-04,231.38,14576264.72948887
2015-09-05,251.26,14579939.72948887
2015-09-06,240.52,14583539.72917249
2015-09-07,240.16,14587339.72875611
2015-09-08,243.26,14590739.72755611
2015-09-09,238.49,14594464.39563973
2015-09-10,239.71,14598738.98623973
2015-09-11,240.15,14602687.42113973
2015-09-12,235.63,14606061.28543973
2015-09-13,229.09,14609836.21063972
2015-09-14,230.68,14613636.16283971
2015-09-15,229.26,14617636.16283971
2015-09-16,228.13,14621186.16283425
2015-09-17,232.13,14624786.16282879
2015-09-18,233.64,14628461.16282879
2015-09-19,231.42,14631586.16282879
2015-09-20,229.73,14634786.16262878
2015-09-21,226.96,14638086.16232232
2015-09-22,229.39,14642011.1621568
2015-09-23,229.19,14645961.1621568
2015-09-24,234.15,14649461.16214042
2015-09-25,234.58,14653561.16204042
2015-09-26,234.47,14657236.16199128
2015-09-27,232.28,14660961.16199128
2015-09-28,238.99,14664536.16199128
2015-09-29,237.28,14668886.16199126
2015-09-30,237.21,14672586.16139126
2015-10-01,237.58,14676311.16139126
2015-10-02,237.41,14679761.16139126
2015-10-03,239.71,14683386.16129126
2015-10-04,239.12,14687211.16128576
2015-10-05,239.92,14691036.16128575
2015-10-06,246.54,14694586.16128556
2015-10-07,243.84,14697911.16128556
2015-10-08,243.17,14701411.16126918
2015-10-09,245.16,14704561.16126918
2015-10-10,245.73,14708561.16126918
2015-10-11,248.55,14712211.16126915
2015-10-12,245.89,14715761.16126915
2015-10-13,248.99,14719186.16125274
2015-10-14,253.43,14722986.1612427
2015-10-15,254.17,14727136.1612427
2015-10-16,262.39,14730736.15944267
2015-10-17,269.6,14734136.13954267
2015-10-18,262.73,14737761.13914257
2015-10-19,263.34,14741886.13564252
2015-10-20,269.4,14745086.13564243
2015-10-21,268.93,14748686.13564233
2015-10-22,275.29,14752386.13564229
2015-10-23,278.56,14756111.13564225
2015-10-24,279.32,14759736.13564218
2015-10-25,287.95,14763611.13564202
2015-10-26,285.66,14767711.13564171
2015-10-27,295.31,14771386.13564154
2015-10-28,302.15,14774861.13564121
2015-10-29,313.34,14778636.13544093
2015-10-30,326.47,14782911.13544081
2015-10-31,311.21,14786586.13544078
2015-11-01,327.05,14790411.13544076
2015-11-02,363.04,14794236.13544069
2015-11-03,398.91,14798111.13544067
2015-11-04,416.94,14801986.13543059
2015-11-05,406.55,14805636.13542978
2015-11-06,372.32,14809261.13542975
2015-11-07,384.96,14813061.13542967
2015-11-08,383.45,14816536.13541325
2015-11-09,380.29,14820261.13541278
2015-11-10,335.27,14823911.13539571
2015-11-11,312.05,14828111.13537906
2015-11-12,327.7,14832136.1352761
2015-11-13,334.65,14836136.13527581
2015-11-14,332.75,14839686.1352757
2015-11-15,322.61,14843686.13527471
2015-11-16,331.14,14848011.13527453
2015-11-17,335.27,14851736.1352688
2015-11-18,335.27,14855561.13525778
2015-11-19,327.7,14858961.13525742
2015-11-20,320.86,14863136.13525728
2015-11-21,324.43,14867486.13524075
2015-11-22,323.82,14871786.13524056
2015-11-23,323.83,14875861.13524023
2015-11-24,320.49,14879761.13524011
2015-11-25,327.46,14883461.13523992
2015-11-26,351.16,14887861.13523984
2015-11-27,358.73,14891186.13515748
2015-11-28,355.72,14895036.1349356
2015-11-29,363.56,14898761.1348373
2015-11-30,376.09,14902811.13483719
2015-12-01,362.56,14906986.13482619
2015-12-02,359.11,14911011.13482609
2015-12-03,362.07,14914561.13482596
2015-12-04,362.87,14918386.13482583
2015-12-05,384.37,14922761.13479302
2015-12-06,393.1,14926736.13458208
2015-12-07,394.11,14930411.13452084
2015-12-08,397.16,14934786.13404066
2015-12-09,416.72,14938986.1340406
2015-12-10,416.67,14944386.13404054
2015-12-11,450.52,14948386.1339405
2015-12-12,427.65,14952436.13393043
2015-12-13,436.88,14955986.13393037
2015-12-14,441.93,14960861.13393011
2015-12-15,461.98,14965436.13385339
2015-12-16,456.28,14969511.13382056
2015-12-17,456.57,14973386.13382042
2015-12-18,461.9,14977611.13382039
2015-12-19,462.37,14981536.13382033
2015-12-20,441.44,14985661.13376031
2015-12-21,436.62,14989386.13376028
2015-12-22,436.88,14993136.13376016
2015-12-23,441.77,14997061.13375988
2015-12-24,455.5,15000511.13375977
2015-12-25,456.47,15004561.13375975
2015-12-26,417.49,15008836.13375974
2015-12-27,422.24,15013961.13375937
2015-12-28,420.9,15017736.13375936
2015-12-29,430.05,15021711.13375907
2015-12-30,427.1,15025836.13375898
2015-12-31,431.35,15029386.13375289
2016-01-01,433.57,15032761.13374194
2016-01-02,432.89,15036386.1337419
2016-01-03,428.86,15040011.13374189
2016-01-04,433.51,15044536.13374178
2016-01-05,432.08,15048461.13374084
2016-01-06,431.7,15051986.13373527
2016-01-07,456.42,15055661.13373498
2016-01-08,452.27,15059986.1337344
2016-01-09,451.89,15063761.13373428
2016-01-10,447.14,15068136.13373425
2016-01-11,447.56,15072386.13373418
2016-01-12,446.97,15076636.13373409
2016-01-13,431.01,15080336.13373393
2016-01-14,431.58,15083661.13373384
2016-01-15,387.93,15086711.13371737
2016-01-16,384.24,15090261.13371732
2016-01-17,384.59,15094036.13371728
2016-01-18,384.85,15098361.1336572
2016-01-19,380.91,15101686.13365166
2016-01-20,407.74,15105486.13365161
2016-01-21,407.86,15108911.13365142
2016-01-22,380.4,15113311.13364037
2016-01-23,389.25,15117786.13364031
2016-01-24,402.67,15122061.13364026
2016-01-25,393.12,15126111.13364007
2016-01-26,393.07,15130111.13363976
2016-01-27,394.65,15133986.13363768
2016-01-28,382.72,15137636.13363757
2016-01-29,377.63,15141861.13331554
2016-01-30,377.53,15146536.13329498
2016-01-31,378.77,15151061.13329493
2016-02-01,372.45,15155086.13329469
2016-02-02,374.35,15159586.13326693
2016-02-03,369.99,15164061.13323563
2016-02-04,387.84,15168261.13323537
2016-02-05,386.16,15172961.13321332
2016-02-06,376.09,15177961.13321325
2016-02-07,376.19,15182361.13321261
2016-02-08,372.79,15186061.13321241
2016-02-09,373.79,15190461.13321212
2016-02-10,380.2,15194561.13321119
2016-02-11,377.53,15199361.13319756
2016-02-12,383.02,15203636.13319726
2016-02-13,388.88,15207536.13319695
2016-02-14,401.7,15211686.13319692
2016-02-15,400.51,15215486.13319655
2016-02-16,406.45,15218936.13319615
2016-02-17,417.21,15222811.1331793
2016-02-18,420.44,15227036.13317911
2016-02-19,418.98,15230661.13317886
2016-02-20,439.75,15234411.13317828
2016-02-21,436.77,15237611.13317822
2016-02-22,436.96,15240786.13317802
2016-02-23,420.32,15244186.1331774
2016-02-24,422.47,15247136.13317656
2016-02-25,421.99,15251011.13279609
2016-02-26,425.12,15254511.13247588
2016-02-27,431.74,15258186.13247566
2016-02-28,430.36,15261536.13247535
2016-02-29,435.84,15264861.13247488
2016-03-01,433.21,15268386.13247454
2016-03-02,427.5,15272311.13237401
2016-03-03,421.4,15275686.1323733
2016-03-04,412.0,15279561.11391517
2016-03-05,401.3,15283311.11391495
2016-03-06,407.04,15287011.11391378
2016-03-07,412.33,15290336.11391328
2016-03-08,412.56,15294186.1139072
2016-03-09,412.69,15298386.11390652
2016-03-10,416.66,15302261.11387588
2016-03-11,418.51,15306261.11387517
2016-03-12,412.05,15309861.11387487
2016-03-13,412.88,15313186.11385472
2016-03-14,413.88,15316986.11385454
2016-03-15,416.86,15321011.11385368
2016-03-16,416.94,15324811.1138526
2016-03-17,418.64,15328336.11359196
2016-03-18,407.56,15331736.11358966
2016-03-19,407.66,15335136.11357959
2016-03-20,412.5,15338786.11355934
2016-03-21,412.22,15342261.113559
2016-03-22,417.06,15345961.1135081
2016-03-23,417.57,15349686.11350746
2016-03-24,416.87,15353361.11350703
2016-03-25,417.11,15357011.11350662
2016-03-26,417.17,15360836.11350654
2016-03-27,426.08,15364361.11350649
2016-03-28,422.17,15368611.11103401
2016-03-29,416.17,15372536.11101348
2016-03-30,413.0,15376211.11101256
2016-03-31,416.82,15379311.11101189
2016-04-01,416.94,15383136.11101152
2016-04-02,418.26,15386611.11100266
2016-04-03,417.47,15390161.11100263
2016-04-04,417.81,15394311.11100255
2016-04-05,421.69,15398186.11100244
2016-04-06,421.81,15402111.11099218
2016-04-07,421.42,15405586.11093126
2016-04-08,418.45,15409186.11040104
2016-04-09,417.38,15413236.11036093
2016-04-10,421.63,15417561.11036084
2016-04-11,421.91,15421386.11036076
2016-04-12,426.54,15425086.11036026
2016-04-13,425.14,15429186.11036009
2016-04-14,426.01,15433286.10858908
2016-04-15,429.02,15436761.10858875
2016-04-16,431.72,15440211.10858863
2016-04-17,427.04,15444161.10858861
2016-04-18,426.9,15447511.1085881
2016-04-19,431.88,15451261.10858659
2016-04-20,441.69,15455386.10854901
2016-04-21,451.54,15459161.10854142
2016-04-22,446.87,15462736.10853684
2016-04-23,450.79,15466336.10853654
2016-04-24,458.93,15469636.10853271
2016-04-25,466.51,15472811.10852985
2016-04-26,467.85,15476586.10768972
2016-04-27,452.03,15479811.10767344
2016-04-28,447.82,15483186.10767311
2016-04-29,455.54,15487136.10764661
2016-04-30,449.58,15490786.10764657
2016-05-01,452.51,15494661.10763954
2016-05-02,444.69,15498586.10763895
2016-05-03,451.86,15502361.1076386
2016-05-04,446.92,15506536.10568564
2016-05-05,447.72,15510411.1056852
2016-05-06,460.0,15514461.10568457
2016-05-07,457.74,15518211.10568454
2016-05-08,457.45,15522411.10568446
2016-05-09,461.95,15526686.10568239
2016-05-10,452.45,15530636.10568231
2016-05-11,452.52,15533961.10567517
2016-05-12,452.62,15537436.10567268
2016-05-13,457.07,15541236.10567255
2016-05-14,457.22,15544836.10567248
2016-05-15,457.58,15548311.10567242
2016-05-16,456.55,15551836.10567182
2016-05-17,452.92,15555361.10565159
2016-05-18,453.3,15559186.1056484
2016-05-19,442.7,15562186.10542638
2016-05-20,441.89,15565911.10542637
2016-05-21,442.32,15569436.10542637
2016-05-22,438.03,15574036.10542637
2016-05-23,441.93,15578536.1054163
2016-05-24,446.55,15582211.10541627
2016-05-25,447.18,15585661.10541622
2016-05-26,452.79,15589036.10541617
2016-05-27,471.91,15592511.10541607
2016-05-28,523.11,15595836.10541607
2016-05-29,524.2,15599511.10541607
2016-05-30,526.47,15603111.10541601
2016-05-31,527.92,15606286.10541596
2016-06-01,537.07,15609861.10541291
2016-06-02,536.86,15613311.10518488
2016-06-03,569.75,15616861.10507888
2016-06-04,573.34,15619836.10497886
2016-06-05,574.26,15624086.10497886
2016-06-06,582.87,15628336.10497868
2016-06-07,575.63,15631836.10491857
2016-06-08,581.48,15635436.10491854
2016-06-09,575.43,15639561.10476847
2016-06-10,576.69,15643161.1047584
2016-06-11,584.79,15647061.1047584
2016-06-12,670.21,15650711.10475839
2016-06-13,699.02,15654736.10475837
2016-06-14,685.77,15658036.10475831
2016-06-15,691.4,15661836.10475819
2016-06-16,766.99,15665561.10475409
2016-06-17,746.5,15669286.10475401
2016-06-18,751.92,15673236.10475401
2016-06-19,761.84,15677661.10475399
2016-06-20,735.43,15681761.10475398
2016-06-21,666.28,15685486.10475393
2016-06-22,623.07,15688711.10475389
2016-06-23,622.68,15692211.10475383
2016-06-24,657.46,15695436.1047538
2016-06-25,661.34,15699486.10475379
2016-06-26,624.8,15703136.10474378
2016-06-27,646.31,15706811.10474376
2016-06-28,646.03,15710511.10474373
2016-06-29,633.44,15714161.10474368
2016-06-30,668.43,15717911.10474153
2016-07-01,676.17,15721786.10474151
2016-07-02,699.82,15725511.10474144
2016-07-03,662.47,15729361.10474144
2016-07-04,675.36,15733136.10474141
2016-07-05,669.08,15736761.10474131
2016-07-06,675.73,15740261.10474131
2016-07-07,638.38,15743686.10474124
2016-07-08,661.36,15747311.10474122
2016-07-09,652.67,15750436.10474103
2016-07-10,646.58,15752386.10474103
2016-07-11,647.23,15754173.60474101
2016-07-12,668.97,15755961.10474093
2016-07-13,662.01,15757573.60473786
2016-07-14,661.7,15759336.10473785
2016-07-15,667.78,15761023.60473783
2016-07-16,663.07,15762986.10473783
2016-07-17,675.92,15764848.60473783
2016-07-18,674.6,15766698.60473576
2016-07-19,670.7,15768298.60473572
2016-07-20,668.2,15770173.60473565
2016-07-21,666.58,15771836.10473559
2016-07-22,653.51,15773448.60473554
2016-07-23,654.02,15775086.10473554
2016-07-24,662.33,15776636.10473553
2016-07-25,654.25,15778273.60473552
2016-07-26,653.75,15779886.1047354
2016-07-27,654.2,15781486.1047354
2016-07-28,653.96,15783186.10473536
2016-07-29,656.2,15785023.60473531
2016-07-30,653.8,15786511.10473531
2016-07-31,630.61,15788436.10473531
2016-08-01,614.17,15790348.6047353
2016-08-02,556.94,15792273.6047343
2016-08-03,567.98,15794348.60473128
2016-08-04,575.12,15796261.10472027
2016-08-05,575.61,15798373.60472011
2016-08-06,588.26,15800448.60472011
2016-08-07,593.62,15802298.60472011
2016-08-08,589.88,15804148.60472
2016-08-09,586.93,15805698.6047177
2016-08-10,595.52,15807586.10471745
2016-08-11,589.3,15809461.10471729
2016-08-12,588.04,15811323.60471726
2016-08-13,584.29,15813361.10471723
2016-08-14,568.88,15815398.60471723
2016-08-15,566.99,15817223.6047172
2016-08-16,576.85,15818911.1047172
2016-08-17,569.65,15820448.60471718
2016-08-18,573.37,15822373.60471717
2016-08-19,574.2,15824298.60471714
2016-08-20,577.73,15826236.10471611
2016-08-21,577.2,15828273.60471611
2016-08-22,583.01,15830248.60441064
2016-08-23,582.62,15832086.10441063
2016-08-24,576.32,15833986.10441062
2016-08-25,575.7,15835611.10429061
2016-08-26,576.75,15837261.10429061
2016-08-27,569.51,15839061.10429061
2016-08-28,570.4,15840961.10429059
2016-08-29,574.78,15842823.60429051
2016-08-30,575.77,15844873.60429048
2016-08-31,570.42,15846548.60429039
2016-09-01,569.72,15848298.60429038
2016-09-02,570.38,15850211.10429024
2016-09-03,596.25,15851786.10429024
2016-09-04,602.82,15854023.60429024
2016-09-05,603.94,15855773.60429023
2016-09-06,609.11,15857473.60429014
2016-09-07,615.57,15859373.60428909
2016-09-08,623.86,15861173.60428901
2016-09-09,623.67,15862948.6042889
2016-09-10,624.16,15864886.1042889
2016-09-11,602.82,15866936.10428889
2016-09-12,607.28,15868973.60428784
2016-09-13,609.21,15871036.10428572
2016-09-14,609.76,15872986.10428549
2016-09-15,607.19,15874911.10428497
2016-09-16,608.39,15876648.60428491
2016-09-17,603.6,15878686.10413484
2016-09-18,609.36,15880498.60413482
2016-09-19,609.33,15882161.10403371
2016-09-20,609.64,15884048.60403367
2016-09-21,595.8,15886123.60403355
2016-09-22,595.89,15887886.10403349
2016-09-23,602.49,15889586.10402794
2016-09-24,602.64,15891661.10402793
2016-09-25,597.98,15893973.60402793
2016-09-26,603.46,15895886.1040279
2016-09-27,602.75,15897973.60402783
2016-09-28,603.03,15899823.60392779
2016-09-29,603.5,15901611.10392776
2016-09-30,604.83,15903386.10392773
2016-10-01,611.13,15905348.60392773
2016-10-02,608.85,15907111.10392773
2016-10-03,610.11,15908998.60392764
2016-10-04,608.97,15910973.60392757
2016-10-05,609.99,15913061.1039275
2016-10-06,610.02,15915073.60392743
2016-10-07,616.43,15916861.10392732
2016-10-08,617.68,15918973.6039273
2016-10-09,613.83,15920973.60392728
2016-10-10,617.56,15922523.60392695
2016-10-11,638.29,15924261.10392684
2016-10-12,636.4,15926061.10391672
2016-10-13,636.48,15927661.10391644
2016-10-14,638.48,15929361.10391639
2016-10-15,638.71,15931136.10391639
2016-10-16,639.16,15932761.10391639
2016-10-17,638.31,15934323.60391538
2016-10-18,636.02,15936261.10390499
2016-10-19,625.45,15937823.60389491
2016-10-20,626.85,15939498.60386459
2016-10-21,630.76,15941548.60385451
2016-10-22,652.92,15943411.10385451
2016-10-23,651.2,15945211.10383451
2016-10-24,647.59,15946998.60377447
2016-10-25,654.57,15948736.10341442
2016-10-26,669.9,15950461.10341442
2016-10-27,680.48,15952486.10334332
2016-10-28,684.99,15954386.10334313
2016-10-29,714.35,15956248.6033431
2016-10-30,698.44,15958348.60334308
2016-10-31,700.51,15960186.10326279
2016-11-01,724.21,15961986.10321279
2016-11-02,729.61,15963648.60321259
2016-11-03,686.31,15965586.10320243
2016-11-04,698.16,15967036.10319222
2016-11-05,701.32,15968873.60319218
2016-11-06,709.14,15970786.10319216
2016-11-07,707.83,15972611.10319171
2016-11-08,708.75,15974723.60318125
2016-11-09,718.47,15976561.10318101
2016-11-10,711.55,15978661.10318049
2016-11-11,716.47,15980698.60317047
2016-11-12,702.01,15982798.60317045
2016-11-13,700.14,15984573.60317045
2016-11-14,706.9,15986723.60317038
2016-11-15,711.75,15988673.60316028
2016-11-16,738.44,15990811.10305011
2016-11-17,740.06,15992798.60288997
2016-11-18,745.63,15994648.60275978
2016-11-19,750.32,15996423.60264975
2016-11-20,724.49,15998023.60261974
2016-11-21,734.86,15999761.10261964
2016-11-22,749.21,16001436.10261964
2016-11-23,741.15,16003273.60261958
2016-11-24,733.86,16005298.60260949
2016-11-25,734.02,16007198.60260938
2016-11-26,732.28,16009111.10260934
2016-11-27,732.08,16010911.10246933
2016-11-28,732.39,16012961.10242917
2016-11-29,733.14,16014823.60237892
2016-11-30,741.88,16016598.60234863
2016-12-01,751.41,16018423.60227622
2016-12-02,768.07,16020211.10227622
2016-12-03,762.05,16022361.10220592
2016-12-04,760.4,16024211.10212792
2016-12-05,751.42,16026111.10206787
2016-12-06,757.94,16027986.10206779
2016-12-07,766.9,16030161.10197774
2016-12-08,767.73,16032123.60190764
2016-12-09,768.11,16033811.10187762
2016-12-10,771.39,16035461.10180759
2016-12-11,767.86,16037798.60161758
2016-12-12,776.21,16039748.60156203
2016-12-13,776.67,16041973.6014919
2016-12-14,776.07,16043711.10144439
2016-12-15,776.07,16045298.60144435
2016-12-16,777.32,16046961.10144429
2016-12-17,786.31,16048761.10144428
2016-12-18,786.3,16050523.60143428
2016-12-19,788.21,16052411.10135417
2016-12-20,793.71,16054136.1013341
2016-12-21,824.18,16056123.60133407
2016-12-22,861.3,16058111.101304
2016-12-23,910.5,16060011.10127399
2016-12-24,892.34,16061723.60122397
2016-12-25,890.64,16063786.10107397
2016-12-26,900.59,16065561.10098396
2016-12-27,932.09,16067511.10091394
2016-12-28,967.66,16069561.1008239
2016-12-29,965.91,16071436.10077382
2016-12-30,955.75,16073398.60070381
2016-12-31,964.67,16075248.60058381
2017-01-01,999.19,16077198.60040376
2017-01-02,1012.57,16079186.10039371
2017-01-03,1024.43,16081236.10035364
2017-01-04,1114.83,16083148.60035356
2017-01-05,968.28,16084898.60035317
2017-01-06,890.44,16086911.1003527
2017-01-07,895.0,16088636.10031232
2017-01-08,910.36,16090723.60019194
2017-01-09,893.56,16092423.60014191
2017-01-10,904.97,16094423.60014187
2017-01-11,787.57,16096336.10011181
2017-01-12,816.12,16098486.09995176
2017-01-13,824.53,16100361.09976171
2017-01-14,825.0,16102511.09962168
2017-01-15,816.15,16104598.59960157
2017-01-16,831.48,16106711.09950151
2017-01-17,902.28,16108686.09940031
2017-01-18,872.1,16110561.09934002
2017-01-19,902.14,16112736.09919661
2017-01-20,894.48,16115098.59904648
2017-01-21,922.6,16117361.09895642
2017-01-22,920.12,16119536.09895609
2017-01-23,921.77,16121261.098956
2017-01-24,902.73,16123123.59895584
2017-01-25,892.15,16124986.09893561
2017-01-26,912.38,16126923.59884539
2017-01-27,920.91,16129048.598835
2017-01-28,914.28,16130948.59882497
2017-01-29,912.49,16133036.09882495
2017-01-30,920.01,16134836.09882487
2017-01-31,956.84,16136648.59882471
2017-02-01,976.83,16139048.59878458
2017-02-02,1002.42,16141011.0987845
2017-02-03,1011.49,16142873.59878438
2017-02-04,1032.07,16144673.59878436
2017-02-05,1011.26,16146661.09878433
2017-02-06,1023.1,16148223.59878432
2017-02-07,1047.5,16150111.09878425
2017-02-08,1056.99,16151936.0987822
2017-02-09,976.48,16154048.5987711
2017-02-10,997.6,16155886.09873996
2017-02-11,1012.21,16157623.59873994
2017-02-12,1000.89,16159373.59873789
2017-02-13,1000.01,16161411.09868583
2017-02-14,1010.87,16163523.59868578
2017-02-15,1011.74,16165261.09868566
2017-02-16,1034.57,16167148.59868552
2017-02-17,1058.42,16169036.09868544
2017-02-18,1059.85,16170923.59868541
2017-02-19,1048.6,16172598.59868541
2017-02-20,1060.36,16174448.59868534
2017-02-21,1111.73,16176173.59868523
2017-02-22,1134.05,16177898.59868515
2017-02-23,1111.15,16179773.5986851
2017-02-24,1178.17,16181811.09868503
2017-02-25,1149.04,16183898.59866502
2017-02-26,1175.39,16186123.59866499
2017-02-27,1188.38,16187923.59866491
2017-02-28,1190.28,16189836.09866475
2017-03-01,1218.62,16191636.09866461
2017-03-02,1256.68,16193598.59866456
2017-03-03,1277.48,16195486.09866437
2017-03-04,1258.85,16197136.09866431
2017-03-05,1265.8,16198973.59866426
2017-03-06,1274.1,16200748.59866417
2017-03-07,1242.99,16202661.09866404
2017-03-08,1163.6,16204436.09866386
2017-03-09,1197.85,16206286.09860357
2017-03-10,1247.29,16208236.09860345
2017-03-11,1174.42,16210098.59860343
2017-03-12,1228.29,16212036.09860342
2017-03-13,1243.07,16213848.59854876
2017-03-14,1245.34,16215798.59854864
2017-03-15,1248.11,16217573.59854854
2017-03-16,1175.58,16219486.0984084
2017-03-17,1106.99,16221411.09840831
2017-03-18,963.61,16223373.59840688
2017-03-19,1034.24,16225436.09840686
2017-03-20,1041.32,16227136.09840683
2017-03-21,1108.94,16228911.09840678
2017-03-22,1012.73,16230898.59840667
2017-03-23,1029.29,16232748.59840639
2017-03-24,936.11,16234948.59840637
2017-03-25,949.85,16236611.09840636
2017-03-26,956.83,16238686.09840634
2017-03-27,1025.99,16240336.09840625
2017-03-28,1038.76,16242273.59840615
2017-03-29,1035.87,16243998.59840603
2017-03-30,1026.94,16246048.59840588
2017-03-31,1071.7,16247736.09840576
2017-04-01,1072.62,16249386.09840573
2017-04-02,1085.59,16251361.09840571
2017-04-03,1146.87,16253561.09827566
2017-04-04,1134.9,16255123.59827559
2017-04-05,1124.82,16257148.59827556
2017-04-06,1189.27,16258986.0982755
2017-04-07,1189.16,16261011.09827543
2017-04-08,1177.36,16262723.59827542
2017-04-09,1210.71,16264711.09827541
2017-04-10,1204.06,16266548.59827534
2017-04-11,1220.23,16268636.09801882
2017-04-12,1216.37,16270411.09800867
2017-04-13,1173.46,16271998.59800859
2017-04-14,1176.03,16273736.09800848
2017-04-15,1178.12,16275611.09776844
2017-04-16,1175.03,16277436.09776841
2017-04-17,1183.66,16279161.09776834
2017-04-18,1202.73,16280986.09776821
2017-04-19,1202.67,16282773.59776807
2017-04-20,1230.89,16284498.59776791
2017-04-21,1244.64,16286586.09776784
2017-04-22,1244.06,16288398.59776778
2017-04-23,1244.72,16290311.09776771
2017-04-24,1250.71,16291861.09776769
2017-04-25,1273.04,16293711.09776745
2017-04-26,1297.37,16295623.59776734
2017-04-27,1331.23,16297461.09576723
2017-04-28,1325.51,16299161.09576713
2017-04-29,1333.42,16301323.59567707
2017-04-30,1346.56,16303211.09567704
2017-05-01,1403.43,16305086.09567638
2017-05-02,1434.46,16307061.09567634
2017-05-03,1429.15,16308711.09566627
2017-05-04,1531.94,16310811.09557622
2017-05-05,1522.36,16312423.59551617
2017-05-06,1548.32,16314523.59551609
2017-05-07,1532.74,16316611.09551607
2017-05-08,1633.46,16318861.09549604
2017-05-09,1720.36,16320798.595476
2017-05-10,1760.03,16322648.59546588
2017-05-11,1837.03,16324336.09546586
2017-05-12,1709.15,16326261.09546569
2017-05-13,1770.96,16328236.09546552
2017-05-14,1780.37,16330286.09546548
2017-05-15,1730.4,16332411.09546544
2017-05-16,1726.52,16334061.09546538
2017-05-17,1784.42,16335998.59544538
2017-05-18,1879.22,16337773.59543524
2017-05-19,1954.09,16339823.59543516
2017-05-20,1995.0,16341886.0954349
2017-05-21,2013.89,16343723.59543484
2017-05-22,2133.65,16345548.59543484
2017-05-23,2239.23,16347648.59543468
2017-05-24,2452.92,16349573.59443461
2017-05-25,2511.6,16351611.09443457
2017-05-26,2510.91,16353523.59443453
2017-05-27,2512.04,16355623.59443449
2017-05-28,2510.47,16357686.09443448
2017-05-29,2302.71,16359573.59443446
2017-05-30,2511.67,16361811.09443445
2017-05-31,2296.5,16363861.09443441
2017-06-01,2396.12,16365986.0944344
2017-06-02,2427.78,16367811.09440437
2017-06-03,2559.1,16370211.09440434
2017-06-04,2511.66,16372223.59440431
2017-06-05,2659.85,16374273.59440428
2017-06-06,2854.73,16376161.09440426
2017-06-07,2695.03,16378223.59440423
2017-06-08,2777.68,16380286.0937442
2017-06-09,2821.66,16382173.59373988
2017-06-10,2864.5,16383936.09373957
2017-06-11,2951.2,16385761.09373957
2017-06-12,2635.87,16387598.59373894
2017-06-13,2710.65,16389361.09373872
2017-06-14,2528.07,16391111.09373858
2017-06-15,2400.35,16393023.59373834
2017-06-16,2480.66,16394873.59373819
2017-06-17,2644.27,16396686.09373816
2017-06-18,2499.78,16398498.59373267
2017-06-19,2575.19,16400386.09373264
2017-06-20,2750.28,16402111.0937326
2017-06-21,2643.09,16403861.09373246
2017-06-22,2693.4,16405598.59373233
2017-06-23,2707.55,16407598.5937322
2017-06-24,2566.89,16409423.59373217
2017-06-25,2501.15,16410948.59373217
2017-06-26,2407.68,16412723.59373207
2017-06-27,2507.31,16414361.09373195
2017-06-28,2562.52,16416323.59373183
2017-06-29,2556.39,16417823.59372169
2017-06-30,2479.7,16419748.59372155
2017-07-01,2418.18,16421798.59372144
2017-07-02,2509.42,16424148.59362141
2017-07-03,2561.25,16426273.59362129
2017-07-04,2583.78,16428186.09362108
2017-07-05,2599.96,16430048.59361095
2017-07-06,2598.33,16431823.59361082
2017-07-07,2503.32,16433673.59361069
2017-07-08,2538.46,16435736.09361057
2017-07-09,2513.63,16437461.09361045
2017-07-10,2325.74,16439923.59361043
2017-07-11,2339.29,16442086.09361041
2017-07-12,2374.02,16444298.59361037
2017-07-13,2343.16,16446261.09361034
2017-07-14,2194.88,16447998.59361031
2017-07-15,2035.89,16449586.0936103
2017-07-16,1924.38,16451623.59361029
2017-07-17,2163.95,16453473.59361027
2017-07-18,2297.03,16455536.09361024
2017-07-19,2266.29,16457398.59361021
2017-07-20,2783.62,16459423.59361019
2017-07-21,2648.76,16461348.59361016
2017-07-22,2819.61,16463348.59361014
2017-07-23,2771.08,16465498.59361012
2017-07-24,2754.78,16467723.59361011
2017-07-25,2540.25,16469573.59360999
2017-07-26,2491.77,16471411.09360998
2017-07-27,2652.02,16473336.09360995
2017-07-28,2775.67,16475211.09357994
2017-07-29,2710.32,16477173.59357981
2017-07-30,2719.83,16479011.0935797
2017-07-31,2853.38,16480823.5935797
2017-08-01,2726.21,16482686.09357968
2017-08-02,2688.58,16484586.09357967
2017-08-03,2782.89,16486311.09356965
2017-08-04,2848.54,16488548.59356963
2017-08-05,3235.8,16490761.09356962
2017-08-06,3247.41,16492511.09356961
2017-08-07,3353.18,16494423.5935696
2017-08-08,3429.21,16496473.59356959
2017-08-09,3340.27,16498198.59356956
2017-08-10,3425.86,16499873.59356953
2017-08-11,3605.03,16501673.59356403
2017-08-12,3836.53,16503361.09356403
2017-08-13,4067.56,16505211.09356403
2017-08-14,4264.58,16506836.09356402
2017-08-15,4164.51,16508736.09356402
2017-08-16,4321.72,16510361.09356402
2017-08-17,4317.75,16512598.59356397
2017-08-18,4109.91,16514461.09356395
2017-08-19,4156.41,16516348.59356394
2017-08-20,4120.58,16517973.59356391
2017-08-21,4011.34,16519411.09356389
2017-08-22,4067.08,16520523.59356387
2017-08-23,4141.65,16522511.09356306
2017-08-24,4218.28,16523773.59274545
2017-08-25,4355.97,16525036.09274545
2017-08-26,4325.22,16526348.59274545
2017-08-27,4362.24,16528286.09274539
2017-08-28,4351.68,16529898.59274537
2017-08-29,4583.64,16531761.09274533
2017-08-30,4571.09,16533861.09274531
2017-08-31,4730.53,16535898.59271529
2017-09-01,4889.45,16538073.59270525
2017-09-02,4540.29,16540123.59270523
2017-09-03,4589.0,16542048.59270519
2017-09-04,4340.45,16544236.09268517
2017-09-05,4447.68,16546698.59268515
2017-09-06,4576.26,16548723.59268512
2017-09-07,4616.15,16550923.5926851
2017-09-08,4310.73,16553111.09268507
2017-09-09,4309.71,16555223.59268504
2017-09-10,4267.62,16556948.59268504
2017-09-11,4207.27,16559123.59268501
2017-09-12,4166.73,16561473.59268497
2017-09-13,3908.84,16563848.59268495
2017-09-14,3315.38,16566023.59268492
2017-09-15,3720.96,16568273.59267488
2017-09-16,3708.41,16570386.09267486
2017-09-17,3711.08,16572586.09267484
2017-09-18,4031.5,16574173.59267484
2017-09-19,3927.24,16576123.59266478
2017-09-20,3949.16,16577586.09265475
2017-09-21,3633.26,16579786.09263473
2017-09-22,3597.65,16581523.59263472
2017-09-23,3757.12,16583598.59263469
2017-09-24,3676.59,16585411.09263468
2017-09-25,3933.37,16586973.59263466
2017-09-26,3898.67,16588698.59263465
2017-09-27,4176.6,16590536.09263462
2017-09-28,4170.96,16592748.59263458
2017-09-29,4169.19,16594861.09260456
2017-09-30,4319.43,16596586.09260454
2017-10-01,4341.26,16598211.09260452
2017-10-02,4373.33,16600086.0926045
2017-10-03,4282.17,16602373.59260448
2017-10-04,4213.67,16604048.59260446
2017-10-05,4319.09,16605611.09260441
2017-10-06,4353.62,16607598.59260439
2017-10-07,4368.96,16609573.59260439
2017-10-08,4589.0,16611848.59260439
2017-10-09,4782.83,16613861.09260437
2017-10-10,4801.86,16615861.09260435
2017-10-11,4799.95,16617598.59230431
2017-10-12,5306.84,16619511.09180429
2017-10-13,5576.81,16621211.09180429
2017-10-14,5713.02,16622973.59170423
2017-10-15,5678.24,16625411.09160422
2017-10-16,5699.44,16627586.0915042
2017-10-17,5569.45,16629636.09149416
2017-10-18,5538.84,16631523.59149412
2017-10-19,5690.99,16633748.59059409
2017-10-20,5968.12,16635986.09039406
2017-10-21,6061.69,16637898.58969404
2017-10-22,5917.19,16640173.58909403
2017-10-23,5886.69,16642311.08899401
2017-10-24,5513.81,16644398.588794
2017-10-25,5687.52,16646711.08867214
2017-10-26,5882.42,16648961.08847211
2017-10-27,5753.21,16650261.08847211
2017-10-28,5746.47,16651323.58847207
2017-10-29,6176.35,16653248.58737205
2017-10-30,6096.6,16655086.08693203
2017-10-31,6385.69,16656811.08692201
2017-11-01,6625.6,16658761.08659199
2017-11-02,7077.36,16660636.08659197
2017-11-03,7192.25,16662123.58629195
2017-11-04,7420.06,16663748.58629193
2017-11-05,7415.74,16665511.08629191
2017-11-06,7111.97,16667173.58625459
2017-11-07,7083.39,16669123.58625457
2017-11-08,7361.85,16670923.58625455
2017-11-09,7152.49,16672836.08625453
2017-11-10,6651.11,16674336.08625451
2017-11-11,6379.31,16675336.08625451
2017-11-12,6204.73,16676336.08625451
2017-11-13,6471.86,16678086.08625447
2017-11-14,6596.54,16679686.08625444
2017-11-15,7236.64,16681586.08622712
2017-11-16,7808.01,16683486.0862271
2017-11-17,7724.36,16685573.58622708
2017-11-18,7775.04,16687273.58622706
2017-11-19,8025.52,16689273.58622704
2017-11-20,8243.48,16691461.08622702
2017-11-21,8101.38,16693623.586227
2017-11-22,8224.66,16695473.58622698
2017-11-23,8137.85,16697436.08622696
2017-11-24,8231.64,16699298.58622694
2017-11-25,8707.2,16701248.58622692
2017-11-26,9332.28,16703161.0862269
2017-11-27,9638.7,16705286.08622689
2017-11-28,9901.86,16707236.08622687
2017-11-29,9840.98,16709398.58622613
2017-11-30,9841.19,16711486.08620611
2017-12-01,10828.24,16713773.58620609
2017-12-02,10968.97,16715786.08620608
2017-12-03,11104.93,16717986.08620607
2017-12-04,11480.07,16720248.58620605
2017-12-05,11750.98,16722473.58620603
2017-12-06,13352.01,16724823.58620601
2017-12-07,16395.79,16726723.586206
2017-12-08,15738.08,16728673.586206
2017-12-09,14295.89,16730848.58620596
2017-12-10,15276.99,16732898.58620595
2017-12-11,17040.11,16735036.08620594
2017-12-12,17209.16,16736986.08620593
2017-12-13,16430.78,16739311.08620592
2017-12-14,16480.7,16741623.58620591
2017-12-15,17598.93,16743736.08620511
2017-12-16,19385.84,16745873.5862051
2017-12-17,19339.63,16748186.08620508
2017-12-18,18785.69,16750461.08620507
2017-12-19,17541.55,16752211.08620507
2017-12-20,16711.73,16753911.08620506
2017-12-21,15381.4,16755561.08620506
2017-12-22,14345.45,16757498.58620504
2017-12-23,15814.03,16759236.08620501
2017-12-24,14283.52,16761136.086185
2017-12-25,14275.57,16762823.58618499
2017-12-26,15774.86,16764598.58618498
2017-12-27,15198.38,16766548.58618496
2017-12-28,14041.25,16768411.08618494
2017-12-29,14437.45,16770473.58618493
2017-12-30,13150.24,16772298.58618492
2017-12-31,13960.52,16774336.08618491
2018-01-01,13506.63,16776286.08618491
2018-01-02,14835.27,16778423.5861849
2018-01-03,14945.38,16780386.08618489
2018-01-04,14913.55,16782486.08618487
2018-01-05,16851.53,16784273.5861841
2018-01-06,16829.33,16786373.58618408
2018-01-07,16333.65,16788398.58618406
2018-01-08,14893.38,16790473.58612404
2018-01-09,14338.82,16792523.58610403
2018-01-10,14427.53,16794598.58609401
2018-01-11,13337.97,16797011.08609399
2018-01-12,13699.2,16799236.08608398
2018-01-13,14255.45,16801098.58608398
2018-01-14,13508.2,16803036.08608396
2018-01-15,13817.3,16804911.08608394
2018-01-16,11065.67,16806898.58608392
2018-01-17,11115.03,16808986.0860839
2018-01-18,11141.43,16811148.58608389
2018-01-19,11357.64,16813211.08608388
2018-01-20,12836.61,16815436.08608386
2018-01-21,11330.31,16817773.58608384
2018-01-22,10549.66,16819861.08608352
2018-01-23,11081.26,16822073.5860835
2018-01-24,11140.56,16824273.58608349
2018-01-25,11208.03,16826248.58608317
2018-01-26,10868.91,16828186.08598315
2018-01-27,11468.28,16830148.58598304
2018-01-28,11740.81,16832123.58598303
2018-01-29,11138.81,16833973.58598281
2018-01-30,10131.19,16836061.08598251
2018-01-31,9994.76,16837523.58598251
2018-02-01,9095.86,16839523.58598229
2018-02-02,7165.13,16841623.58598228
2018-02-03,9129.56,16843598.58598226
2018-02-04,8300.45,16845823.58598195
2018-02-05,7169.48,16848136.08598108
2018-02-06,7662.5,16850261.08598087
2018-02-07,7682.96,16852023.58598065
2018-02-08,8233.98,16853661.08598054
2018-02-09,8531.35,16855348.58598013
2018-02-10,8518.34,16857136.08597951
2018-02-11,8302.25,16859023.5859795
2018-02-12,8913.42,16861098.58597949
2018-02-13,8527.34,16863148.58594927
2018-02-14,9446.19,16865386.08594925
2018-02-15,10099.54,16867023.58594923
2018-02-16,10200.59,16868986.08594921
2018-02-17,11074.6,16870848.5859492
2018-02-18,10471.06,16872873.58594919
2018-02-19,11123.15,16874898.58594908
2018-02-20,11347.32,16876661.08594906
2018-02-21,10457.0,16878773.58594893
2018-02-22,9897.47,16880636.08592882
2018-02-23,10118.07,16882486.0859288
2018-02-24,9662.37,16884298.58591878
2018-02-25,9605.77,16886436.08591876
2018-02-26,10293.2,16888198.58591856
2018-02-27,10688.46,16890198.58591845
2018-02-28,10522.72,16892136.0858975
2018-03-01,10949.78,16894198.58589658
2018-03-02,11025.98,16896148.58589556
2018-03-03,11410.49,16898398.58589525
2018-03-04,11459.99,16900248.58589443
2018-03-05,11588.13,16902111.08589371
2018-03-06,10694.91,16904061.08589279
2018-03-07,9935.86,16906023.58589177
2018-03-08,9330.9,16908048.58589141
2018-03-09,9236.99,16909873.5858903
2018-03-10,8803.84,16911623.5858891
2018-03-11,9526.92,16913536.0858879
2018-03-12,9138.26,16915548.5858879
2018-03-13,9147.18,16917523.5858879
2018-03-14,8223.4,16919323.5858879
2018-03-15,8267.39,16921123.5858876
2018-03-16,8509.42,16923073.5858872
2018-03-17,7910.54,16924936.0858872
2018-03-18,8201.3,16926823.5858871
2018-03-19,8511.3,16928761.0858871
2018-03-20,8915.9,16930348.5858871
2018-03-21,8873.61,16932248.5858871
2018-03-22,8708.87,16934036.0858868
2018-03-23,8711.45,16935698.58588536
2018-03-24,8623.88,16937648.58588536
2018-03-25,8595.88,16939336.08588536
2018-03-26,8174.66,16941211.08588535
2018-03-27,7927.86,16943111.08588535
2018-03-28,7947.73,16944798.58588535
2018-03-29,7155.45,16946698.58586535
2018-03-30,6826.63,16948723.58586535
2018-03-31,6931.09,16950323.58586535
2018-04-01,6804.1,16952348.58586535
2018-04-02,7013.81,16954298.58586515
2018-04-03,7421.72,16956336.08586515
2018-04-04,6766.14,16958173.58586475
2018-04-05,6799.85,16960123.58586455
2018-04-06,6610.95,16961848.58586455
2018-04-07,6918.15,16964098.58586455
2018-04-08,7007.6,16966111.08586455
2018-04-09,6709.86,16967948.58584445
2018-04-10,6832.21,16969998.58584425
2018-04-11,6925.21,16972011.08584425
2018-04-12,7854.43,16973936.08584425
2018-04-13,7937.94,16975998.58584425
2018-04-14,8039.27,16977711.08584425
2018-04-15,8323.93,16979748.58584425
2018-04-16,8036.98,16981511.08584425
2018-04-17,7873.12,16983536.08584425
2018-04-18,8159.4,16985536.08584425
2018-04-19,8276.73,16987761.08584425
2018-04-20,8815.77,16989473.58584415
2018-04-21,8812.75,16991461.08584415
2018-04-22,8816.19,16993461.08583415
2018-04-23,8915.86,16995373.58582415
2018-04-24,9572.15,16997361.08582415
2018-04-25,9115.79,16998898.58582415
2018-04-26,9214.02,17000661.08582405
2018-04-27,9019.22,17002436.08582395
2018-04-28,9335.98,17004036.08582395
2018-04-29,9405.87,17006011.08582395
2018-04-30,9223.89,17007948.58582395
2018-05-01,9092.06,17009923.58581849
2018-05-02,9223.28,17011673.58581839
2018-05-03,9745.35,17013561.08581839
2018-05-04,9671.86,17015286.08581839
2018-05-05,9798.02,17017298.58579839
2018-05-06,9577.45,17019011.08579839
2018-05-07,9333.71,17020886.08579819
2018-05-08,9221.75,17022623.58579735
2018-05-09,9308.7,17024623.58579735
2018-05-10,9097.71,17026548.58579735
2018-05-11,8421.18,17028136.08579735
2018-05-12,8495.41,17030198.58579735
2018-05-13,8712.61,17032048.58579735
2018-05-14,8670.47,17033698.58579735
2018-05-15,8495.75,17035523.58576995
2018-05-16,8316.24,17037761.08576985
2018-05-17,8044.28,17039411.08576975
2018-05-18,8227.63,17041261.08574245
2018-05-19,8224.61,17043186.08574245
2018-05-20,8516.04,17044986.08574235
2018-05-21,8413.03,17046948.58574235
2018-05-22,8016.94,17048836.08574225
2018-05-23,7505.59,17050861.08574225
2018-05-24,7587.03,17052648.58574215
2018-05-25,7417.37,17054848.58574205
2018-05-26,7329.4,17056873.58574205
2018-05-27,7333.12,17058923.58574135
2018-05-28,7107.25,17060873.58571405
2018-05-29,7437.02,17062611.08571395
2018-05-30,7354.2,17064786.08568665
2018-05-31,7484.83,17066911.08565935
2018-06-01,7505.36,17068986.08565935
2018-06-02,7624.59,17070886.08565935
2018-06-03,7678.93,17072923.58565935
2018-06-04,7497.26,17075211.08563205
2018-06-05,7596.35,17077398.58560475
2018-06-06,7663.27,17079236.08557668
2018-06-07,7669.05,17081023.58554928
2018-06-08,7618.71,17082829.83552198
2018-06-09,7591.05,17084617.33552127
2018-06-10,6718.01,17086204.83552127
2018-06-11,6786.01,17087954.83549324
2018-06-12,6527.65,17089767.33546594
2018-06-13,6303.71,17091554.83543784
2018-06-14,6629.29,17093467.33540978
2018-06-15,6421.68,17095379.83540832
2018-06-16,6490.03,17097454.83540832
2018-06-17,6464.28,17099417.33540756
2018-06-18,6689.49,17101467.33538026
2018-06-19,6740.13,17103404.83537952
2018-06-20,6752.45,17105342.33537873
2018-06-21,6700.6,17107467.33412755
2018-06-22,6080.22,17109354.83410025
2018-06-23,6173.53,17111354.83410025
2018-06-24,6158.55,17113492.33409953
2018-06-25,6238.91,17115454.83409953
2018-06-26,6131.94,17117279.83409953
2018-06-27,6160.69,17118792.33407223
2018-06-28,5917.1,17120754.83404493
2018-06-29,6238.83,17122642.33401763
2018-06-30,6348.65,17124404.83401689
2018-07-01,6383.76,17126242.33401612
2018-07-02,6620.09,17128004.83401612
2018-07-03,6599.68,17129454.83396073
2018-07-04,6670.32,17131129.83390629
2018-07-05,6532.12,17132842.33387826
2018-07-06,6601.96,17134842.33379718
2018-07-07,6761.83,17136792.33379718
2018-07-08,6698.35,17138767.33379718
2018-07-09,6684.58,17140467.33376909
2018-07-10,6367.68,17142329.83368776
2018-07-11,6381.34,17144017.33366046
2018-07-12,6165.64,17145779.83363316
2018-07-13,6213.18,17147567.33349486
2018-07-14,6242.49,17149229.83349486
2018-07-15,6366.2,17150892.33349486
2018-07-16,6681.54,17152392.33346756
2018-07-17,7327.13,17154379.83344026
2018-07-18,7353.21,17156554.83341148
2018-07-19,7484.1,17158692.33338348
2018-07-20,7327.9,17160617.33335618
2018-07-21,7417.9,17162329.83335618
2018-07-22,7411.63,17164604.83335618
2018-07-23,7712.38,17166679.83332888
2018-07-24,8320.58,17168667.33330082
2018-07-25,8231.61,17170879.8332728
2018-07-26,7931.94,17172942.3332728
2018-07-27,8202.69,17175029.83327127
2018-07-28,8201.37,17176842.33327054
2018-07-29,8219.23,17178967.33316199
2018-07-30,8147.77,17180642.33316199
2018-07-31,7685.92,17182479.83315121
2018-08-01,7586.37,17184354.83311234
2018-08-02,7531.22,17186267.33261354
2018-08-03,7416.28,17188342.33253624
2018-08-04,7001.86,17190542.33253624
2018-08-05,7018.16,17192542.33229624
2018-08-06,6917.67,17194179.83226815
2018-08-07,6713.43,17196067.33224085
2018-08-08,6250.03,17198029.83222845
2018-08-09,6558.9,17199892.33222299
2018-08-10,6110.87,17202092.33203226
2018-08-11,6383.53,17204217.33203226
2018-08-12,6311.4,17206154.83203152
2018-08-13,6248.63,17208029.83203076
2018-08-14,6168.39,17209729.83203076
2018-08-15,6310.99,17211742.33202991
2018-08-16,6286.01,17213717.33202991
2018-08-17,6540.88,17215617.33202445
2018-08-18,6390.25,17217617.33181445
2018-08-19,6496.57,17219429.83158289
2018-08-20,6282.02,17221304.83110289
2018-08-21,6461.52,17223154.83110221
2018-08-22,6380.94,17225154.83110071
2018-08-23,6522.03,17227017.33107268
2018-08-24,6684.85,17228842.33104538
2018-08-25,6731.68,17230529.83104538
2018-08-26,6682.27,17232692.33104396
2018-08-27,6753.23,17235004.83088593
2018-08-28,7086.91,17236917.33085863
2018-08-29,7051.47,17238654.83083133
2018-08-30,6936.37,17240579.83080327
2018-08-31,7012.16,17242517.33077441
2018-09-01,7170.17,17244404.83077441
2018-09-02,7257.48,17246204.83077364
2018-09-03,7247.41,17248004.83074558
2018-09-04,7332.76,17249579.83071828
2018-09-05,6914.49,17251229.8304288
2018-09-06,6470.87,17253104.83040071
2018-09-07,6396.05,17255004.83037341
2018-09-08,6174.52,17256879.83037341
2018-09-09,6242.85,17258917.33037341
2018-09-10,6301.31,17260604.83034611
2018-09-11,6264.83,17262367.33034611
2018-09-12,6308.72,17264467.3303345
2018-09-13,6469.35,17266317.3303337
2018-09-14,6521.82,17267967.3303064
2018-09-15,6530.52,17269717.3303064
2018-09-16,6475.57,17271454.83030562
2018-09-17,6242.87,17273142.33030562
2018-09-18,6323.85,17274917.3302474
2018-09-19,6384.17,17276867.3302201
2018-09-20,6472.93,17278792.3301928
2018-09-21,6739.08,17280592.33016477
2018-09-22,6687.34,17282529.830164
2018-09-23,6690.58,17284404.830164
2018-09-24,6602.22,17286254.8301367
2018-09-25,6393.51,17288367.3301094
2018-09-26,6459.0,17290104.8300821
2018-09-27,6682.44,17291892.33005479
2018-09-28,6618.4,17293817.32997749
2018-09-29,6600.23,17295717.32996749
2018-09-30,6609.89,17297754.82996749
2018-10-01,6557.08,17299729.82994019
2018-10-02,6534.74,17301442.32991289
2018-10-03,6463.13,17303254.82988559
2018-10-04,6538.61,17305129.82985829
2018-10-05,6596.29,17306754.82985829
2018-10-06,6547.07,17308317.32985829
2018-10-07,6536.96,17310092.32985759
2018-10-08,6617.82,17311779.82985759
2018-10-09,6608.93,17313404.82983029
2018-10-10,6548.37,17315204.82979299
2018-10-11,6209.82,17317192.32976569
2018-10-12,6229.34,17318842.32973839
2018-10-13,6230.47,17320604.82973839
2018-10-14,6235.53,17322029.82973839
2018-10-15,6462.52,17324054.82971109
2018-10-16,6469.68,17325742.32968379
2018-10-17,6468.71,17327467.32965649
2018-10-18,6408.4,17329192.32962919
2018-10-19,6430.66,17330967.32960189
2018-10-20,6449.18,17332754.82960189
2018-10-21,6508.56,17334479.82960189
2018-10-22,6439.05,17336417.32957459
2018-10-23,6426.94,17338342.32954649
2018-10-24,6449.97,17339754.82951919
2018-10-25,6438.47,17341467.32949189
2018-10-26,6443.32,17343254.82946459
2018-10-27,6442.21,17344954.82946459
2018-10-28,6427.69,17346704.82946459
2018-10-29,6284.24,17348529.82943729
2018-10-30,6295.24,17350454.82943729
2018-10-31,6312.64,17352492.32940999
2018-11-01,6362.9,17354417.32940999
2018-11-02,6369.32,17356204.82940999
2018-11-03,6325.04,17358217.32940925
2018-11-04,6436.71,17359754.82940925
2018-11-05,6405.06,17361554.82940925
2018-11-06,6453.18,17363154.82938195
2018-11-07,6526.35,17364779.82935391
2018-11-08,6444.26,17366292.32932661
2018-11-09,6335.71,17367879.82929931
2018-11-10,6384.18,17369517.32929931
2018-11-11,6333.34,17371342.32929931
2018-11-12,6362.22,17373092.32927201
2018-11-13,6368.56,17374592.32924471
2018-11-14,5564.98,17376279.82924471
2018-11-15,5555.61,17377867.3291894
2018-11-16,5513.78,17379442.3291621
2018-11-17,5550.7,17381254.8291621
2018-11-18,5592.15,17382792.3291621
2018-11-19,4887.7,17384367.3291348
2018-11-20,5025.57,17386017.3291075
2018-11-21,4551.39,17387329.8290802
2018-11-22,4457.25,17388854.8290529
2018-11-23,4315.41,17390417.3290256
2018-11-24,3854.72,17392204.8290256
2018-11-25,3990.72,17393792.3290256
2018-11-26,3723.08,17395179.8289983
2018-11-27,3826.49,17396817.3289983
2018-11-28,4224.99,17398292.32796581
2018-11-29,4238.82,17399604.82793851
2018-11-30,3981.06,17400867.32791121
2018-12-01,4186.37,17402417.32791121
2018-12-02,4125.79,17403842.32791121
2018-12-03,3869.93,17405267.32788391
2018-12-04,3925.44,17406992.32785661
2018-12-05,3744.66,17408617.32782931
2018-12-06,3619.56,17410304.82780201
2018-12-07,3393.72,17411729.82777471
2018-12-08,3366.92,17413317.32777471
2018-12-09,3582.23,17414917.32777471
2018-12-10,3462.06,17416467.32774741
2018-12-11,3358.25,17418029.82771934
2018-12-12,3462.3,17419529.82769204
2018-12-13,3298.32,17421167.32766474
2018-12-14,3218.02,17422992.32763744
2018-12-15,3227.51,17424854.82763744
2018-12-16,3235.05,17426292.32763744
2018-12-17,3537.3,17428292.32761014
2018-12-18,3580.2,17429892.32758284
2018-12-19,3746.26,17431754.82755549
2018-12-20,4071.72,17433442.32752819
2018-12-21,3869.87,17435192.32750089
2018-12-22,3985.11,17437379.82750089
2018-12-23,3965.33,17439579.82750089
2018-12-24,4076.35,17441479.82747359
2018-12-25,3794.14,17443467.32747359
2018-12-26,3833.51,17445429.82747359
2018-12-27,3617.74,17447604.82744629
2018-12-28,3904.54,17449692.3274135
2018-12-29,3931.99,17451417.32740804
2018-12-30,3845.37,17453617.32740804
2018-12-31,3705.78,17455554.82738074
2019-01-01,3833.42,17457417.32738074
2019-01-02,3911.93,17459304.82735344
2019-01-03,3801.6,17461242.32732614
2019-01-04,3844.24,17463104.82729884
2019-01-05,3838.4,17465142.32729884
2019-01-06,4056.09,17466904.82729884
2019-01-07,4022.23,17468667.32727154
2019-01-08,4015.56,17470779.82724424
2019-01-09,4021.71,17472829.82720693
2019-01-10,3636.85,17474779.82717963
2019-01-11,3635.66,17476629.82715233
2019-01-12,3633.03,17478354.82715233
2019-01-13,3512.78,17480067.32715233
2019-01-14,3675.06,17481929.82712503
2019-01-15,3589.65,17483579.82709773
2019-01-16,3603.91,17485242.32707043
2019-01-17,3637.46,17486829.82704313
2019-01-18,3628.0,17488554.82701583
2019-01-19,3704.58,17490217.32701583
2019-01-20,3549.4,17492179.82701583
2019-01-21,3542.54,17494054.82701583
2019-01-22,3588.43,17495679.82701583
2019-01-23,3559.53,17497504.82701583
2019-01-24,3582.51,17499529.82701504
2019-01-25,3579.3,17501254.82701504
2019-01-26,3562.73,17503129.82701504
2019-01-27,3552.23,17504842.32701504
2019-01-28,3435.75,17506654.82701504
2019-01-29,3413.0,17508479.82699504
2019-01-30,3456.29,17510179.82699504
2019-01-31,3430.78,17512117.32699504
2019-02-01,3463.62,17514092.32699504
2019-02-02,3462.24,17515892.32699504
2019-02-03,3425.86,17517617.32699504
2019-02-04,3429.65,17519454.82699504
2019-02-05,3446.29,17521292.32699504
2019-02-06,3386.23,17523342.32699504
2019-02-07,3381.43,17525517.32699504
2019-02-08,3624.51,17527554.82698958
2019-02-09,3634.88,17529429.82698958
2019-02-10,3653.3,17531179.82698958
2019-02-11,3616.14,17532992.32698958
2019-02-12,3601.99,17534592.32698412
2019-02-13,3596.99,17536504.82697866
2019-02-14,3584.88,17538267.3269732
2019-02-15,3593.31,17539854.82696774
2019-02-16,3605.74,17541729.82696774
2019-02-17,3623.76,17543717.32696774
2019-02-18,3876.96,17545654.82696228
2019-02-19,3912.46,17547604.82695682
2019-02-20,3963.3,17549229.82695136
2019-02-21,3919.76,17550717.3269459
2019-02-22,3972.29,17552742.32694044
2019-02-23,4128.2,17554529.82694044
2019-02-24,3774.26,17556242.32694044
2019-02-25,3843.66,17558029.82693498
2019-02-26,3815.98,17560042.32692952
2019-02-27,3830.26,17561804.82692406
2019-02-28,3808.62,17563679.82691785
2019-03-01,3838.27,17565704.82691239
2019-03-02,3814.4,17567354.82691239
2019-03-03,3800.82,17569179.82691239
2019-03-04,3718.17,17570892.32690693
2019-03-05,3848.41,17572754.82690147
2019-03-06,3861.68,17574354.82690147
2019-03-07,3875.13,17576129.82689601
2019-03-08,3849.29,17577954.82689601
2019-03-09,3928.86,17579679.82687417
2019-03-10,3926.51,17581379.82687417
2019-03-11,3872.07,17583154.82686871
2019-03-12,3881.77,17584942.32686871
2019-03-13,3864.63,17586629.82686325
2019-03-14,3863.11,17588567.32685724
2019-03-15,3915.92,17590479.82685178
2019-03-16,4010.85,17592517.32685178
2019-03-17,3986.22,17594342.32685178
2019-03-18,3985.19,17596354.82684577
2019-03-19,4013.68,17598529.82684031
2019-03-20,4032.79,17600542.32683485
2019-03-21,3983.25,17602329.82682939
2019-03-22,3986.64,17604342.32670847
2019-03-23,3991.51,17606154.82670847
2019-03-24,3983.25,17608029.82670847
2019-03-25,3919.29,17609879.82670301
2019-03-26,3930.73,17611554.82669209
2019-03-27,4024.65,17613417.32668663
2019-03-28,4023.29,17615242.32668117
2019-03-29,4087.82,17617079.82664571
2019-03-30,4085.11,17618817.32664571
2019-03-31,4108.13,17620554.82664461
2019-04-01,4141.58,17622254.82663915
2019-04-02,4792.97,17624217.32663369
2019-04-03,4962.09,17625992.32662823
2019-04-04,4896.52,17627742.32662823
2019-04-05,5016.36,17629717.32661731
2019-04-06,5066.39,17631454.82661731
2019-04-07,5187.32,17633217.32661731
2019-04-08,5257.5,17635067.32661185
2019-04-09,5191.49,17636717.32660639
2019-04-10,5295.62,17638567.32460093
2019-04-11,5039.55,17640529.82459547
2019-04-12,5070.32,17642417.32459001
2019-04-13,5070.0,17644104.82459001
2019-04-14,5131.83,17645629.82459001
2019-04-15,5044.91,17647442.32458455
2019-04-16,5187.89,17649254.82457909
2019-04-17,5205.78,17650979.82457308
2019-04-18,5253.14,17652842.32457308
2019-04-19,5273.83,17654742.32456762
2019-04-20,5305.93,17656379.82456762
2019-04-21,5286.52,17658404.82456762
2019-04-22,5372.29,17660079.82456762
2019-04-23,5556.46,17661529.82456216
2019-04-24,5436.56,17663567.3245567
2019-04-25,5141.43,17665354.8245567
2019-04-26,5133.09,17667242.32455124
2019-04-27,5208.06,17668954.82455124
2019-04-28,5129.73,17670992.32455124
2019-04-29,5141.29,17673029.82454578
2019-04-30,5252.77,17674779.82454032
2019-05-01,5310.11,17676917.32454032
2019-05-02,5382.73,17679217.32453486
2019-05-03,5672.23,17681117.3244194
2019-05-04,5567.71,17682767.3244194
2019-05-05,5740.0,17684379.8244194
2019-05-06,5690.2,17686267.32441394
2019-05-07,5883.23,17687854.82440848
2019-05-08,5916.57,17689754.82440302
2019-05-09,6162.47,17691629.82439756
2019-05-10,6357.32,17693192.32439756
2019-05-11,7336.72,17694817.32439756
2019-05-12,6931.49,17696792.3243915
2019-05-13,7781.03,17698879.82438604
2019-05-14,7933.2,17700779.82438058
2019-05-15,8201.52,17702642.32438058
2019-05-16,7860.0,17704467.32438058
2019-05-17,7253.72,17706354.82438048
2019-05-18,7261.17,17708267.32437492
2019-05-19,8225.55,17710304.82437492
2019-05-20,7964.33,17712317.32436936
2019-05-21,7961.18,17714229.82436936
2019-05-22,7683.78,17716317.32435844
2019-05-23,7893.22,17718292.32435298
2019-05-24,8017.23,17720204.82435298
2019-05-25,8039.9,17721954.82434752
2019-05-26,8694.91,17724017.32434752
2019-05-27,8803.49,17726104.82434752
2019-05-28,8711.31,17728154.8243366
2019-05-29,8641.8,17730329.82433104
2019-05-30,8261.87,17732329.82433104
2019-05-31,8518.67,17733792.32433104
2019-06-01,8554.69,17735679.82432548
2019-06-02,8716.8,17737317.32432002
2019-06-03,8460.78,17738804.82431992
2019-06-04,7658.94,17740729.82431992
2019-06-05,7768.43,17742729.82431446
2019-06-06,7754.0,17744692.32431436
2019-06-07,8031.74,17746667.32431436
2019-06-08,7939.5,17748217.32431436
2019-06-09,7601.62,17750054.82431436
2019-06-10,7954.95,17752017.32431436
2019-06-11,7937.6,17753804.82431436
2019-06-12,8128.39,17755442.32431436
2019-06-13,8191.94,17757329.82431436
2019-06-14,8694.13,17759442.32431436
2019-06-15,8819.01,17761267.32431436
2019-06-16,9026.88,17762892.32431436
2019-06-17,9333.21,17764554.82431436
2019-06-18,9019.53,17766592.32431426
2019-06-19,9295.74,17768804.82431416
2019-06-20,9538.98,17770604.82431416
2019-06-21,9885.08,17772267.32431416
2019-06-22,10677.2,17774029.82431416
2019-06-23,10787.58,17776292.32431406
2019-06-24,10972.6,17778504.82431406
2019-06-25,11340.69,17780329.82431406
2019-06-26,12696.75,17782392.32431406
2019-06-27,11076.42,17784167.32431406
2019-06-28,12327.8,17786204.82431406
2019-06-29,11986.98,17788379.82431406
2019-06-30,10962.19,17790279.82431396
2019-07-01,10525.85,17792067.32431386
2019-07-02,10729.56,17794042.32431386
2019-07-03,11898.21,17796192.32431386
2019-07-04,11184.18,17798279.82416642
2019-07-05,10980.65,17800642.32404084
2019-07-06,11208.33,17802867.32404084
2019-07-07,11465.64,17804779.82403538
2019-07-08,12323.36,17807004.82403538
2019-07-09,12572.29,17808929.82395348
2019-07-10,12117.68,17810542.32394802
2019-07-11,11275.82,17812154.82364226
2019-07-12,11807.06,17814204.82362588
2019-07-13,11337.15,17815967.32349484
2019-07-14,10544.99,17817779.82349484
2019-07-15,10905.02,17819604.82349484
2019-07-16,9486.81,17821629.82349474
2019-07-17,9676.36,17823292.32335824
2019-07-18,10623.45,17824804.82331456
2019-07-19,10508.76,17826279.8232545
2019-07-20,10981.62,17828492.3232544
2019-07-21,10580.54,17830354.8232544
2019-07-22,10324.34,17832329.8232544
2019-07-23,9886.74,17834117.32314518
2019-07-24,9769.57,17835854.82314518
2019-07-25,9894.94,17837729.82303598
2019-07-26,9797.97,17839804.8230195
2019-07-27,9443.14,17841704.82301948
2019-07-28,9543.07,17843892.32301948
2019-07-29,9515.18,17845992.32289936
2019-07-30,9565.74,17847767.32289936
2019-07-31,10016.3,17849904.82289936
2019-08-01,10374.76,17851679.82289936
2019-08-02,10484.71,17853792.32289936
2019-08-03,10826.87,17855954.8227574
2019-08-04,10974.06,17858042.3227574
2019-08-05,11759.3,17859829.8227574
2019-08-06,11345.94,17861842.32275739
2019-08-07,11921.92,17863754.82275739
2019-08-08,11840.26,17865529.82275739
2019-08-09,11870.77,17867367.32262079
2019-08-10,11314.72,17869254.82262079
2019-08-11,11491.32,17871167.32254971
2019-08-12,11380.73,17872829.82254415
2019-08-13,10844.45,17874792.32254405
2019-08-14,10049.49,17876692.32254405
2019-08-15,10335.32,17878654.82254405
2019-08-16,10373.04,17880492.32254405
2019-08-17,10215.57,17882092.32243485
2019-08-18,10351.98,17883667.32243485
2019-08-19,10819.92,17885704.82243485
2019-08-20,10780.72,17887617.32243485
2019-08-21,10100.57,17889317.32243485
2019-08-22,10117.99,17891079.82242939
2019-08-23,10394.34,17892992.32242939
2019-08-24,10114.88,17894992.32242939
2019-08-25,10089.24,17896929.82232939
2019-08-26,10340.08,17898642.32232939
2019-08-27,10128.56,17900329.82232939
2019-08-28,9713.22,17902217.32232939
2019-08-29,9462.31,17904279.82232939
2019-08-30,9567.41,17906279.82224839
2019-08-31,9605.15,17908354.82219925
2019-09-01,9770.96,17910142.32219925
2019-09-02,10370.54,17912004.82219925
2019-09-03,10618.64,17914054.82219925
2019-09-04,10587.62,17915754.82219379
2019-09-05,10581.73,17917817.32217195
2019-09-06,10352.65,17919792.32217195
2019-09-07,10480.58,17921667.32215557
2019-09-08,10393.9,17923879.82215557
2019-09-09,10339.93,17925704.82215557
2019-09-10,10096.12,17927979.82215557
2019-09-11,10109.7,17930279.82210557
2019-09-12,10376.05,17932254.82210557
2019-09-13,10318.35,17934129.82210557
2019-09-14,10355.92,17936067.32210557
2019-09-15,10313.03,17937904.82210557
2019-09-16,10255.0,17939942.32210557
2019-09-17,10222.81,17941792.32210557
2019-09-18,10152.54,17943967.32210557
2019-09-19,10234.96,17945817.32209557
2019-09-20,10130.05,17947704.82208465
2019-09-21,10005.17,17949779.82208465
2019-09-22,10013.52,17951854.82208465
2019-09-23,9689.41,17953279.82208465
2019-09-24,8711.52,17955242.32207373
2019-09-25,8426.68,17957192.32207373
2019-09-26,8118.39,17959329.82206827
2019-09-27,8210.36,17960979.82206827
2019-09-28,8187.31,17962967.32206827
2019-09-29,8058.04,17964667.32206827
2019-09-30,8239.43,17966292.32206827
2019-10-01,8322.87,17968079.82206827
2019-10-02,8321.44,17969929.82206827
2019-10-03,8242.94,17971767.32203627
2019-10-04,8171.37,17973604.82203081
2019-10-05,8132.76,17975579.82202535
2019-10-06,7863.43,17977442.32202535
2019-10-07,8227.71,17979379.82202535
2019-10-08,8203.68,17981404.82200351
2019-10-09,8606.44,17983129.82200351
2019-10-10,8588.81,17985154.82200351
2019-10-11,8314.93,17987104.82198713
2019-10-12,8327.49,17988767.32195437
2019-10-13,8274.94,17990542.32195437
2019-10-14,8320.96,17992229.82194891
2019-10-15,8134.62,17994142.32194345
2019-10-16,7997.1,17995929.82193794
2019-10-17,8048.86,17997804.82193248
2019-10-18,7949.7,17999804.82192702
2019-10-19,7944.07,18001579.82192702
2019-10-20,8220.89,18003404.821927
2019-10-21,8222.96,18005392.32192154
2019-10-22,8036.63,18007504.82188878
2019-10-23,7436.1,18009604.82188878
2019-10-24,7467.2,18011267.32185602
2019-10-25,8622.5,18012992.32182326
2019-10-26,9220.01,18014742.32182326
2019-10-27,9569.22,18016179.82182326
2019-10-28,9441.98,18017854.82180779
2019-10-29,9440.76,18019517.32177503
2019-10-30,9174.39,18021192.32176957
2019-10-31,9138.28,18022842.32176411
2019-11-01,9223.71,18024467.32176411
2019-11-02,9327.1,18026142.32176411
2019-11-03,9216.33,18027867.32176411
2019-11-04,9426.69,18029517.32175865
2019-11-05,9336.11,18031317.32171589
2019-11-06,9336.03,18032967.32168313
2019-11-07,9218.74,18034654.82167767
2019-11-08,8818.94,18036254.82167221
2019-11-09,8807.58,18038054.82167221
2019-11-10,9040.49,18040129.82167221
2019-11-11,8713.12,18042017.32166675
2019-11-12,8766.6,18043704.82166129
2019-11-13,8738.87,18045392.32165583
2019-11-14,8625.75,18047504.82165037
2019-11-15,8482.05,18049479.82164491
2019-11-16,8486.81,18051329.82164491
2019-11-17,8518.68,18053254.82164491
2019-11-18,8214.04,18055004.82163945
2019-11-19,8127.39,18056842.32163399
2019-11-20,8051.39,18058617.32163399
2019-11-21,7593.34,18060329.82162853
2019-11-22,7245.28,18061979.82162307
2019-11-23,7322.62,18064142.32162307
2019-11-24,6992.98,18065779.82162307
2019-11-25,7174.85,18067342.32162307
2019-11-26,7154.21,18068867.32162307
2019-11-27,7511.73,18070604.82161215
2019-11-28,7417.25,18072642.32160669
2019-11-29,7748.04,18074342.32160669
2019-11-30,7544.42,18075917.32160668
2019-12-01,7406.53,18077654.82160668
2019-12-02,7327.57,18079467.32160122
2019-12-03,7325.04,18081442.32160122
2019-12-04,7226.44,18083529.82159576
2019-12-05,7409.73,18085342.3215903
2019-12-06,7504.4,18087154.82158484
2019-12-07,7507.08,18089092.32158484
2019-12-08,7515.24,18090942.32158484
2019-12-09,7330.26,18092792.32157938
2019-12-10,7241.83,18094642.32154116
2019-12-11,7171.85,18096292.3215357
2019-12-12,7173.14,18097954.82153024
2019-12-13,7242.1,18099854.82152478
2019-12-14,7080.39,18101742.32152478
2019-12-15,7097.54,18103292.32144478
2019-12-16,6878.81,18105254.82143932
2019-12-17,6612.86,18107017.32143386
2019-12-18,7254.36,18108692.3214284
2019-12-19,7157.24,18110654.82142294
2019-12-20,7167.6,18112604.82141748
2019-12-21,7154.03,18114804.82141748
2019-12-22,7440.17,18116917.32141748
2019-12-23,7318.14,18118704.82141202
2019-12-24,7240.05,18120267.32140656
2019-12-25,7177.19,18121867.32140656
2019-12-26,7171.6,18123954.82140656
2019-12-27,7242.23,18125767.3214011
2019-12-28,7323.93,18127629.8214011
2019-12-29,7413.76,18129567.3214011
2019-12-30,7244.4,18131642.32139564
2019-12-31,7165.36,18133454.82139018
2020-01-01,7163.73,18135629.82139018
2020-01-02,6933.4,18137392.32135472
2020-01-03,7322.67,18139504.82134926
2020-01-04,7332.09,18141604.82134926
2020-01-05,7331.66,18143642.32134926
2020-01-06,7753.3,18145329.8213438
2020-01-07,8111.23,18147529.82133834
2020-01-08,8035.19,18149304.82133834
2020-01-09,7825.6,18151267.32132742
2020-01-10,8060.74,18153129.82132196
2020-01-11,8039.14,18155167.32132196
2020-01-12,8133.79,18157054.82132196
2020-01-13,8126.84,18158842.32132196
2020-01-14,8794.63,18160654.8213165
2020-01-15,8804.27,18162542.32130558
2020-01-16,8710.43,18164529.82130012
2020-01-17,8912.48,18166517.32129466
2020-01-18,8908.66,18168167.32129466
2020-01-19,8665.83,18170042.32129466
2020-01-20,8657.38,18171942.3212692
2020-01-21,8707.06,18173854.8212692
2020-01-22,8618.81,18175804.82126374
2020-01-23,8340.16,18177792.32126374
2020-01-24,8424.31,18179692.32125828
2020-01-25,8327.31,18181742.32125828
2020-01-26,8558.81,18183529.82125828
2020-01-27,8906.82,18185142.32125828
2020-01-28,9113.5,18186917.32125282
2020-01-29,9329.27,18188917.32125282
2020-01-30,9530.07,18190867.32124736
2020-01-31,9346.37,18192667.32124736
2020-02-01,9349.1,18194554.8212419
2020-02-02,9357.66,18196342.3212419
2020-02-03,9247.13,18198192.3212419
2020-02-04,9131.69,18199842.3212409
2020-02-05,9647.15,18201829.8212109
2020-02-06,9734.05,18203517.3212109
2020-02-07,9773.16,18205254.82121089
2020-02-08,9886.22,18206992.32121089
2020-02-09,10120.11,18208904.82121089
2020-02-10,9871.31,18210429.82121089
2020-02-11,10236.41,18212279.82121089
2020-02-12,10348.18,18214054.82121089
2020-02-13,10229.2,18215817.32121089
2020-02-14,10346.06,18217504.82121089
2020-02-15,9900.24,18219279.82121089
2020-02-16,9872.96,18221054.82121089
2020-02-17,9659.62,18223017.32121089
2020-02-18,10161.94,18224892.32121089
2020-02-19,9654.46,18226654.82121089
2020-02-20,9615.52,18228229.82121089
2020-02-21,9666.81,18230154.82121089
2020-02-22,9662.76,18232004.82120809
2020-02-23,9959.72,18233779.82120809
2020-02-24,9648.49,18235542.32120809
2020-02-25,9347.99,18237342.32120263
2020-02-26,8805.82,18239042.32120263
2020-02-27,8765.38,18240879.82120263
2020-02-28,8728.27,18242854.82120263
2020-02-29,8612.56,18244592.3212026
2020-03-01,8525.69,18246804.82120187
2020-03-02,8904.71,18248667.32116911
2020-03-03,8743.03,18250579.82116365
2020-03-04,8724.15,18252667.32115819
2020-03-05,9089.0,18254704.82115273
2020-03-06,9125.81,18256642.32114727
2020-03-07,8909.87,18258604.82114727
2020-03-08,8214.6,18260579.82114727
2020-03-09,7854.84,18262454.82114181
2020-03-10,7941.91,18264104.82111181
2020-03-11,7917.04,18265592.32111181
2020-03-12,5558.99,18267479.82111181
2020-03-13,5628.66,18269042.32111181
2020-03-14,5274.34,18270642.32107905
2020-03-15,5366.88,18272129.82107905
2020-03-16,5008.51,18273617.32107905
2020-03-17,5433.08,18275154.82107359
2020-03-18,5359.65,18276404.82104359
2020-03-19,6238.8,18277742.32103267
2020-03-20,6205.35,18279104.82100537
2020-03-21,6174.03,18280654.82099991
2020-03-22,5896.83,18282242.32099991
2020-03-23,6453.49,18283642.32099991
2020-03-24,6760.22,18285292.32099991
2020-03-25,6665.52,18286442.32099991
2020-03-26,6747.4,18288442.32096715
2020-03-27,6662.84,18290379.82096169
2020-03-28,6229.54,18292067.32096169
2020-03-29,5897.31,18293954.82096169
2020-03-30,6462.71,18295792.32095623
2020-03-31,6440.67,18297779.82092347
2020-04-01,6666.46,18299692.32092347
2020-04-02,6804.66,18301604.82089617
2020-04-03,6752.22,18303254.82089071
2020-04-04,6842.1,18305217.32089071
2020-04-05,6770.37,18307404.82089071
2020-04-06,7248.9,18309004.82088525
2020-04-07,7164.54,18311104.82085239
2020-04-08,7352.38,18312904.82084693
2020-04-09,7320.19,18314829.82084693
2020-04-10,6844.88,18316867.32084693
2020-04-11,6854.89,18318854.82084693
2020-04-12,7005.55,18320767.32084693
2020-04-13,6845.94,18322904.82084693
2020-04-14,6877.04,18325004.82084693
2020-04-15,6619.82,18327117.32081963
2020-04-16,7139.11,18329042.32081895
2020-04-17,7079.7,18330629.82081895
2020-04-18,7245.7,18332604.82081895
2020-04-19,7167.55,18334504.82081895
2020-04-20,6847.33,18336517.32081895
2020-04-21,6911.16,18338379.82081895
2020-04-22,7106.31,18340017.32081895
2020-04-23,7532.66,18341792.32081895
2020-04-24,7502.8,18343592.32081895
2020-04-25,7514.18,18345292.32081895
2020-04-26,7648.43,18347004.82081895
2020-04-27,7757.45,18348767.32081895
2020-04-28,7758.54,18350692.32081895
2020-04-29,8731.52,18352504.82081895
2020-04-30,8702.4,18354192.32081895
2020-05-01,8847.99,18355954.82081895
2020-05-02,8928.02,18357804.82081895
2020-05-03,8908.0,18359904.82081895
2020-05-04,8902.66,18361879.82079165
2020-05-05,8960.42,18363854.82079165
2020-05-06,9309.91,18365779.82079165
2020-05-07,9895.03,18367617.32079165
2020-05-08,9903.74,18369329.82079165
2020-05-09,9567.19,18371029.82078165
2020-05-10,8719.35,18373154.82078165
2020-05-11,8600.04,18374967.32078164
2020-05-12,8815.89,18375879.82078164
2020-05-13,9327.55,18376623.57078164
2020-05-14,9774.57,18377336.07078164
2020-05-15,9369.14,18378117.32078164
2020-05-16,9418.02,18378904.82078164
2020-05-17,9749.38,18379542.32078164
2020-05-18,9694.77,18380342.32078164
2020-05-19,9692.03,18381061.07078164
2020-05-20,9545.53,18381779.82078164
2020-05-21,9093.53,18382598.57077618
2020-05-22,9196.04,18383292.32077071
2020-05-23,9212.75,18384036.07076525
2020-05-24,9022.06,18384761.07076525
2020-05-25,8907.67,18385542.32076525
2020-05-26,8818.75,18386317.32076525
2020-05-27,9117.59,18387179.82074865
2020-05-28,9539.0,18387998.57074308
2020-05-29,9434.81,18388792.32074308
2020-05-30,9665.83,18389767.32073751
2020-05-31,9442.4,18390704.82073751
2020-06-01,10214.65,18391542.32071021
2020-06-02,9516.44,18392348.57071021
2020-06-03,9603.64,18393217.32070464
2020-06-04,9782.9,18394161.07069918
2020-06-05,9663.23,18395279.82069918
2020-06-06,9662.86,18396504.82068826
2020-06-07,9760.93,18397498.57066096
2020-06-08,9756.65,18398511.07066096
2020-06-09,9769.5,18399511.07066096
2020-06-10,9885.38,18400536.07063366
2020-06-11,9303.26,18401692.32060636
2020-06-12,9437.64,18402711.07057906
2020-06-13,9443.26,18403698.57057906
2020-06-14,9341.58,18404761.07057906
2020-06-15,9441.02,18405623.57057906
2020-06-16,9510.61,18406561.07057906
2020-06-17,9439.73,18407423.57057906
2020-06-18,9347.64,18408192.32057906
2020-06-19,9317.59,18409086.07057906
2020-06-20,9336.07,18409942.32057906
2020-06-21,9304.2,18410854.82056268
2020-06-22,9659.75,18411748.57056268
2020-06-23,9625.66,18412736.07056268
2020-06-24,9274.97,18413604.82056268
2020-06-25,9240.59,18414486.07056268
2020-06-26,9139.04,18415511.07053538
2020-06-27,9013.14,18416373.57053538
2020-06-28,9123.24,18417311.07053538
2020-06-29,9212.59,18418217.32053537
2020-06-30,9123.72,18419136.07053537
2020-07-01,9225.75,18420148.57050807
2020-07-02,9137.56,18421173.57048077
2020-07-03,9062.64,18422192.32048077
2020-07-04,9120.83,18423173.57048077
2020-07-05,9064.12,18424192.32048075
2020-07-06,9324.82,18425154.82048075
2020-07-07,9233.87,18426161.07044799
2020-07-08,9440.55,18427104.82044799
2020-07-09,9234.73,18428129.82044799
2020-07-10,9247.85,18429136.07044799
2020-07-11,9228.84,18430111.07044799
2020-07-12,9293.58,18431061.07044799
2020-07-13,9229.11,18431979.82044799
2020-07-14,9242.57,18432879.82042615
2020-07-15,9221.76,18433742.32040977
2020-07-16,9123.08,18434592.32040977
2020-07-17,9133.73,18435329.82037701
2020-07-18,9136.6,18436142.32037155
2020-07-19,9198.52,18436961.07037155
2020-07-20,9141.93,18437842.32037155
2020-07-21,9349.39,18438623.57035517
2020-07-22,9547.61,18439523.57031695
2020-07-23,9579.52,18440373.57031149
2020-07-24,9549.95,18441379.79568689
2020-07-25,9666.81,18442267.21706289
2020-07-26,9897.03,18443254.66209889
2020-07-27,11193.5,18444185.87879289
2020-07-28,10968.85,18445092.12879289
2020-07-29,11229.59,18446017.12875467
2020-07-30,11105.18,18446860.87875467
2020-07-31,11330.49,18447817.12875467
2020-08-01,11682.06,18448673.37875467
2020-08-02,11097.08,18449554.62874375
2020-08-03,11222.49,18450567.12871637
2020-08-04,11212.32,18451473.37871091
2020-08-05,11641.73,18452279.62871091
2020-08-06,11757.05,18453254.62871091
2020-08-07,11617.69,18454204.62870545
2020-08-08,11749.77,18455092.12870545
2020-08-09,11655.65,18456067.12870545
2020-08-10,11886.08,18456923.37870545
2020-08-11,11357.52,18457885.87870545
2020-08-12,11595.42,18458867.12870545
2020-08-13,11747.89,18459785.87870112
2020-08-14,11757.47,18460829.62865277
2020-08-15,11887.48,18461804.62865277
2020-08-16,11886.13,18462754.62865277
2020-08-17,12317.99,18463535.87865277
2020-08-18,12031.95,18464410.87865277
2020-08-19,11755.87,18465273.37862001
2020-08-20,11875.97,18466185.87861455
2020-08-21,11708.31,18467154.62857087
2020-08-22,11634.72,18468004.62855438
2020-08-23,11629.31,18468985.87855438
2020-08-24,11753.39,18469917.12854892
2020-08-25,11354.37,18470717.12854892
2020-08-26,11482.68,18471604.62854892
2020-08-27,11340.53,18472410.87854892
2020-08-28,11486.65,18473429.62852162
2020-08-29,11484.17,18474342.12852162
2020-08-30,11652.88,18475135.87852162
2020-08-31,11642.52,18476073.37852162
2020-09-01,12003.73,18477035.87852162
2020-09-02,11375.17,18477935.87852162
2020-09-03,10725.45,18478742.12852162
2020-09-04,10476.68,18479585.87852162
2020-09-05,10105.28,18480467.12849432
2020-09-06,10231.8,18481404.62849432
2020-09-07,10357.21,18482498.37849432
2020-09-08,10109.09,18483467.12849432
2020-09-09,10240.44,18484398.3784834
2020-09-10,10350.51,18485385.87847248
2020-09-11,10355.05,18486248.37847248
2020-09-12,10455.16,18487310.87847248
2020-09-13,10336.48,18488323.37847248
2020-09-14,10661.32,18489423.37847248
2020-09-15,10811.1,18490398.37847248
2020-09-16,10979.95,18491367.12846702
2020-09-17,10963.94,18492479.62846702
2020-09-18,10940.9,18493510.87846213
2020-09-19,11084.39,18494442.12844029
2020-09-20,10856.57,18495329.62782331
2020-09-21,10482.02,18496235.87781785
2020-09-22,10486.14,18497042.12781785
2020-09-23,10236.75,18497929.62781785
2020-09-24,10702.23,18498785.87781785
2020-09-25,10708.95,18499842.12744111
2020-09-26,10719.87,18500779.62720381
2020-09-27,10719.42,18501729.62680381
2020-09-28,10846.74,18502535.87650381
2020-09-29,10791.91,18503417.12650381
2020-09-30,10734.66,18504392.12650371
2020-10-01,10600.06,18505167.12650371
2020-10-02,10576.99,18506017.12649825
2020-10-03,10585.69,18506960.87649825
2020-10-04,10655.47,18507948.37649825
2020-10-05,10721.34,18508823.37649825
2020-10-06,10594.81,18509635.87649825
2020-10-07,10625.02,18510579.62649825
2020-10-08,10855.56,18511592.12649825
2020-10-09,11081.05,18512478.63549825
2020-10-10,11341.09,18513371.91999825
2020-10-11,11353.39,18514244.51434825
2020-10-12,11624.51,18515174.0181668
2020-10-13,11457.72,18516210.99390416
2020-10-14,11365.66,18517142.22788756
2020-10-15,11472.04,18518085.97786026
2020-10-16,11353.97,18519054.72786026
2020-10-17,11352.13,18520035.97786026
2020-10-18,11476.7,18520785.97786026
2020-10-19,11740.63,18521567.22786026
2020-10-20,11898.23,18522467.22786026
2020-10-21,12898.2,18523279.72786026
2020-10-22,13075.09,18524135.97786026
2020-10-23,12913.58,18524952.73986026
2020-10-24,13052.91,18525902.73986026
2020-10-25,13029.18,18526633.98986026
2020-10-26,13023.35,18527321.48986026
2020-10-27,13661.78,18527940.23986026
2020-10-28,13232.47,18528565.23986026
2020-10-29,13487.88,18529240.23986026
2020-10-30,13601.15,18529933.98986026
2020-10-31,13797.77,18530640.2293548
2020-11-01,13771.66,18531421.44451533
2020-11-02,13634.95,18532015.19451533
2020-11-03,13913.91,18532890.19450987
2020-11-04,14122.04,18533883.94447165
2020-11-05,15611.82,18534802.69446619
2020-11-06,15652.65,18535758.94446619
2020-11-07,14813.85,18536671.44446619
2020-11-08,15479.91,18537533.94446619
2020-11-09,15312.29,18538690.19446619
2020-11-10,15302.92,18539608.94446619
2020-11-11,15710.47,18540527.69446619
2020-11-12,16235.46,18541527.69446073
2020-11-13,16278.87,18542396.44444435
2020-11-14,16039.88,18543283.94444435
2020-11-15,16002.24,18544221.44444435
2020-11-16,16773.68,18545221.44444435
2020-11-17,17623.14,18546202.69441705
2020-11-18,17776.34,18547258.94441705
2020-11-19,17795.9,18548115.19441705
2020-11-20,18623.92,18549165.19441705
2020-11-21,18633.79,18550221.44441705
2020-11-22,18603.46,18551308.94441705
2020-11-23,18405.87,18552227.69441705
2020-11-24,19132.26,18553077.69441159
2020-11-25,18785.84,18554046.44432969
2020-11-26,17142.43,18554983.94365265
2020-11-27,16987.49,18555946.44336873
2020-11-28,17776.39,18556908.94336873
2020-11-29,18184.32,18557846.44336327
2020-11-30,19507.46,18558552.69336327
2020-12-01,18852.8,18559502.69335235
2020-12-02,19154.78,18560321.44335235
2020-12-03,19482.31,18561302.69332505
2020-12-04,18805.31,18562202.69329229
2020-12-05,19055.44,18563102.69323769
2020-12-06,19289.94,18563952.69323769
2020-12-07,19094.08,18564890.19323769
2020-12-08,18793.01,18565790.19319947
2020-12-09,18603.96,18566658.94319947
2020-12-10,18372.1,18567471.44303395
2020-12-11,18039.64,18568333.94291929
2020-12-12,18823.11,18569158.94269543
2020-12-13,19081.17,18570133.94261899
2020-12-14,19257.76,18571040.19259715
2020-12-15,19471.54,18571915.19259715
2020-12-16,21364.16,18572808.94259715
2020-12-17,22766.36,18573615.19259715
2020-12-18,22923.64,18574596.44259715
2020-12-19,23908.9,18575583.94255893
2020-12-20,23489.0,18576527.69252071
2020-12-21,23140.84,18577377.69250433
2020-12-22,23621.42,18578271.44249341
2020-12-23,23419.41,18579233.94248795
2020-12-24,23581.03,18580021.44248795
2020-12-25,24554.36,18580921.44248795
2020-12-26,26463.51,18581777.69247703
2020-12-27,26446.15,18582702.69247703
2020-12-28,26863.27,18583702.69247703
2020-12-29,27141.71,18584652.69247703
2020-12-30,28816.0,18585727.69247703
2020-12-31,29008.69,18586765.19247703
2021-01-01,29310.83,18587696.44247703
2021-01-02,31987.0,18588640.19247703
2021-01-03,33424.64,18589627.69247703
2021-01-04,31355.75,18590708.94247703
2021-01-05,33964.72,18591690.19241151
2021-01-06,36298.64,18592796.44241151
2021-01-07,39157.04,18593846.44238421
2021-01-08,40778.9,18594771.44238421
2021-01-09,40321.97,18595640.19238421
2021-01-10,38460.67,18596633.94238421
2021-01-11,35026.54,18597596.44238421
2021-01-12,33563.62,18598521.44238421
2021-01-13,37262.53,18599471.44235145
2021-01-14,38905.95,18600390.19232415
2021-01-15,36544.48,18601358.94232415
2021-01-16,35951.71,18602277.69228047
2021-01-17,36290.8,18603108.94158081
2021-01-18,36327.23,18604015.19158081
2021-01-19,36376.48,18604946.44158081
2021-01-20,35038.63,18605827.69155351
2021-01-21,31129.17,18606633.94154805
2021-01-22,33484.7,18607515.19154805
2021-01-23,31990.6,18608490.19154805
2021-01-24,32057.72,18609358.94154805
2021-01-25,32410.68,18610233.94154805
2021-01-26,32662.7,18611240.19153713
2021-01-27,30318.43,18612127.69153713
2021-01-28,33499.16,18613033.94153713
2021-01-29,34422.59,18613983.94153712
2021-01-30,34287.9,18614833.94153712
2021-01-31,33077.21,18615733.94153712
2021-02-01,33651.89,18616477.69150982
2021-02-02,35559.8,18617433.94150436
2021-02-03,37510.56,18618371.44150435
2021-02-04,37194.81,18619371.44150435
2021-02-05,37987.48,18620427.64630735
2021-02-06,39362.91,18621421.27046635
2021-02-07,38826.67,18622396.27046635
2021-02-08,44748.92,18623408.77046635
2021-02-09,46714.02,18624302.52046635
2021-02-10,45127.75,18625196.27046635
2021-02-11,47823.99,18626002.52046635
2021-02-12,47747.86,18626890.00844379
2021-02-13,47285.77,18627868.66744133
2021-02-14,48982.2,18628790.11853781
2021-02-15,48331.75,18629738.24477421
2021-02-16,49000.73,18630493.60277421
2021-02-17,52107.86,18631354.71697421
2021-02-18,51842.6,18632208.62172421
2021-02-19,55628.25,18633164.85170618
2021-02-20,55651.54,18634077.30512618
2021-02-21,57509.7,18634958.02512617
2021-02-22,54293.07,18635789.27512617
2021-02-23,48431.51,18636583.02512617
2021-02-24,49478.15,18637576.15012617
2021-02-25,48165.35,18638551.15012617
2021-02-26,46105.46,18639419.88009887
2021-02-27,46850.89,18640401.13009887
2021-02-28,45330.37,18641219.88009877
2021-03-01,49362.38,18642032.38009877
2021-03-02,47954.78,18642926.13009877
2021-03-03,50785.81,18643876.13009877
2021-03-04,48346.11,18644676.13007147
2021-03-05,48943.39,18645607.38007147
2021-03-06,48826.88,18646557.38007147
2021-03-07,51002.85,18647469.88007147
2021-03-08,51836.44,18648438.63007147
2021-03-09,54531.13,18649313.63006601
2021-03-10,56621.71,18650244.88006601
2021-03-11,57648.93,18651069.88006601
2021-03-12,57299.98,18652007.38006601
2021-03-13,61042.4,18652901.13006601
2021-03-14,60254.21,18653882.380066
2021-03-15,56311.67,18654807.380066
2021-03-16,56324.21,18655738.63006054
2021-03-17,58650.88,18656588.63006054
2021-03-18,57642.42,18657538.63006054
2021-03-19,58269.38,18658463.63006054
2021-03-20,58292.48,18659426.13006054
2021-03-21,57566.54,18660401.13005508
2021-03-22,54414.9,18661344.88005508
2021-03-23,54499.23,18662351.13005508
2021-03-24,52540.46,18663301.13005508
2021-03-25,52161.98,18664263.63004862
2021-03-26,54502.58,18665113.63004862
2021-03-27,56148.44,18666107.38004862
2021-03-28,55581.42,18667101.13004862
2021-03-29,57611.91,18668044.88004862
2021-03-30,58843.33,18668957.38004316
2021-03-31,58863.17,18669938.62932678
2021-04-01,58889.08,18670844.87932678
2021-04-02,59016.78,18671719.87932678
2021-04-03,57540.91,18672538.62932678
2021-04-04,58216.17,18673451.12932678
2021-04-05,58863.22,18674426.12932678
2021-04-06,58182.31,18675326.12932678
2021-04-07,56296.06,18676307.37932678
2021-04-08,57687.28,18677144.87932678
2021-04-09,58165.2,18678094.87932678
2021-04-10,59342.25,18679076.12932132
2021-04-11,59836.52,18679982.37932132
2021-04-12,59926.93,18680882.30832031
2021-04-13,63123.32,18681769.75252031
2021-04-14,63030.35,18682613.46851931
2021-04-15,63165.73,18683688.25551931
2021-04-16,61791.93,18684332.00551931
2021-04-17,60930.34,18684900.75551931
2021-04-18,56321.75,18685675.75551931
2021-04-19,56212.35,18686282.00551931
2021-04-20,56408.91,18687082.00551931
2021-04-21,54437.32,18687713.25551931
2021-04-22,51888.09,18688607.00551931
2021-04-23,50733.74,18689450.75551385
2021-04-24,50275.6,18690356.73110839
2021-04-25,48503.03,18691237.98110839
2021-04-26,53702.69,18691950.38110839
2021-04-27,54984.38,18692837.88110839
2021-04-28,54732.54,18693725.38110839
2021-04-29,53378.99,18694487.88110839
2021-04-30,57074.46,18695394.13110838
2021-05-01,57620.52,18696262.88110838
2021-05-02,56420.61,18697419.13110838
2021-05-03,57376.49,18698525.29793575
2021-05-04,53860.07,18699656.54793575
2021-05-05,57246.5,18700637.79793575
2021-05-06,56430.28,18701700.29793575
2021-05-07,57428.88,18702775.29793575
2021-05-08,58851.4,18703844.04793575
2021-05-09,58221.64,18705006.54793575
2021-05-10,55748.17,18706131.54793575
2021-05-11,56383.45,18707206.54793575
2021-05-12,52389.71,18708281.54793575
2021-05-13,49289.66,18709287.79793575
2021-05-14,50161.74,18710125.29793575
2021-05-15,48364.94,18710894.04793575
2021-05-16,45795.44,18711719.04793575
2021-05-17,43196.03,18712475.29793575
2021-05-18,42800.25,18713100.29793575
2021-05-19,39247.55,18713881.54793575
2021-05-20,41042.89,18714581.54793575
2021-05-21,37128.28,18715269.04793575
2021-05-22,37636.79,18715994.04793575
2021-05-23,34352.42,18716737.79793575
2021-05-24,38466.38,18717525.04293575
2021-05-25,38225.84,18718293.79293575
2021-05-26,38914.75,18719056.29293575
2021-05-27,38846.33,18719787.54293575
2021-05-28,35160.74,18720531.29293575
2021-05-29,34635.55,18721256.29293575
2021-05-30,35681.53,18722156.29293575
2021-05-31,37085.53,18723037.54293575
2021-06-01,36551.06,18723925.04293575
2021-06-02,37604.92,18724962.54293575
2021-06-03,38963.84,18725881.29293575
2021-06-04,36891.48,18726700.04293575
2021-06-05,35309.76,18727518.7929314
2021-06-06,35754.45,18728456.2929314
2021-06-07,33944.05,18729287.5429314
2021-06-08,33508.86,18730218.7929314
2021-06-09,37226.61,18731006.2929314
2021-06-10,36749.94,18731743.7929314
2021-06-11,37171.92,18732400.0429314
2021-06-12,35801.97,18733225.0429314
2021-06-13,38896.07,18734050.0429314
2021-06-14,40293.57,18734893.7929314
2021-06-15,40218.39,18735712.5429314
2021-06-16,38385.56,18736481.2929314
2021-06-17,37935.7,18737293.7929314
2021-06-18,35500.3,18738068.7929314
2021-06-19,35584.88,18738712.5429314
2021-06-20,35534.41,18739368.7929314
2021-06-21,31665.69,18740025.0429314
2021-06-22,32444.62,18740593.7929314
2021-06-23,33483.58,18741225.0429314
2021-06-24,34682.13,18741881.2929314
2021-06-25,31702.64,18742568.7929314
2021-06-26,31574.44,18743125.0429314
2021-06-27,32748.45,18743487.5429314
2021-06-28,34317.08,18744037.5429314
2021-06-29,35991.59,18744600.0429314
2021-06-30,34719.04,18745150.0429314
2021-07-01,33465.93,18745750.0429314
2021-07-02,33534.78,18746312.5429314
2021-07-03,34623.11,18747106.2929314
2021-07-04,35527.92,18747825.0429314
2021-07-05,33916.27,18748650.0429314
2021-07-06,33981.28,18749537.5429314
2021-07-07,34071.51,18750306.2929314
2021-07-08,32725.4,18751175.0429314
2021-07-09,33890.43,18751993.7929314
2021-07-10,33531.59,18753000.0429314
2021-07-11,34289.6,18753781.2929314
2021-07-12,33106.85,18754568.79292919
2021-07-13,32655.63,18755418.79292919
2021-07-14,32774.64,18756481.29292919
2021-07-15,31676.71,18757281.29292917
2021-07-16,31531.29,18758218.79292917
2021-07-17,31619.53,18759112.54292917
2021-07-18,31634.78,18760012.54292917
2021-07-19,30909.57,18761075.04292917
2021-07-20,29672.55,18761837.54292917
2021-07-21,32002.69,18762743.79292917
2021-07-22,32334.32,18763700.04292371
2021-07-23,33172.73,18764543.79290733
2021-07-24,34153.98,18765506.29290733
2021-07-25,34859.79,18766462.54290733
2021-07-26,37478.42,18767400.04289095
2021-07-27,38931.45,18768462.54284727
2021-07-28,39830.53,18769443.79284727
2021-07-29,40007.94,18770443.79284181
2021-07-30,41415.03,18771481.29282543
2021-07-31,41738.49,18772468.79282543
2021-08-01,40266.79,18773431.29282542
2021-08-02,39348.67,18774325.04282542
2021-08-03,38443.83,18775381.2928145
2021-08-04,39790.5,18776231.2928145
2021-08-05,40891.26,18777231.29279812
2021-08-06,42679.37,18778225.04279812
2021-08-07,44212.65,18779268.79279812
2021-08-08,44095.71,18780256.29279812
2021-08-09,46187.76,18781206.29278174
2021-08-10,45399.52,18782237.54278174
2021-08-11,45740.58,18783156.29278174
2021-08-12,44280.96,18784100.04277628
2021-08-13,47672.43,18784987.54277628
2021-08-14,46943.42,18786012.54277628
2021-08-15,47067.6,18787150.04277628
2021-08-16,45942.66,18788156.29277082
2021-08-17,44704.08,18789231.29277082
2021-08-18,44910.0,18790075.04276536
2021-08-19,46678.15,18791037.54275444
2021-08-20,48987.71,18792037.54275444
2021-08-21,49099.67,18793100.04275444
2021-08-22,49381.01,18794125.04275444
2021-08-23,49554.24,18795356.29263694
2021-08-24,47984.87,18796318.79263148
2021-08-25,48973.99,18797318.79262602
2021-08-26,47276.09,18798231.29260418
2021-08-27,48977.81,18799143.79259326
2021-08-28,48889.72,18800025.04259326
2021-08-29,49025.17,18801000.04259326
2021-08-30,47441.13,18801843.79259326
2021-08-31,47036.97,18802743.79259326
2021-09-01,48447.12,18803600.0425878
2021-09-02,49503.85,18804531.2925878
2021-09-03,49643.18,18805456.29258234
2021-09-04,49772.56,18806425.04258234
2021-09-05,51832.43,18807450.04258234
2021-09-06,52502.27,18808525.04258234
2021-09-07,46790.81,18809481.29258234
2021-09-08,46477.75,18810368.79258234
2021-09-09,46330.95,18811225.04258234
2021-09-10,44712.37,18812075.04258234
2021-09-11,45204.44,18813000.04249204
2021-09-12,46205.77,18813918.79249204
2021-09-13,45086.38,18814912.54249204
2021-09-14,46861.81,18815962.54248658
2021-09-15,48162.32,18816850.04248658
2021-09-16,47827.79,18817700.04248658
2021-09-17,47263.98,18818618.79248658
2021-09-18,48017.31,18819587.54248658
2021-09-19,47296.74,18820587.54248658
2021-09-20,42800.22,18821612.54247566
2021-09-21,40751.44,18822381.29247566
2021-09-22,43587.62,18823218.79247566
2021-09-23,44686.73,18824250.04247566
2021-09-24,42707.87,18825175.04247566
2021-09-25,42662.25,18826075.04247566
2021-09-26,43173.62,18826943.79247566
2021-09-27,43049.62,18827912.54247566
2021-09-28,41494.14,18828862.54247546
2021-09-29,41232.37,18829675.04247546
2021-09-30,43693.12,18830743.79247
2021-10-01,47957.6,18831618.79246454
2021-10-02,48072.57,18832793.79246454
2021-10-03,48001.62,18833731.29246454
2021-10-04,49123.49,18834706.29246454
2021-10-05,51347.16,18835731.29246454
2021-10-06,55142.21,18836550.04246454
2021-10-07,53799.88,18837431.29246454
2021-10-08,54029.94,18838181.29246454
2021-10-09,54968.67,18839118.79245908
2021-10-10,54917.36,18840112.54245908
2021-10-11,57077.58,18841025.04245908
2021-10-12,56135.32,18841862.54244924
2021-10-13,57479.75,18842918.79244924
2021-10-14,57485.22,18843775.04244378
2021-10-15,61261.98,18844656.29244378
2021-10-16,60912.07,18845487.54244378
2021-10-17,61177.04,18846487.54244378
2021-10-18,61728.23,18847412.54243407
2021-10-19,64297.35,18848381.29243407
2021-10-20,66081.71,18849312.54242861
2021-10-21,62399.22,18850237.54242861
2021-10-22,60789.68,18851225.04242861
2021-10-23,61027.86,18852131.29242861
2021-10-24,60945.11,18853087.54242861
2021-10-25,63048.55,18854225.04242861
2021-10-26,60302.24,18855162.54242861
2021-10-27,58555.68,18856143.79242861
2021-10-28,60463.96,18857100.04242861
2021-10-29,62351.01,18858168.79242861
2021-10-30,61668.34,18859137.54242861
2021-10-31,61476.94,18860006.29242861
2021-11-01,60969.68,18860931.29242861
2021-11-02,63019.48,18861918.79242861
2021-11-03,63036.63,18862925.04242861
2021-11-04,61445.01,18863818.79240677
2021-11-05,60959.96,18864787.54240131
2021-11-06,61494.17,18865750.04240131
2021-11-07,63032.45,18866706.29238493
2021-11-08,66218.68,18867550.04235763
2021-11-09,67330.06,18868500.04235763
2021-11-10,64626.71,18869431.29235217
2021-11-11,65167.21,18870418.79234217
2021-11-12,63895.07,18871306.29234217
2021-11-13,64472.41,18872262.54234217
2021-11-14,64746.3,18873243.79232217
2021-11-15,63852.26,18874187.54229487
2021-11-16,60567.08,18875125.04229487
2021-11-17,60052.41,18876056.29229487
2021-11-18,56827.28,18876956.29229487
2021-11-19,57933.79,18877812.54229487
2021-11-20,59608.71,18878718.79229487
2021-11-21,59050.31,18879543.79229487
2021-11-22,56354.45,18880425.04229487
2021-11-23,57548.71,18881250.04229487
2021-11-24,56987.29,18882231.29229487
2021-11-25,58917.76,18883043.79229487
2021-11-26,54007.37,18883868.79229487
2021-11-27,54665.56,18884762.54229487
2021-11-28,57168.71,18885631.29229487
2021-11-29,58171.48,18886525.04228941
2021-11-30,57442.07,18887362.54228941
2021-12-01,56954.63,18888218.79228941
2021-12-02,56803.67,18889187.54228941
2021-12-03,53651.03,18890237.54228941
2021-12-04,49045.46,18891206.29228941
2021-12-05,49174.8,18892243.79228941
2021-12-06,50630.83,18893318.79228941
2021-12-07,50502.68,18894281.29228395
2021-12-08,50601.38,18895331.29168395
2021-12-09,47943.14,18896350.04158394
2021-12-10,47496.06,18897325.04157302
2021-12-11,49063.59,18898268.79157302
2021-12-12,50132.3,18899143.79157302
2021-12-13,46770.17,18900025.04156756
2021-12-14,48323.9,18900950.04156756
2021-12-15,48920.12,18901831.29156756
2021-12-16,47856.63,18902550.04156756
2021-12-17,46321.87,18903481.29156756
2021-12-18,46791.26,18904281.29156756
2021-12-19,46853.41,18905212.54156756
2021-12-20,46846.33,18906112.54155118
2021-12-21,49005.22,18907118.79155118
2021-12-22,48689.77,18908043.7915348
2021-12-23,50711.97,18908993.79151842
2021-12-24,50741.46,18909937.54150204
2021-12-25,50675.3,18910856.29150204
2021-12-26,50720.52,18911693.79150204
2021-12-27,50768.64,18912618.79150204
2021-12-28,47730.32,18913456.29146382
2021-12-29,47264.8,18914362.54143106
2021-12-30,47226.91,18915106.29143106
2021-12-31,46279.03,18916037.54143106
2022-01-01,47332.22,18917112.54143106
2022-01-02,47308.72,18918100.04143106
2022-01-03,46240.63,18918975.04142014
2022-01-04,46198.39,18919893.79140376
2022-01-05,43478.86,18920831.291371
2022-01-06,43152.19,18921743.7913437
2022-01-07,41635.25,18922618.7913164
2022-01-08,41756.9,18923518.7913164
2022-01-09,41775.6,18924400.0413164
2022-01-10,41704.51,18925287.54130548
2022-01-11,42691.2,18926275.04127818
2022-01-12,43861.88,18927143.79123996
2022-01-13,42660.58,18928262.54122904
2022-01-14,43147.78,18929256.2912072
2022-01-15,43166.9,18930293.7912072
2022-01-16,43157.79,18931387.54120174
2022-01-17,42138.7,18932393.79117444
2022-01-18,42508.8,18933243.79116898
2022-01-19,41730.46,18934325.04114714
2022-01-20,40795.75,18935381.29113076
2022-01-21,36468.72,18936218.79109254
2022-01-22,35046.19,18937056.29107708
2022-01-23,35506.51,18937937.54106616
2022-01-24,36644.83,18938875.04103886
2022-01-25,36775.35,18939825.04101156
2022-01-26,36753.29,18940637.54099518
2022-01-27,36800.1,18941456.29097334
2022-01-28,37672.14,18942418.79093512
2022-01-29,38032.44,18943350.04091874
2022-01-30,37995.73,18944262.54091328
2022-01-31,38461.14,18945156.29090782
2022-02-01,38755.32,18946118.79088598
2022-02-02,36964.55,18947075.04086414
2022-02-03,37011.43,18947993.79082592
2022-02-04,40632.5,18948806.29080408
2022-02-05,41655.46,18949550.04079862
2022-02-06,41855.2,18950525.04079862
2022-02-07,43942.51,18951375.0407877
2022-02-08,44142.93,18952337.54077678
2022-02-09,44495.67,18953212.54075494
2022-02-10,43721.08,18954131.29074948
2022-02-11,42340.1,18955018.7907331
2022-02-12,42163.92,18956183.84959684
2022-02-13,42193.06,18957171.34959684
2022-02-14,42626.0,18958127.59958046
2022-02-15,44159.63,18959221.34955316
2022-02-16,44134.13,18960196.34953132
2022-02-17,40721.59,18961177.59950948
2022-02-18,39930.64,18962010.93177205
2022-02-19,39982.79,18962942.18176113
2022-02-20,38529.38,18963842.18176113
2022-02-21,37417.98,18964610.93175567
2022-02-22,38036.13,18965560.93172837
2022-02-23,37368.22,18966498.43169015
2022-02-24,38267.78,18967323.43166434
2022-02-25,39301.41,18968160.93162611
2022-02-26,39199.4,18968942.18159881
2022-02-27,37595.57,18969792.18158789
2022-02-28,43151.74,18970754.68155513
2022-03-01,43883.87,18971767.18154967
2022-03-02,44086.55,18972617.18151691
2022-03-03,42521.59,18973542.18147869
2022-03-04,38940.88,18974410.93146231
2022-03-05,39353.77,18975179.68144047
2022-03-06,38488.77,18975998.43142409
2022-03-07,38143.17,18976923.43140771
2022-03-08,38520.63,18977848.43139133
2022-03-09,41897.0,18978710.93135311
2022-03-10,39383.52,18979617.18133127
2022-03-11,38889.17,18980479.68132035
2022-03-12,38964.03,18981454.68129851
2022-03-13,37701.5,18982398.43129305
2022-03-14,39596.95,18983354.68127667
2022-03-15,39376.39,18984223.43125483
2022-03-16,41063.5,18985192.18121391
2022-03-17,40833.82,18986185.93120845
2022-03-18,41718.64,18987079.68119753
2022-03-19,42139.33,18988048.43118661
2022-03-20,41242.88,18989010.93118661
2022-03-21,41151.79,18989967.18116477
2022-03-22,42571.0,18990898.43112655
2022-03-23,42578.24,18991804.68106649
2022-03-24,44000.99,18992698.43105557
2022-03-25,44219.29,18993673.43105011
2022-03-26,44515.17,18994679.68105011
2022-03-27,46734.03,18995498.43104465
2022-03-28,47340.86,18996492.18103373
2022-03-29,47312.94,18997435.93101735
2022-03-30,47132.61,18998279.68100097
2022-03-31,45704.52,18999142.18099005
2022-04-01,46231.75,19000023.43097367
2022-04-02,46177.65,19000867.18097367
2022-04-03,46365.62,19001735.93095729
2022-04-04,46726.58,19002723.43088631
2022-04-05,45731.21,19003629.68088631
2022-04-06,43564.15,19004567.18078085
2022-04-07,43616.51,19005429.68075355
2022-04-08,42194.88,19006267.18074263
2022-04-09,42631.55,19007223.43074263
2022-04-10,42190.08,19008098.43073171
2022-04-11,39758.79,19008954.68073171
2022-04-12,39917.96,19009910.93072079
2022-04-13,41209.46,19010785.93070441
2022-04-14,39822.62,19011648.43070441
2022-04-15,40348.57,19012635.93067165
2022-04-16,40347.97,19013473.43066619
2022-04-17,39755.27,19014504.68066619
2022-04-18,40758.15,19015342.18066073
2022-04-19,41311.33,19016117.18063343
2022-04-20,41400.33,19017117.18062251
2022-04-21,40321.04,19018173.43059521
2022-04-22,39770.01,19019017.18058975
2022-04-23,39813.58,19020035.93058975
2022-04-24,39446.73,19021104.67958975
2022-04-25,40331.55,19022117.17957883
2022-04-26,38116.35,19022992.17956245
2022-04-27,39189.26,19024054.67955699
2022-04-28,39796.93,19024879.67955153
2022-04-29,38509.65,19025817.17954607
2022-04-30,37694.02,19026754.67952423
2022-05-01,38446.55,19027798.42951289
2022-05-02,38508.84,19028798.42950743
2022-05-03,37624.41,19029735.92949105
2022-05-04,39660.11,19030648.42948559
2022-05-05,36345.88,19031629.67948013
2022-05-06,35940.35,19032517.17946921
2022-05-07,35409.43,19033410.92945829
2022-05-08,34151.43,19034379.67945283
2022-05-09,31091.25,19035348.42945283
2022-05-10,30928.32,19036304.67943099
2022-05-11,28781.13,19037210.92943099
2022-05-12,29031.37,19038054.67943099
2022-05-13,29416.34,19039004.67941461
2022-05-14,30027.05,19039885.92940369
2022-05-15,31131.52,19040648.42939823
2022-05-16,29941.57,19041673.42935455
2022-05-17,30480.34,19042592.17932179
2022-05-18,28915.22,19043429.67928903
2022-05-19,30190.92,19044192.17926719
2022-05-20,29194.55,19044992.17923443
2022-05-21,29438.67,19045835.92922897
2022-05-22,30219.26,19046598.42921805
2022-05-23,29161.48,19047598.42920167
2022-05-24,29516.25,19048348.42917437
2022-05-25,29589.02,19049248.42914707
2022-05-26,29447.74,19050129.67914707
2022-05-27,28743.3,19050992.17914161
2022-05-28,28906.17,19051917.17914161
2022-05-29,29329.34,19052848.42913615
2022-05-30,31629.95,19053810.92911617
2022-05-31,31779.26,19054723.42909193
2022-06-01,29822.29,19055573.42905797
2022-06-02,30512.06,19056354.67904159
2022-06-03,29591.06,19057248.42903067
2022-06-04,29834.91,19058117.17902401
2022-06-05,29893.56,19059029.67902401
2022-06-06,31278.43,19059967.17900763
2022-06-07,31242.69,19060979.67892474
2022-06-08,30215.2,19062092.1789029
2022-06-09,30028.72,19063004.67889198
2022-06-10,29153.11,19063923.42888106
2022-06-11,28353.8,19064885.92888106
2022-06-12,27030.12,19065679.67887106
2022-06-13,22360.5,19066510.92881922
2022-06-14,22122.8,19067423.42879738
2022-06-15,22457.34,19068454.67876462
2022-06-16,20325.71,19069198.42873186
2022-06-17,20452.17,19069873.42871548
2022-06-18,19043.9,19070848.42871548
2022-06-19,20464.8,19071679.67868548
2022-06-20,20417.93,19072504.6786691
2022-06-21,20852.52,19073442.17863818
2022-06-22,19988.17,19074248.4285718
2022-06-23,21108.92,19075198.42854996
2022-06-24,21358.07,19076004.6785445
2022-06-25,21395.7,19076948.4284845
2022-06-26,21128.7,19077810.9284845
2022-06-27,20745.63,19078660.92847358
2022-06-28,20271.02,19079573.4284572
2022-06-29,20146.33,19080517.17835344
2022-06-30,19017.22,19081585.92826714
2022-07-01,19309.6,19082423.42825076
2022-07-02,19278.15,19083285.9282453
2022-07-03,19271.37,19084254.67823984
2022-07-04,20156.33,19085148.42821254
2022-07-05,20282.02,19085885.9281634
2022-07-06,20467.89,19086679.67815248
2022-07-07,21628.0,19087660.92814156
2022-07-08,21844.09,19088585.92811416
2022-07-09,21615.79,19089423.42810324
2022-07-10,20849.52,19090379.67809232
2022-07-11,19982.7,19091148.42807048
2022-07-12,19325.21,19092092.17804318
2022-07-13,19884.14,19092779.67799404
2022-07-14,20500.4,19093554.67797766
2022-07-15,20893.09,19094442.17795582
2022-07-16,21148.6,19095367.17795582
2022-07-17,20892.83,19096142.17793944
2022-07-18,21663.88,19096960.92790122
2022-07-19,23441.35,19097823.42787392
2022-07-20,23286.19,19098610.92784116
2022-07-21,23143.56,19099479.6778084
2022-07-22,22664.61,19100304.6778084
2022-07-23,22418.36,19101267.1778084
2022-07-24,22668.86,19102248.4278084
2022-07-25,21640.83,19103135.92776472
2022-07-26,21130.58,19104135.92773742
2022-07-27,22833.66,19105167.17766644
2022-07-28,23888.52,19106048.42761184
2022-07-29,23975.22,19106960.9275627
2022-07-30,23678.72,19107767.17752448
2022-07-31,23297.95,19108717.17748626
2022-08-01,23273.51,19109567.17744804
2022-08-02,23062.38,19110535.92738798
2022-08-03,22896.97,19111442.1773443
2022-08-04,22632.43,19112267.17727878
2022-08-05,23170.93,19113204.67721326
2022-08-06,23006.41,19114210.92717504
2022-08-07,23166.66,19115204.67710952
2022-08-08,23780.3,19116104.67703308
2022-08-09,23157.32,19116998.42696756
2022-08-10,23932.41,19117923.42688566
2022-08-11,24062.37,19118798.4267983
2022-08-12,24285.18,19119760.92675461
2022-08-13,24453.23,19120629.67613532
2022-08-14,24270.23,19121460.9260971
2022-08-15,23996.95,19122367.17602066
2022-08-16,23884.27,19123292.1759606
2022-08-17,23375.42,19124098.42589508
2022-08-18,23260.17,19124998.42281851
2022-08-19,20922.05,19126110.92273661
2022-08-20,21123.63,19127042.17266017
2022-08-21,21592.14,19127954.67259465
2022-08-22,21165.04,19128860.92250729
2022-08-23,21528.99,19129935.92246907
2022-08-24,21458.8,19130848.42239263
2022-08-25,21613.24,19131842.17231073
2022-08-26,20220.67,19132942.17226705
2022-08-27,19987.15,19133848.42221791
2022-08-28,19725.14,19134854.67216423
2022-08-29,20189.24,19135835.92209417
2022-08-30,19798.28,19136848.42202319
2022-08-31,20024.3,19137760.92192491
2022-09-01,20056.83,19138623.42183744
2022-09-02,19952.13,19139429.67166686
2022-09-03,19743.53,19140348.4215677
2022-09-04,19900.6,19141398.42149126
2022-09-05,19741.02,19142354.67139844
2022-09-06,18847.93,19143242.17131108
2022-09-07,19279.93,19144154.67120723
2022-09-08,19277.72,19144948.42110895
2022-09-09,21362.44,19145867.17104343
2022-09-10,21647.85,19146848.42098883
2022-09-11,21632.87,19147992.17095061
2022-09-12,22368.99,19148948.42086225
2022-09-13,20176.02,19149804.67080765
2022-09-14,20205.44,19150598.42072575
2022-09-15,19721.21,19151517.17066023
2022-09-16,19717.45,19152317.17060563
2022-09-17,20155.45,19153379.67054557
2022-09-18,19461.56,19154342.17049643
2022-09-19,19506.44,19155154.67039269
2022-09-20,18845.31,19156104.67029441
2022-09-21,18465.91,19156985.92022889
2022-09-22,19324.83,19157785.92015245
2022-09-23,19279.79,19158629.67009239
2022-09-24,18853.31,19159542.17005963
2022-09-25,18818.88,19160460.92002687
2022-09-26,19143.23,19161398.41996135
2022-09-27,19061.15,19162204.66985761
2022-09-28,19497.42,19163142.16981939
2022-09-29,19498.16,19164035.91973749
2022-09-30,19416.95,19165092.16967197
2022-10-01,19282.25,19166223.41963921
2022-10-02,19030.95,19167204.66957081
2022-10-03,19559.59,19168167.1694235
2022-10-04,20295.37,19169185.91933614
2022-10-05,20153.31,19170279.66925424
2022-10-06,19949.73,19171273.4192051
2022-10-07,19505.49,19172342.16912866
2022-10-08,19413.2,19173435.91906542
2022-10-09,19429.17,19174423.4190272
2022-10-10,19100.95,19175473.41898898
2022-10-11,19047.42,19176454.66892892
2022-10-12,19116.5,19177310.91885248
2022-10-13,19329.68,19178204.66877058
2022-10-14,19121.47,19179179.66870506
2022-10-15,19057.2,19180129.66866684
2022-10-16,19265.82,19181029.66863408
2022-10-17,19510.27,19181967.16855218
2022-10-18,19294.57,19182854.66843752
2022-10-19,19087.24,19183798.418372
2022-10-20,19044.07,19184704.66832412
2022-10-21,19149.06,19185679.66824852
2022-10-22,19197.78,19186529.66818846
2022-10-23,19515.46,19187498.41814478
2022-10-24,19310.35,19188348.4180738
2022-10-25,20100.08,19189110.91801374
2022-10-26,20831.04,19190079.66793184
2022-10-27,20224.46,19190923.4178554
2022-10-28,20648.17,19191917.16781718
2022-10-29,20748.7,19192810.91777896
2022-10-30,20636.04,19193654.6677462
2022-10-31,20428.55,19194735.91770252
2022-11-01,20433.75,19195635.91765884
2022-11-02,20171.66,19196398.41759878
2022-11-03,20187.17,19197423.4175551
2022-11-04,21134.86,19198229.66751142
2022-11-05,21337.9,19199173.41746774
2022-11-06,21085.3,19200029.66743498
2022-11-07,20604.78,19200929.667364
2022-11-08,18544.19,19201948.41732578
2022-11-09,15728.99,19202879.6672821
2022-11-10,17725.64,19203798.41724934
2022-11-11,16831.38,19204635.91717836
2022-11-12,16780.2,19205679.66706008
2022-11-13,16380.51,19206485.91700002
2022-11-14,16426.06,19207254.66692874
2022-11-15,16806.46,19208223.41683046
2022-11-16,16600.46,19209160.91678132
2022-11-17,16648.24,19210023.4167431
2022-11-18,16606.78,19210892.1667158
2022-11-19,16733.0,19211810.91666665
2022-11-20,16221.89,19212742.16662843
2022-11-21,15731.36,19213548.41657383
2022-11-22,16107.36,19214335.91654107
2022-11-23,16561.76,19215217.16649193
2022-11-24,16585.48,19216023.41645361
2022-11-25,16513.93,19216792.16642085
2022-11-26,16418.65,19217473.41634441
2022-11-27,16443.43,19218323.41631165
2022-11-28,16214.82,19219192.16626251
2022-11-29,16419.55,19220010.91622429
2022-11-30,17144.04,19220873.41616423
2022-12-01,16973.36,19221829.66609325
2022-12-02,16996.64,19222610.91603865
2022-12-03,16929.48,19223429.66598951
2022-12-04,17133.4,19224304.66595128
2022-12-05,16973.42,19225217.1659076
2022-12-06,16997.81,19226060.91585846
2022-12-07,16805.96,19227135.9158257
2022-12-08,17185.24,19228179.6657711
2022-12-09,17154.75,19229129.66573834
2022-12-10,17160.04,19230092.1656667
2022-12-11,17109.46,19231010.87437845
2022-12-12,17171.94,19231904.58944839
2022-12-13,17779.72,19232935.80283517
2022-12-14,17785.68,19233860.77494511
2022-12-15,17362.35,19234729.49509689
2022-12-16,16626.44,19235541.95487591
2022-12-17,16779.39,19236404.41461085
2022-12-18,16781.15,19237310.62227742
2022-12-19,16407.59,19238160.58084578
2022-12-20,16856.73,19239035.54155345
2022-12-21,16784.8,19239929.24910477
2022-12-22,16776.67,19240772.95819589
2022-12-23,16784.0,19241597.9181671
2022-12-24,16793.39,19242154.14117342
2022-12-25,16793.47,19243035.37385341
2022-12-26,16802.14,19243841.60044565
2022-12-27,16694.93,19244560.32123563
2022-12-28,16523.61,19245610.27240695
2022-12-29,16595.29,19246491.47920417
2022-12-30,16591.55,19247478.93413641
2022-12-31,16537.08,19248453.89718753
2023-01-01,16595.17,19249422.60727431
2023-01-02,16689.83,19250397.55826063
2023-01-03,16603.58,19251360.01526741
2023-01-04,16794.0,19252253.72329735
2023-01-05,16790.17,19253234.93404959
2023-01-06,16970.93,19254359.89177137
2023-01-07,16969.72,19255322.34717769
2023-01-08,16969.24,19256278.57965493
2023-01-09,17177.58,19257228.54606125
2023-01-10,17363.16,19258284.75559803
2023-01-11,17580.22,19259203.47157527
2023-01-12,18841.05,19260147.18880103
2023-01-13,19813.51,19261140.90251235
2023-01-14,20973.14,19262209.61793413
2023-01-15,20878.5,19263228.33720591
2023-01-16,21136.56,19264147.06031677
2023-01-17,21210.67,19265122.03265217
2023-01-18,20685.97,19265997.00170941
2023-01-19,21070.15,19266903.21997481
2023-01-20,22628.46,19267728.19024205
2023-01-21,23018.5,19268590.65808383
2023-01-22,22653.32,19269534.39618178
2023-01-23,22908.19,19270521.85885021
2023-01-24,22659.13,19271328.07955362
2023-01-25,23131.43,19272421.7960685
2023-01-26,22947.08,19273390.51666793
2023-01-27,23060.68,19274352.98941644
2023-01-28,22931.29,19275402.95246669
2023-01-29,23725.31,19276409.16284497
2023-01-30,22686.03,19277271.62155255
2023-01-31,23101.71,19277990.34175801
2023-02-01,23709.87,19278846.55963438
2023-02-02,23475.41,19279752.77542983
2023-02-03,23440.01,19280583.99588122
2023-02-04,23409.68,19281433.96430184
2023-02-05,22912.08,19282383.94257359
2023-02-06,22878.48,19283308.91224204
2023-02-07,23191.82,19284196.37655138
2023-02-08,22904.6,19285058.84264049
2023-02-09,21861.84,19286071.29363854
2023-02-10,21633.92,19286990.00220936
2023-02-11,21846.51,19287914.96354317
2023-02-12,21808.11,19288927.42502837
2023-02-13,21824.3,19289902.38706678
2023-02-14,22149.51,19290864.84314575
2023-02-15,24259.6,19291883.54504416
2023-02-16,23855.04,19293002.24407451
2023-02-17,24555.69,19294033.44763486
2023-02-18,24572.24,19295083.27777252
2023-02-19,24388.09,19296095.76363355
2023-02-20,24807.55,19297014.46137052
2023-02-21,24289.32,19298058.14686233
2023-02-22,24093.8,19298933.06907878
2023-02-23,23831.85,19300001.7084604
2023-02-24,23155.4,19300845.36492175
2023-02-25,23098.04,19301514.04370211
2023-02-26,23462.86,19302563.95405212
2023-02-27,23442.42,19303438.87294958
2023-02-28,23172.79,19304295.04207078
2023-03-01,23500.37,19305357.4332792
2023-03-02,23440.9,19306257.33332419
2023-03-03,22346.92,19307307.21490648
2023-03-04,22357.07,19308257.11119328
2023-03-05,22386.29,19309225.81698428
2023-03-06,22392.42,19310050.73105825
2023-03-07,22120.15,19311081.84661653
2023-03-08,21855.08,19311912.9852847
2023-03-09,20376.07,19312756.63994997
2023-03-10,20184.15,19313606.55554761
2023-03-11,20498.56,19314637.68816195
2023-03-12,21883.01,19315643.82353242
2023-03-13,24195.31,19316624.96366953
2023-03-14,24709.0,19317537.36982947
2023-03-15,24406.31,19318456.02612644
2023-03-16,25031.96,19319293.4374315
2023-03-17,27530.91,19320212.09250012
2023-03-18,27132.88,19321224.47407316
2023-03-19,28190.56,19322149.45872038
2023-03-20,27871.08,19323111.95868762
2023-03-21,28172.98,19324018.2086494
2023-03-22,27257.63,19325011.95861664
2023-03-23,28311.21,19326155.70858388
2023-03-24,27496.0,19327168.20855112
2023-03-25,27519.9,19328074.4585129
2023-03-26,28024.12,19328974.45847468
2023-03-27,27179.46,19329899.45842007
2023-03-28,27218.79,19330736.95838185
2023-03-29,28400.41,19331655.70834363
2023-03-30,27927.18,19332624.45826653
2023-03-31,28511.66,19333505.70822831
2023-04-01,28503.61,19334380.70818463
2023-04-02,28155.03,19335311.9581464
2023-04-03,27842.06,19336130.70810817
2023-04-04,28163.74,19337143.20807541
2023-04-05,28175.14,19338011.95803173
2023-04-06,27998.72,19339011.95799351
2023-04-07,27880.27,19339899.45795529
2023-04-08,27894.08,19340818.20791707
2023-04-09,28380.93,19341730.7078843
2023-04-10,29515.69,19342499.45784062
2023-04-11,30203.23,19343461.9578024
2023-04-12,29860.59,19344461.95776964
2023-04-13,30245.4,19345349.45772596
2023-04-14,30489.86,19346224.45768228
2023-04-15,30249.19,19347211.9576386
2023-04-16,30260.66,19347986.95760038
2023-04-17,29505.96,19348955.70755124
2023-04-18,30248.6,19349993.20750755
2023-04-19,28871.08,19350861.95745841
2023-04-20,28211.38,19351693.20742565
2023-04-21,27241.02,19352599.45737651
2023-04-22,27846.12,19353530.70734375
2023-04-23,27547.89,19354449.45731098
2023-04-24,27499.31,19355330.70725092
2023-04-25,28203.09,19356111.95719632
2023-04-26,28312.24,19356924.4571581
2023-04-27,29495.7,19357736.95711442
2023-04-28,29363.12,19358655.70705436
2023-04-29,29194.09,19359511.95691614
2023-04-30,29406.43,19360436.95688327
2023-05-01,28152.76,19361574.45684505
2023-05-02,28574.02,19362380.70681229
2023-05-03,29127.52,19363261.95677407
2023-05-04,28820.56,19364174.45675768
2023-05-05,29519.98,19364918.20674676
2023-05-06,28840.25,19365849.45670801
2023-05-07,28819.87,19366718.20670255
2023-05-08,27576.14,19367574.45670255
2023-05-09,27548.15,19368518.20669163
2023-05-10,27569.53,19369580.70669163
2023-05-11,26928.76,19370524.45667524
2023-05-12,26678.58,19371405.70667524
2023-05-13,26905.89,19372311.95666432
2023-05-14,26907.99,19373399.45666432
2023-05-15,27249.71,19374318.20665886
2023-05-16,26948.19,19375274.4566534
2023-05-17,27304.41,19376274.45663702
2023-05-18,26921.52,19377155.70661518
2023-05-19,26904.72,19378093.20660426
2023-05-20,27093.83,19378911.95660416
2023-05-21,26789.82,19379855.70659869
2023-05-22,26904.04,19380755.70659869
2023-05-23,27223.8,19381718.20658765
2023-05-24,26319.73,19382599.45658765
2023-05-25,26402.45,19383543.20658218
2023-05-26,26645.83,19384499.45658218
2023-05-27,26882.02,19385405.70657672
2023-05-28,28129.55,19386405.70657672
2023-05-29,27770.73,19387418.20657042
2023-05-30,27739.03,19388380.70657042
2023-05-31,27204.66,19389261.95656496
2023-06-01,26877.81,19390086.9565595
2023-06-02,27227.76,19391111.9545595
2023-06-03,27058.75,19391924.45354857
2023-06-04,27207.51,19392849.45254856
2023-06-05,25723.08,19393711.9515431
2023-06-06,27168.72,19394655.70153218
2023-06-07,26303.29,19395499.44877126
2023-06-08,26593.12,19396461.9477658
2023-06-09,26449.99,19397518.1907988
2023-06-10,25813.81,19398480.6897788
2023-06-11,25958.65,19399499.43877334
2023-06-12,25941.61,19400480.67776242
2023-06-13,25784.08,19401399.42774604
2023-06-14,25102.73,19402155.67574603
2023-06-15,25557.68,19403080.67474055
2023-06-16,26305.5,19404036.92368485
2023-06-17,26584.87,19404911.92267839
2023-06-18,26314.84,19405855.66167839
2023-06-19,26681.2,19406743.15967293
2023-06-20,28196.85,19407593.15861833
2023-06-21,30091.86,19408349.3857296
2023-06-22,29912.69,19409205.6325696
2023-06-23,30604.95,19409986.88156414
2023-06-24,30545.79,19410899.37956414
2023-06-25,30512.47,19411855.62851847
2023-06-26,30205.09,19412768.12651846
2023-06-27,30565.24,19413643.12450743
2023-06-28,30171.6,19414318.1234965
2023-06-29,30500.08,19415230.62248547
2023-06-30,30525.66,19416218.12046277
2023-07-01,30551.17,19417049.36931102
2023-07-02,30554.22,19418118.11931102
2023-07-03,31048.38,19418974.36930554
2023-07-04,30843.03,19419855.61828916
2023-07-05,30509.76,19420830.6182837
2023-07-06,30169.63,19421699.36628349
2023-07-07,30244.05,19422793.10627257
2023-07-08,30200.57,19423905.6062671
2023-07-09,30191.23,19424961.85626164
2023-07-10,30268.72,19425924.35526164
2023-07-11,30546.54,19426768.10424526
2023-07-12,30331.58,19427668.10423434
2023-07-13,31277.99,19428418.10322888
2023-07-14,30201.87,19429280.60122857
2023-07-15,30226.14,19430143.09922311
2023-07-16,30229.16,19431111.84722311
2023-07-17,30179.33,19431961.84621765
2023-07-18,29824.5,19432974.34521218
2023-07-19,29844.7,19433899.34320671
2023-07-20,29843.27,19434699.33946748
2023-07-21,29848.84,19435399.33843908
2023-07-22,29837.53,19436236.83843907
2023-07-23,29991.11,19437155.58643361
2023-07-24,29173.26,19438093.0854336
2023-07-25,29179.91,19438955.58342257
2023-07-26,29481.25,19439855.58241699
2023-07-27,29182.1,19440718.08140607
2023-07-28,29215.9,19441593.07938379
2023-07-29,29352.45,19442418.07837833
2023-07-30,29184.37,19443468.07737833
2023-07-31,29180.62,19444349.32635069
2023-08-01,29263.66,19445218.07633966
2023-08-02,29164.53,19446180.57533966
2023-08-03,29181.34,19447124.32532874
2023-08-04,29019.79,19447880.57532874
2023-08-05,29011.04,19448843.07532326
2023-08-06,29073.8,19449868.07532326
2023-08-07,29153.49,19450780.57455677
2023-08-08,29818.48,19451561.82455677
2023-08-09,29519.62,19452574.32455131
2023-08-10,29490.34,19453368.07252903
2023-08-11,29376.99,19454311.82252357
2023-08-12,29470.19,19455355.57252357
2023-08-13,29215.26,19456199.32251811
2023-08-14,29468.45,19457268.07251254
2023-08-15,29175.56,19458336.82250708
2023-08-16,28829.31,19459355.57040961
2023-08-17,26625.28,19460330.57038766
2023-08-18,26009.53,19461199.31938765
2023-08-19,26017.66,19462074.31938219
2023-08-20,26170.27,19463086.81937219
2023-08-21,26042.12,19464118.06936116
2023-08-22,25981.09,19465011.81934478
2023-08-23,26389.1,19465899.31933932
2023-08-24,26026.88,19466768.06933932
2023-08-25,26006.95,19467611.81930749
2023-08-26,26002.78,19468468.06930649
2023-08-27,26018.75,19469193.06930082
2023-08-28,26020.6,19469930.56930082
2023-08-29,27563.84,19470918.06929536
2023-08-30,27233.07,19471705.56929535
2023-08-31,25996.97,19472605.56827897
2023-09-01,25727.98,19473549.31824577
2023-09-02,25813.95,19474499.31824577
2023-09-03,25980.63,19475486.81824031
2023-09-04,25712.08,19476418.06824031
2023-09-05,25705.93,19477193.06822939
2023-09-06,25697.93,19478036.81822939
2023-09-07,26200.68,19478949.31822393
2023-09-08,25837.64,19479780.56721846
2023-09-09,25867.63,19480724.317213
2023-09-10,25750.97,19481643.067213
2023-09-11,25111.14,19482636.81720754
2023-09-12,25903.7,19483518.0671964
2023-09-13,26284.33,19484436.79739079
2023-09-14,26602.6,19485449.29739079
2023-09-15,26612.61,19486624.29738533
2023-09-16,26598.4,19487593.04738533
2023-09-17,26468.92,19488524.29737986
2023-09-18,26835.86,19489499.29736894
2023-09-19,27219.16,19490368.04524153
2023-09-20,27138.45,19491280.54524153
2023-09-21,26599.46,19492143.04518607
2023-09-22,26610.73,19492949.29518061
2023-09-23,26592.32,19493924.29517515
2023-09-24,26417.11,19494836.78517515
2023-09-25,26304.93,19495743.03505082
2023-09-26,26135.77,19496593.03504082
2023-09-27,26302.54,19497574.28503481
2023-09-28,26957.27,19498486.78503481
2023-09-29,26913.56,19499405.53501742
2023-09-30,26939.23,19500268.03501742
2023-10-01,27868.77,19501149.28500196
2023-10-02,27538.29,19502130.53500196
2023-10-03,27404.87,19503155.53494104
2023-10-04,27821.07,19503974.28494104
2023-10-05,27473.83,19504855.53492465
2023-10-06,27890.59,19505855.53492465
2023-10-07,27898.91,19506924.28391919
2023-10-08,27872.38,19507849.28391919
2023-10-09,27549.59,19508824.28381373
2023-10-10,27464.86,19509836.78381373
2023-10-11,26823.47,19510836.78380827
2023-10-12,26655.0,19511868.03353827
2023-10-13,26886.56,19512730.53352188
2023-10-14,26899.03,19513643.03252188
2023-10-15,27162.65,19514686.78251642
2023-10-16,28506.59,19515568.03251642
2023-10-17,28486.91,19516580.5325055
2023-10-18,28210.31,19517486.7824782
2023-10-19,28610.54,19518361.78246182
2023-10-20,29595.14,19519199.28243997
2023-10-21,29871.36,19520136.78243451
2023-10-22,29907.38,19521093.03243451
2023-10-23,33068.38,19522074.28242902
2023-10-24,33948.11,19522861.78242901
2023-10-25,34559.67,19523761.78242355
2023-10-26,34246.75,19524699.28240151
2023-10-27,33881.23,19525661.78239602
2023-10-28,34136.32,19526661.78239598
2023-10-29,34642.26,19527518.0323905
2023-10-30,34515.79,19528493.03239008
2023-10-31,34644.16,19529461.78238398
2023-11-01,35329.73,19530393.0323763
2023-11-02,34733.55,19531293.03232472
2023-11-03,34664.73,19532143.0323182
2023-11-04,35065.18,19533193.03231745
2023-11-05,34892.27,19534211.7823114
2023-11-06,35065.17,19535005.53229971
2023-11-07,35428.9,19535836.78228797
2023-11-08,35814.25,19536768.03228701
2023-11-09,36670.17,19537661.7822702
2023-11-10,37283.72,19538624.28226974
2023-11-11,36761.26,19539624.28225827
2023-11-12,37121.38,19540630.5322578
2023-11-13,36610.19,19541386.78225147
2023-11-14,35511.47,19542249.2822509
2023-11-15,37616.78,19543174.28223947
2023-11-16,36181.04,19544099.28223902
2023-11-17,36445.2,19545036.78222225
2023-11-18,36491.31,19545968.0322219
2023-11-19,37188.32,19547030.53221611
2023-11-20,37562.04,19548068.03221029
2023-11-21,36027.09,19549018.03219361
2023-11-22,37489.35,19549905.53218326
2023-11-23,37210.16,19550824.28217752
2023-11-24,37615.3,19551874.28217723
2023-11-25,37626.6,19552868.03217155
2023-11-26,37549.6,19553780.53216131
2023-11-27,37117.93,19554593.03215563
2023-11-28,37999.52,19555511.78215545
2023-11-29,37678.96,19556361.78214977
2023-11-30,37619.91,19557199.28214963
2023-12-01,38663.01,19558255.53214399
2023-12-02,39372.9,19559049.28214368
2023-12-03,39848.24,19560080.53213252
2023-12-04,41716.25,19561049.28213208
2023-12-05,44107.95,19561911.78212625
2023-12-06,43670.13,19562761.78212588
2023-12-07,43213.31,19563480.53212009
2023-12-08,44222.16,19564324.28211968
2023-12-09,43734.99,19565305.53211945
2023-12-10,43670.74,19566180.53211842
2023-12-11,41201.74,19567168.03211822
2023-12-12,41282.09,19568068.03211444
2023-12-13,43045.34,19568999.28211368
2023-12-14,43100.42,19569911.78211355
2023-12-15,42101.6,19570930.53211342
2023-12-16,42177.07,19571880.53211326
2023-12-17,41637.73,19572818.03211309
2023-12-18,42589.55,19573868.03211291
2023-12-19,42191.12,19574880.53205268
2023-12-20,43636.28,19575786.78205242
2023-12-21,43805.74,19576699.28205018
2023-12-22,43997.82,19577749.28204999
2023-12-23,43686.75,19578749.28204989
2023-12-24,43131.89,19579818.03204978
2023-12-25,43647.22,19580686.78204967
2023-12-26,42468.45,19581555.53204955
2023-12-27,43317.98,19582361.78204947
2023-12-28,42655.05,19583118.03204935
2023-12-29,41728.38,19584061.74589623
2023-12-30,42163.8,19584967.99589619
2023-12-31,42299.41,19585942.99589616
2024-01-01,43739.99,19586911.7458961
2024-01-02,45097.72,19587730.49589598
2024-01-03,42689.15,19588717.99589465
2024-01-04,44283.24,19589780.49589452
2024-01-05,44124.77,19590642.99589445
2024-01-06,43732.12,19591517.99589437
2024-01-07,43831.77,19592255.49589408
2024-01-08,46848.75,19593024.24589401
2024-01-09,46036.26,19593974.24589394
2024-01-10,46844.05,19594805.4958919
2024-01-11,46250.77,19595886.74589184
2024-01-12,42649.65,19596936.74588868
2024-01-13,42757.92,19597930.49588859
2024-01-14,42193.45,19598730.49588853
2024-01-15,42621.14,19599442.99588579
2024-01-16,43233.07,19600224.24588569
2024-01-17,42626.01,19600980.49588458
2024-01-18,41197.14,19601867.99588452
2024-01-19,41664.06,19602692.99588441
2024-01-20,41684.32,19603586.74588432
2024-01-21,41657.78,19604461.74588423
2024-01-22,39612.74,19605461.74588416
2024-01-23,39536.15,19606424.24587865
2024-01-24,39900.15,19607361.74587857
2024-01-25,39825.1,19608492.99487301
2024-01-26,41736.45,19609442.99487293
2024-01-27,42144.6,19610511.7448698
2024-01-28,41765.6,19611511.74486977
2024-01-29,43118.61,19612486.74486426
2024-01-30,43150.93,19613386.74476278
2024-01-31,42612.5,19614205.4945918
2024-02-01,42982.64,19615161.74455433
2024-02-02,43126.66,19616336.74455428
2024-02-03,43097.18,19617280.49454332
2024-02-04,42639.03,19618249.24453235
2024-02-05,42603.42,19619224.2445323
2024-02-06,43111.32,19620286.74453229
2024-02-07,44151.92,19621286.74453227
2024-02-08,45250.5,19622149.24453222
2024-02-09,47292.62,19623186.74453217
2024-02-10,47812.48,19624136.74453216
2024-02-11,48024.27,19624992.99452783
2024-02-12,50087.14,19626111.74451126
2024-02-13,49523.84,19626955.49447811
2024-02-14,51812.23,19627824.24447146
2024-02-15,51841.06,19628805.49445056
2024-02-16,51924.76,19629642.99444057
2024-02-17,51769.11,19630580.49443719
2024-02-18,52024.8,19631336.74443716
2024-02-19,51861.27,19632186.74442621
2024-02-20,52336.02,19633067.99442615
2024-02-21,51375.57,19633930.4944261
2024-02-22,51302.34,19634774.24442602
2024-02-23,50712.21,19635767.99440955
2024-02-24,51523.17,19636624.2444095
2024-02-25,51844.23,19637649.24437124
2024-02-26,54368.45,19638480.49437118
2024-02-27,56902.04,19639286.74437111
2024-02-28,62307.37,19640217.99436558
2024-02-29,61391.14,19641049.24434917
2024-03-01,62396.95,19642011.74432729
2024-03-02,61817.35,19642805.49432721
2024-03-03,62968.1,19643774.24431723
2024-03-04,67661.77,19644580.49430514
2024-03-05,63694.73,19645624.244305
2024-03-06,66112.71,19646499.24430491
2024-03-07,66977.75,19647624.2442775
2024-03-08,68341.14,19648586.74427193
2024-03-09,68389.28,19649605.49426524
2024-03-10,68626.94,19650499.24424315
2024-03-11,72356.87,19651561.74423978
2024-03-12,71160.16,19652442.99422645
2024-03-13,73181.77,19653442.99420429
2024-03-14,71457.28,19654324.24419763
2024-03-15,68998.6,19655117.99419096
2024-03-16,65906.54,19656017.99418545
2024-03-17,68338.14,19656930.49418202
2024-03-18,67593.88,19657830.49415137
2024-03-19,61772.79,19658811.74414585
2024-03-20,67593.21,19659742.99414035
2024-03-21,65317.61,19660492.99410392
2024-03-22,63117.21,19661336.74308746
2024-03-23,64573.27,19662311.74308194
2024-03-24,67027.13,19663374.24308191
2024-03-25,69971.81,19664199.24307314
2024-03-26,69993.66,19665036.7430425
2024-03-27,69169.5,19665886.7430282
2024-03-28,70802.18,19666836.74301939
2024-03-29,69941.01,19667736.74301605
2024-03-30,69808.33,19668705.49301602
2024-03-31,70883.31,19669561.74300506
2024-04-01,69939.43,19670499.24299956
2024-04-02,65481.48,19671424.24299954
2024-04-03,66075.19,19672311.74299949
2024-04-04,68371.53,19673174.24297218
2024-04-05,67617.18,19674099.24293939
2024-04-06,69097.04,19675067.99290541
2024-04-07,69229.02,19676130.49288779
2024-04-08,71612.7,19677117.99284075
2024-04-09,69115.18,19678030.49280136
2024-04-10,70735.3,19678974.24278382
2024-04-11,70041.8,19679799.24278382
2024-04-12,66889.2,19680649.24277836
2024-04-13,64772.36,19681674.24276744
2024-04-14,65357.37,19682655.49276744
2024-04-15,63167.57,19683536.74275647
2024-04-16,63829.69,19684567.99275641
2024-04-17,61543.89,19685424.2427367
2024-04-18,63712.79,19686330.49273122
2024-04-19,63740.37,19687274.24271483
2024-04-20,64627.63,19687683.61771483
2024-04-21,64944.5,19688121.11771483
2024-04-22,66858.93,19688596.11770937
2024-04-23,66208.76,19689121.11770937
2024-04-24,63977.66,19689605.49269845
2024-04-25,64550.29,19690052.36769845
2024-04-26,63815.94,19690467.99269845
2024-04-27,63139.89,19690905.49269845
2024-04-28,63141.28,19691342.99269844
2024-04-29,63811.77,19691752.36769843
2024-04-30,60419.03,19692192.99269843
2024-05-01,57720.92,19692605.49269297
2024-05-02,59027.41,19693058.61767659
2024-05-03,62959.68,19693461.74267659
2024-05-04,63808.4,19693902.36766567
2024-05-05,63923.74,19694336.74266567
2024-05-06,63164.26,19694717.99266567
2024-05-07,62657.09,19695099.24265475
2024-05-08,60971.56,19695496.11765472
2024-05-09,62681.9,19695949.2426547
2024-05-10,60939.4,19696402.36764919
2024-05-11,60944.68,19696899.24264918
2024-05-12,61213.29,19697311.74264917
2024-05-13,62901.62,19697771.1176437
2024-05-14,61657.19,19698196.11763277
2024-05-15,66039.73,19698636.74263277
2024-05-16,65307.39,19699080.49262728
2024-05-17,66829.74,19699564.86762727
2024-05-18,66834.98,19699964.86762727
2024-05-19,66137.9,19700446.11762181
2024-05-20,70034.2,19700933.61761848
2024-05-21,69983.07,19701364.86761846
2024-05-22,69142.47,19701842.99260751
2024-05-23,67595.32,19702371.11757751
2024-05-24,68600.7,19702871.11756659
2024-05-25,69168.11,19703371.11755113
2024-05-26,68414.01,19703896.11755105
2024-05-27,69246.52,19704280.49254556
2024-05-28,68382.77,19704699.24254006
2024-05-29,67572.59,19705127.36754002
2024-05-30,68365.0,19705511.74254001
2024-05-31,67482.91,19705974.24251816
2024-06-01,67605.06,19706414.86750719
2024-06-02,67663.45,19706852.36750718
2024-06-03,69040.69,19707342.99212567
2024-06-04,70618.15,19707761.74209835
2024-06-05,70924.85,19708146.11709288
2024-06-06,70812.54,19708561.74209285
2024-06-07,69206.05,19709005.49207542
2024-06-08,69215.61,19709542.99207541
2024-06-09,69727.75,19710021.11707538
2024-06-10,69305.69,19710455.49203716
2024-06-11,67310.77,19710839.86703714
2024-06-12,68324.24,19711296.11703711
2024-06-13,66835.56,19711749.24202071
2024-06-14,66047.82,19712149.2420207
2024-06-15,66089.7,19712567.9920207
2024-06-16,66785.82,19713077.36699885
2024-06-17,66525.71,19713514.86699884
2024-06-18,65213.01,19713989.86699881
2024-06-19,64723.51,19714417.99197697
2024-06-20,64763.79,19714833.61697697
2024-06-21,63892.08,19715271.11697697
2024-06-22,64348.82,19715746.11697151
2024-06-23,63614.62,19716096.11697148
2024-06-24,60245.89,19716571.11697148
2024-06-25,61735.23,19716958.61696055
2024-06-26,60930.82,19717336.74196053
2024-06-27,61640.89,19717742.99196053
2024-06-28,60242.22,19718164.86694415
2024-06-29,60946.03,19718655.49194415
2024-06-30,62747.75,19719033.61694414
2024-07-01,63063.53,19719474.24193321
2024-07-02,61864.77,19719936.74193319
2024-07-03,60256.35,19720389.86692773
2024-07-04,58125.77,19720827.36691134
2024-07-05,56806.31,19721205.49191133
2024-07-06,58224.41,19721721.11691132
2024-07-07,56276.25,19722161.74189043
2024-07-08,56794.76,19722658.6168795
2024-07-09,58014.39,19723139.86686956
2024-07-10,57540.79,19723564.86686079
2024-07-11,57405.23,19724002.36685086
2024-07-12,57653.23,19724471.11673565
2024-07-13,59324.46,19724952.36672469
2024-07-14,60967.75,19725474.24170448
2024-07-15,64497.88,19725952.36666178
2024-07-16,64866.72,19726411.74164754
2024-07-17,64292.12,19726908.61661444
2024-07-18,63863.23,19727311.74157918
2024-07-19,66804.53,19727771.1165737
2024-07-20,66921.57,19728286.74157367
2024-07-21,68067.98,19728814.86654719
2024-07-22,67574.69,19729374.24147783
2024-07-23,66034.69,19729902.3664679
2024-07-24,65306.58,19730339.86642156
2024-07-25,65633.47,19730849.2414161
2024-07-26,67719.78,19731349.2414161
2024-07-27,68376.55,19731830.49139955
2024-07-28,68129.45,19732292.99138863
2024-07-29,66850.73,19732849.241382
2024-07-30,66113.52,19733317.99137869
2024-07-31,64620.36,19733758.61636445
2024-08-01,65104.83,19734196.11635899
2024-08-02,61880.78,19734586.74135899
2024-08-03,60579.01,19735008.61634891
2024-08-04,58448.99,19735455.49134013
2024-08-05,54779.1,19735942.99133134
2024-08-06,56187.1,19736380.49129312
2024-08-07,55049.37,19736761.74127343
2024-08-08,62167.49,19737164.86625374
2024-08-09,60475.19,19737571.11625373
2024-08-10,60946.65,19737974.24123947
2024-08-11,58863.85,19738477.36623943
2024-08-12,59023.73,19738905.49123942
2024-08-13,60456.29,19739371.11622304
2024-08-14,58894.3,19739783.61622303
2024-08-15,57534.86,19740283.616223
2024-08-16,58909.7,19740727.36621208
2024-08-17,59515.52,19741192.99121206
2024-08-18,58992.06,19741680.49121206
2024-08-19,59057.03,19742086.74120113
2024-08-20,59091.94,19742555.49120112
2024-08-21,61088.04,19743014.86620111
2024-08-22,60296.82,19743514.86619564
2024-08-23,64131.27,19744027.36619548
2024-08-24,63848.08,19744505.49119545
2024-08-25,64551.06,19744921.11618453
2024-08-26,63081.19,19745339.86618453
2024-08-27,59537.48,19745783.61613451
2024-08-28,58969.99,19746286.74112904
2024-08-29,59306.92,19746699.24112355
2024-08-30,59010.21,19747142.99110169
2024-08-31,58886.32,19747602.36609622
2024-09-01,57501.2,19748046.11609074
2024-09-02,59042.05,19748567.99107434
2024-09-03,57574.77,19749033.61606341
2024-09-04,58167.62,19749505.49104703
2024-09-05,56158.18,19749989.86604703
2024-09-06,53720.55,19750442.99104639
2024-09-07,53905.07,19750936.74104087
2024-09-08,54890.73,19751458.61604087
2024-09-09,57139.21,19751911.74103539
2024-09-10,57568.08,19752339.86602993
2024-09-11,57498.03,19752677.36602993
2024-09-12,58195.27,19753152.36602988
2024-09-13,60334.27,19753536.74101894
2024-09-14,60144.97,19753971.11601892
2024-09-15,59103.76,19754442.99101892
2024-09-16,58127.12,19754833.61601345
2024-09-17,60240.9,19755302.36601343
2024-09-18,60705.02,19755733.61599158
2024-09-19,63053.58,19756114.86595334
2024-09-20,63105.98,19756567.99095331
2024-09-21,63156.0,19756989.8659533
2024-09-22,63628.04,19757414.8659533
2024-09-23,63159.89,19757871.115926
2024-09-24,64461.12,19758324.24092598
2024-09-25,63088.87,19758774.24092598
2024-09-26,64957.31,19759180.49091505
2024-09-27,65902.26,19759608.61590959
2024-09-28,65618.0,19760011.74090413
2024-09-29,65562.5,19760496.11590413
2024-09-30,63378.53,19760924.2409041
2024-10-01,60913.79,19761414.86589476
2024-10-02,60823.07,19761899.23983653
2024-10-03,60917.91,19762392.98981409
2024-10-04,62216.0,19762921.11478672
2024-10-05,61863.79,19763392.98978671
2024-10-06,62601.52,19763867.98978668
2024-10-07,62895.29,19764352.3647812
2024-10-08,62287.41,19764874.23973206
2024-10-09,60765.56,19765271.11472658
2024-10-10,60255.65,19765755.48972104
2024-10-11,62391.21,19766192.98970464
2024-10-12,63082.97,19766639.86470459
2024-10-13,62629.18,19767071.1146991
2024-10-14,66063.83,19767505.48969362
2024-10-15,66791.37,19767992.98968267
2024-10-16,67619.03,19768433.61467718
2024-10-17,67375.77,19768924.2396717
2024-10-18,68383.55,19769349.23966623
2024-10-19,68391.8,19769889.86465524
2024-10-20,69130.9,19770430.4896388
2024-10-21,67596.15,19770964.86453557
2024-10-22,67619.85,19771396.11452461
2024-10-23,66478.87,19771867.98950912
2024-10-24,68186.55,19772327.36446679
2024-10-25,66459.12,19772805.4894504
2024-10-26,66857.48,19773261.73945039
2024-10-27,67833.2,19773764.86445036
2024-10-28,69948.84,19774289.8644449
2024-10-29,72516.5,19774780.48944484
2024-10-30,72443.87,19775308.61443383
2024-10-31,70195.51,19775802.36441723
2024-11-01,69251.79,19776280.48941126
2024-11-02,69223.39,19776721.11440964
2024-11-03,68573.74,19777133.61440946
2024-11-04,67610.05,19777605.48939293
2024-11-05,69439.84,19778039.86438731
2024-11-06,75815.83,19778517.9893863
2024-11-07,75865.62,19779005.48938028
2024-11-08,76616.34,19779449.23935821
2024-11-09,76725.53,19779883.61435142
2024-11-10,80325.27,19780346.11434026
2024-11-11,88980.79,19780771.11431287
2024-11-12,88193.92,19781227.36429102
2024-11-13,90046.78,19781658.6142854
2024-11-14,87404.46,19782055.48927344
2024-11-15,91194.33,19782524.23918063
2024-11-16,90455.72,19783014.86414509
2024-11-17,89322.04,19783483.6141384
2024-11-18,90726.66,19783971.11413823
2024-11-19,92151.38,19784517.98911427
2024-11-20,94263.8,19784977.36323512
2024-11-21,98634.69,19785427.3621257
2024-11-22,98883.17,19785874.23600384
2024-11-23,97695.58,19786305.48582409
2024-11-24,97782.22,19786724.23560396
2024-11-25,93579.64,19787252.36057196
2024-11-26,91945.24,19787686.73537861
2024-11-27,96015.45,19788102.36030596
2024-11-28,95522.78,19788546.11025034
2024-11-29,97572.82,19788924.23490686
2024-11-30,96565.7,19789436.71898554
2024-12-01,97426.41,19789930.45313314
2024-12-02,95508.95,19790327.32240719
2024-12-03,95733.04,19790817.88799611
2024-12-04,98792.37,19791277.1830724
2024-12-05,96664.19,19791761.49982239
2024-12-06,100282.55,19792186.48243335
2024-12-07,99971.27,19792630.19362796
2024-12-08,100271.65,19793086.41847046
2024-12-09,97281.86,19793608.27238429
2024-12-10,96724.28,19794089.49909209
2024-12-11,101182.05,19794533.21959111
2024-12-12,100104.27,19794995.58682003
2024-12-13,101169.33,19795526.79141123
2024-12-14,101149.01,19796023.55800872
2024-12-15,104423.84,19796451.67401822
2024-12-16,105896.31,19796914.14213727
2024-12-17,105972.57,19797339.12346723
2024-12-18,101043.67,19797789.10723539
2024-12-19,97716.58,19798242.20771974
2024-12-20,97652.81,19798714.07578425
2024-12-21,96803.61,19799167.19703879
2024-12-22,95250.42,19799651.56951128
2024-12-23,94591.4,19800085.93758799
2024-12-24,98822.75,19800498.4351588
2024-12-25,98843.71,19800970.30317549
2024-12-26,95490.64,19801379.67264646
2024-12-27,94389.52,19801873.41564662
2024-12-28,95138.86,19802320.28487522
2024-12-29,93354.48,19802814.0278452
2024-12-30,92345.06,19803310.89200902
2024-12-31,93373.52,19803713.99909344
2025-01-01,94460.79,19804151.48919725
2025-01-02,96613.46,19804673.35341898
2025-01-03,97956.89,19805117.07927525
2025-01-04,98026.83,19805582.68929955
2025-01-05,98706.82,19806070.1779784
2025-01-06,102273.4,19806485.78270046
2025-01-07,96717.35,19806904.5128364
2025-01-08,94797.87,19807295.12863999
2025-01-09,92287.1,19807770.10748988
2025-01-10,94522.52,19808213.84607886
2025-01-11,94491.4,19808645.09142881
2025-01-12,94300.8,19809182.58335871
2025-01-13,94422.92,19809582.57817315
2025-01-14,96607.87,19810063.82083193
2025-01-15,99947.84,19810498.19145166
2025-01-16,99879.84,19810898.18617578
2025-01-17,104601.24,19811366.93065549
2025-01-18,104366.67,19811773.17529538
2025-01-19,101082.72,19812241.92144438
2025-01-20,103099.9,19812716.91793092
2025-01-21,105968.39,19813132.5406208
2025-01-22,103756.5,19813601.28863797
2025-01-23,104076.32,19814026.28046136
2025-01-24,104761.7,19814463.76288789
2025-01-25,104750.8,19814863.75877799
2025-01-26,103518.73,19815291.88247698
2025-01-27,101909.18,19815779.38071925
2025-01-28,101095.61,19816241.87959817
2025-01-29,103711.82,19816726.25050066
2025-01-30,104829.87,19817179.37277512
2025-01-31,102231.71,19817569.99279669
2025-02-01,100487.62,19818144.98659898
2025-02-02,97230.22,19818679.35449532
2025-02-03,101406.12,19819157.4736178
2025-02-04,96951.85,19819566.84382179
2025-02-05,96598.65,19820016.83875376
2025-02-06,96594.09,19820469.96110148
2025-02-07,95972.42,19821010.57603442
2025-02-08,96610.42,19821510.56980165
2025-02-09,95740.57,19821957.43725541
2025-02-10,97475.27,19822391.80608099
2025-02-11,95670.57,19822779.30312455
2025-02-12,97744.64,19823194.92114802
2025-02-13,96576.89,19823688.66339496
2025-02-14,97547.31,19824163.65672512
2025-02-15,97704.52,19824663.64931535
2025-02-16,96552.96,19825135.51864045
2025-02-17,95602.97,19825563.63566042
2025-02-18,95471.64,19826001.1222204
2025-02-19,96611.83,19826394.86204836
2025-02-20,98211.33,19826801.10358672
2025-02-21,95620.51,19827204.22108575
2025-02-22,96602.24,19827638.5863391
2025-02-23,95643.07,19828041.70017917
2025-02-24,92381.72,19828447.94686369
2025-02-25,88934.51,19828907.30927865
2025-02-26,84117.77,19829397.92257975
2025-02-27,84163.22,19829866.66778985
2025-02-28,84116.05,19830354.15444628
2025-03-01,85966.82,19830804.15317533
2025-03-02,94370.09,19831197.89799381
2025-03-03,86210.31,19831666.64602225
2025-03-04,87191.63,19832122.88579673
2025-03-05,90231.9,19832541.62845893
2025-03-06,90255.29,19833072.87309435
2025-03-07,86337.59,19833516.61324098
2025-03-08,86132.85,19833944.7366429
2025-03-09,80533.62,19834441.60555726
2025-03-10,79320.57,19834922.85108533
2025-03-11,82895.03,19835354.10105552
2025-03-12,83276.29,19835832.22078215
2025-03-13,81254.57,19836329.09364683
2025-03-14,84149.47,19836772.84007508
2025-03-15,84162.67,19837185.33869564
2025-03-16,82307.68,19837638.46293152
2025-03-17,84082.65,19838075.96065154
2025-03-18,82395.67,19838519.70870501
2025-03-19,86439.4,19838994.7067631
2025-03-20,84127.68,19839438.45372115
2025-03-21,84147.43,19839891.57782223
2025-03-22,83975.45,19840360.31797762
2025-03-23,85395.4,19840847.81476163
2025-03-24,87171.65,19841329.06253153
2025-03-25,87642.34,19841794.68604373
2025-03-26,86968.54,19842269.68472609
2025-03-27,87150.46,19842732.18373067
2025-03-28,84125.0,19843213.43255965
2025-03-29,82312.89,19843654.05671961
2025-03-30,82236.59,19844082.18111997
2025-03-31,82291.37,19844544.67953595
2025-04-01,85128.69,19844966.55272405
2025-04-02,82462.21,19845504.04912858
2025-04-03,82861.99,19845979.03998855
2025-04-04,83960.6,19846541.53811966
2025-04-05,83166.79,19847054.03440218
2025-04-06,77664.72,19847507.15830522
2025-04-07,79593.19,19847960.28257266
2025-04-08,76469.42,19848438.40681369
2025-04-09,83062.06,19848847.78126122
2025-04-10,79486.65,19849297.78016973
2025-04-11,83229.73,19849760.27800782
2025-04-12,85152.73,19850210.27675684
2025-04-13,83295.39,19850747.77379054
2025-04-14,84455.32,19851213.39676633
2025-04-15,83842.49,19851663.39335727
2025-04-16,84167.83,19852125.8925803
2025-04-17,85039.58,19852604.01543287
2025-04-18,84245.75,19853029.01528952
2025-04-19,85114.78,19853463.38718784
2025-04-20,85059.54,19853847.75902997
2025-04-21,87117.94,19854241.50698692
2025-04-22,93294.05,19854725.87712034
2025-04-23,93416.13,19855082.12519698
2025-04-24,93433.85,19855522.7481051
2025-04-25,94619.23,19855972.74548136
2025-04-26,94492.0,19856388.37038399
2025-04-27,93651.62,19856810.24345264
2025-04-28,94827.22,19857250.8683841
2025-04-29,94336.91,19857707.1172359
2025-04-30,94352.92,19858119.61588683
2025-05-01,96566.68,19858541.48984803
2025-05-02,96611.96,19859038.36460692
2025-05-03,96007.03,19859550.86387792
2025-05-04,94706.76,19859985.23807036
2025-05-05,94729.67,19860532.11254278
2025-05-06,96436.86,19860963.36132881
2025-05-07,96980.21,19861435.23525732
2025-05-08,102737.67,19861932.10743301
2025-05-09,102659.65,19862369.60316211
2025-05-10,103803.42,19862838.3531219
2025-05-11,103669.59,19863303.97742117
2025-05-12,102714.2,19863757.10226224
2025-05-13,103898.53,19864163.35193762
2025-05-14,103537.57,19864613.3516771
2025-05-15,103553.33,19865069.60154822
2025-05-16,103542.54,19865494.60028843
2025-05-17,103282.49,19865941.4746981
2025-05-18,105818.84,19866447.7236157
2025-05-19,105659.41,19866888.34833178
2025-05-20,106904.59,19867350.84791532
2025-05-21,109529.81,19867800.84782327
2025-05-22,110960.94,19868269.59733008
2025-05-23,107641.51,19868753.97200966
2025-05-24,108157.47,19869194.59683811
2025-05-25,108428.6,19869666.47146028
2025-05-26,109561.08,19870144.59637733
2025-05-27,109096.19,19870585.22069245
2025-05-28,107649.79,19871097.72025168
2025-05-29,105897.24,19871594.59378252
2025-05-30,103725.29,19872078.96851097
2025-05-31,104710.47,19872582.09331411
2025-06-01,105821.35,19872997.71815615
2025-06-02,105827.35,19873413.34276052
2025-06-03,105800.31,19873863.34265073
2025-06-04,104736.97,19874257.09213886
2025-06-05,101351.62,19874675.84092495
2025-06-06,104600.8,19875094.59073494
2025-06-07,105860.43,19875541.46535296
2025-06-08,105881.8,19876019.58978822
2025-06-09,109794.09,19876457.08899197
2025-06-10,109743.83,19876985.2136734
2025-06-11,108426.23,19877425.8384359
2025-06-12,105955.19,19877888.33711326
2025-06-13,105881.18,19878341.46184579
2025-06-14,105322.44,19878813.33639285
2025-06-15,105207.65,19879238.33564281
2025-06-16,107462.28,19879694.58524246
2025-06-17,104677.81,19880063.33461965
2025-06-18,104738.8,19880500.83350964
2025-06-19,104708.63,19880897.70836677
2025-06-20,103423.33,19881369.58277738
2025-06-21,101329.79,19881810.20759735
2025-06-22,100924.39,19882144.5823716
2025-06-23,105205.36,19882478.95711129
2025-06-24,105942.3,19882844.58187033
2025-06-25,107195.23,19883291.45658785
2025-06-26,107135.68,19883782.08110327
2025-06-27,107151.1,19884141.45605605
2025-06-28,107194.17,19884594.58089051
2025-06-29,108366.18,19885122.70553762
2025-06-30,107163.82,19885575.83046754
2025-07-01,105794.69,19885994.58017659
2025-07-02,108744.97,19886472.70473747
2025-07-03,109681.42,19886944.57965724
2025-07-04,108284.64,19887441.45462176
2025-07-05,108358.9,19887932.07954165
2025-07-06,109299.54,19888432.07935433
2025-07-07,108309.63,19888903.95416882
2025-07-08,108578.05,19889347.7039624
2025-07-09,111054.15,19889860.2037024
2025-07-10,115986.14,19890394.57852689
2025-07-11,117531.61,19890863.3284219
2025-07-12,117481.95,19891328.95329192
2025-07-13,118798.03,19891757.07718098
2025-07-14,120146.01,19892210.20195938
2025-07-15,117543.48,19892722.70182505
2025-07-16,119055.25,19893132.07663102
2025-07-17,119961.35,19893557.07628858
2025-07-18,117648.14,19894007.07582488
2025-07-19,117624.64,19894450.82568285
2025-07-20,117470.75,19894916.45048858
2025-07-21,117493.93,19895385.20036427
2025-07-22,119896.63,19895853.95002503
2025-07-23,118722.18,19896291.44748054
2025-07-24,118626.16,19896750.82232136
2025-07-25,117459.59,19897250.8219454
2025-07-26,117736.89,19897728.94677667
2025-07-27,119100.18,19898157.07160725
2025-07-28,117755.37,19898610.19642083
2025-07-29,117641.33,19898960.19620082
2025-07-30,117495.1,19899388.32086775
2025-07-31,116120.39,19899869.57076901
2025-08-01,113478.76,19900341.44563855
2025-08-02,112339.13,19900794.57050347
2025-08-03,114132.26,19901278.94532364
2025-08-04,114982.17,19901813.32023624
2025-08-05,113686.92,19902244.57004508
2025-08-06,114829.92,19902694.56967305
2025-08-07,117453.18,19903197.69445593
2025-08-08,116708.84,19903625.81932498
2025-08-09,116247.21,19903988.31901948
2025-08-10,118893.82,19904410.19382238
2025-08-11,118782.25,19904869.56859426
2025-08-12,120155.92,19905297.69299496
2025-08-13,123130.99,19905785.19248509
2025-08-14,118700.16,19906291.44202303
2025-08-15,117452.88,19906710.19140676
2025-08-16,117480.26,19907185.19100595
2025-08-17,117582.68,19907660.19041859
2025-08-18,116263.96,19908141.44022728
2025-08-19,113320.59,19908560.18964291
2025-08-20,114355.02,19909000.81422558
2025-08-21,112215.59,19909466.43861872
2025-08-22,116461.36,19909922.68827145
2025-08-23,114969.28,19910397.68766958
2025-08-24,113519.27,19910901.1874341
2025-08-25,109885.57,19911341.81228359
2025-08-26,112118.16,19911810.56144572
2025-08-27,111049.64,19912279.31070583
2025-08-28,112240.32,19912776.18540165
2025-08-29,108393.1,19913291.81006369
2025-08-30,108423.49,19913785.55985216
2025-08-31,108563.81,19914198.05892839
2025-09-01,108596.61,19914701.18359231
2025-09-02,110959.69,19915210.5571246
2025-09-03,111908.97,19915638.6811394
2025-09-04,110898.63,19916076.18054217
2025-09-05,110870.46,19916523.05499092
2025-09-06,109938.37,19916960.5545553
2025-09-07,111045.26,19917441.80417537
2025-09-08,112168.92,19917941.80393738
2025-09-09,111107.56,19918463.67816748
2025-09-10,113629.8,19918994.9263748
2025-09-11,114992.93,19919463.67622054
2025-09-12,116147.96,19919838.67607906
2025-09-13,116081.21,19920279.30064443
2025-09-14,115795.59,19920757.42463314
2025-09-15,115030.35,19921266.7990492
2025-09-16,116733.15,19921766.79860732
2025-09-17,116295.84,19922166.79855753
2025-09-18,117041.03,19922660.54812872
2025-09-19,115674.14,19923185.5470028
2025-09-20,116022.99,19923663.67184704
2025-09-21,115089.38,19924169.92158604
2025-09-22,112392.4,19924638.67097605
2025-09-23,112161.17,19925088.67041047
2025-09-24,113418.36,19925566.79491241
2025-09-25,109589.7,19926007.41920319
2025-09-26,109619.8,19926419.91893203
2025-09-27,109629.89,19926904.2935666
2025-09-28,112055.14,19927419.91822354
2025-09-29,114011.67,19927857.41769276
2025-09-30,113699.81,19928360.54234103
2025-10-01,117739.73,19928832.41710667
2025-10-02,120226.87,19929257.41668801
2025-10-03,122425.66,19929626.16667998
2025-10-04,122032.05,19930044.91656784
2025-10-05,123155.12,19930510.54144684
2025-10-06,124672.41,19930894.91625392
2025-10-07,121697.21,19931326.16610092
2025-10-08,123101.91,19931788.66590115
2025-10-09,121587.9,19932163.66577499
2025-10-10,113729.1,19932576.16549047
2025-10-11,110944.48,19933035.54035648
2025-10-12,114915.63,19933488.6653484
2025-10-13,115284.24,19933963.6652413
2025-10-14,113449.13,19934491.79007203
2025-10-15,110936.1,19934941.79001479
2025-10-16,108281.67,19935419.91496235
2025-10-17,106995.08,19935916.78991067
2025-10-18,107176.07,19936432.41477609
2025-10-19,108648.11,19936866.78972011
2025-10-20,110893.6,19937332.41464952
2025-10-21,108853.53,19937801.16457598
2025-10-22,107230.61,19938279.28954981
2025-10-23,109786.95,19938723.03952947
2025-10-24,110911.51,19939282.41447928
2025-10-25,111414.33,19939782.4144317
2025-10-26,114719.77,19940241.78941732
2025-10-27,113826.07,19940701.1642817
2025-10-28,113186.28,19941207.41422654
2025-10-29,110824.46,19941591.78921539
2025-10-30,107571.52,19942091.78910433
2025-10-31,109678.04,19942529.2890983
2025-11-01,109769.88,19942960.53909725
2025-11-02,109877.2,19943444.91407936
2025-11-03,106150.4,19943888.66404142
2025-11-04,101110.55,19944298.03903078
2025-11-05,103609.3,19944729.28891744
2025-11-06,101173.02,19945166.7888663
2025-11-07,103569.46,19945610.53884482
2025-11-08,102316.64,19945985.53882465
2025-11-09,104653.43,19946426.16375369
2025-11-10,105902.71,19946863.6637473
2025-11-11,102899.12,19947341.78872343
2025-11-12,101722.09,19947782.41356004
2025-11-13,99770.43,19948251.163541
2025-11-14,94642.01,19948701.16347557
2025-11-15,95521.78,19949148.03839638
2025-11-16,94140.65,19949644.91316874
2025-11-17,92102.6,19950032.41307882
2025-11-18,93121.55,19950448.03765969
2025-11-19,91077.39,19950876.16248293
2025-11-20,87186.46,19951285.53743047
2025-11-21,84887.42,19951757.41235694
2025-11-22,84929.48,19952204.28729807
2025-11-23,87097.56,19952648.03692399
2025-11-24,88304.02,19953094.91183854
2025-11-25,87274.96,19953454.2863175
2025-11-26,90216.29,19953966.78629562
2025-11-27,91225.54,19954413.66128109
2025-11-28,91130.77,19954882.41120116
2025-11-29,90937.76,19955310.53618691
2025-11-30,90942.54,19955832.41109831
2025-12-01,86355.57,19956248.03607465
2025-12-02,91462.29,19956644.91100694
2025-12-03,93402.58,19957057.41098925
2025-12-04,92254.55,19957469.91096116
2025-12-05,89153.45,19957841.78583648
2025-12-06,89133.05,19958351.16079613
2025-12-07,90059.71,19958851.16078565
2025-12-08,90944.19,19959313.66075349
2025-12-09,92566.41,19959716.78570628
2025-12-10,92240.13,19960201.1606707
2025-12-11,92365.71,19960701.16062888
2025-12-12,90173.44,19961154.28562201
2025-12-13,90169.92,19961601.16057607
2025-12-14,88143.26,19962001.16053288
2025-12-15,86143.47,19962419.91051883
2025-12-16,87847.79,19962879.28548143
2025-12-17,86104.66,19963310.53547565
2025-12-18,85235.69,19963760.53540558
2025-12-19,88104.27,19964213.66034994
2025-12-20,88121.37,19964673.03534431
2025-12-21,88204.43,19965104.28533831
2025-12-22,88258.11,19965538.66029744
2025-12-23,87170.1,19965991.78528895
2025-12-24,87693.35,19966488.66026302
2025-12-25,87341.58,19966919.91025143
2025-12-26,87217.98,19967407.41024808
2025-12-27,87685.77,19967832.41024034
2025-12-28,87609.64,19968316.78522444
2025-12-29,87108.55,19968798.03511532
2025-12-30,88154.53,19969169.91002564
2025-12-31,87291.86,19969585.53497268
2026-01-01,88448.95,19970057.40989761
2026-01-02,90145.35,19970507.40984664
2026-01-03,90300.85,19970991.78483358
2026-01-04,91231.13,19971444.9098264
2026-01-05,94208.64,19971857.4098188
2026-01-06,93321.48,19972263.65953899
2026-01-07,91171.67,19972723.03435922
2026-01-08,91163.02,19973135.53420598
2026-01-09,90265.31,19973579.28415703
2026-01-10,90197.47,19974085.53343323
2026-01-11,90396.55,19974466.78335318
2026-01-12,91201.01,19974910.53329039
2026-01-13,95474.68,19975332.40813331
2026-01-14,97089.48,19975719.90808041
2026-01-15,95514.28,19976154.28294067
2026-01-16,95491.29,19976560.53287026
2026-01-17,95169.12,19977026.15780853
2026-01-18,95341.62,19977463.65773054
2026-01-19,92417.62,19977932.4076323
2026-01-20,88416.01,19978348.03254681
2026-01-21,89853.94,19978776.15748337
2026-01-22,89207.28,19979279.28238061
2026-01-23,89223.4,19979716.78234685
2026-01-24,89142.15,19980023.0323271
2026-01-25,86150.55,19980360.53227402
2026-01-26,88089.04,19980748.03223303
2026-01-27,89138.78,19981129.28220207
2026-01-28,89106.74,19981473.032196
2026-01-29,84162.46,19981873.032187
2026-01-30,84086.21,19982282.40718209
2026-01-31,78489.63,19982713.65716427
2026-02-01,76840.37,19983085.53215195
2026-02-02,78564.03,19983454.28213928
2026-02-03,75827.62,19983866.78209746
2026-02-04,72896.27,19984310.53206212
2026-02-05,63960.69,19984707.40706058
2026-02-06,70866.09,19985160.53203973
2026-02-07,69184.54,19985679.2820274
2026-02-08,70716.78,19986210.53197043
2026-02-09,70130.11,19986719.90696146
2026-02-10,68463.88,19987169.90694323
2026-02-11,67223.2,19987660.53193552
2026-02-12,66120.0,19988213.65692539
2026-02-13,68914.41,19988685.53189781
2026-02-14,69929.0,19989204.28187008
2026-02-15,68530.75,19989819.90685954
2026-02-16,68504.29,19990366.78184523
2026-02-17,67584.7,19990882.40680826
2026-02-18,66229.12,19991360.53177497
2026-02-19,66844.32,19991857.40675161
2026-02-20,67718.23,19992285.53170962
2026-02-21,68148.25,19992657.40670127
2026-02-22,67588.61,19993169.90666243
2026-02-23,64652.66,19993632.40663329
2026-02-24,63948.94,19994148.03158285
2026-02-25,68319.15,19994635.53153542
2026-02-26,67588.75,19995073.0315294
2026-02-27,65560.05,19995513.6564622
2026-02-28,66909.88,19995960.53145449
2026-03-01,65676.54,19996426.15644398
2026-03-02,69115.81,19996851.15583916
2026-03-03,68399.4,19997269.90583798
2026-03-04,72812.18,19997676.15583047
2026-03-05,71031.6,19998194.90582105
2026-03-06,68374.58,19998651.15580593
2026-03-07,67389.65,19999063.65576549
2026-03-08,66183.95,19999482.40576506
2026-03-09,68527.58,19999913.65574585
2026-03-10,69808.73,20000344.90574032
2026-03-11,70331.35,20000779.2807241
2026-03-12,70233.42,20001182.40569682
2026-03-13,70846.75,20001560.53069069
2026-03-14,70905.33,20001960.5306846
2026-03-15,72473.79,20002351.15568165
2026-03-16,74380.82,20002741.78066785
2026-03-17,74135.37,20003138.65566745
2026-03-18,71029.13,20003573.03066121
2026-03-19,69992.9,20003991.78065208
2026-03-20,70671.39,20004410.5304596
2026-03-21,70072.02,20004841.78045464
2026-03-22,68245.78,20005348.03042135
2026-03-23,70770.52,20005848.03041698
2026-03-24,70175.03,20006238.65535915
2026-03-25,71250.8,20006716.78033845
2026-03-26,68554.36,20007232.40532055
2026-03-27,66066.39,20007707.40530772
2026-03-28,66343.27,20008251.15529517
2026-03-29,66119.59,20008701.15528185
2026-03-30,66745.09,20009126.1552814
2026-03-31,68266.98,20009551.15524669
2026-04-01,68256.91,20010057.4052433
2026-04-02,66860.33,20010510.53023187
2026-04-03,66834.57,20010923.03021457
2026-04-04,67389.54,20011298.0302142
2026-04-05,68732.22,20011794.90521381
2026-04-06,68655.94,20012194.9052089
2026-04-07,71900.42,20012626.15519459
2026-04-08,70931.44,20013088.65514687
2026-04-09,71708.04,20013538.65512088
2026-04-10,72927.82,20013929.280088
2026-04-11,73285.01,20014313.65508618
2026-04-12,70775.86,20014798.0299883
2026-04-13,74701.15,20015260.5299035
2026-04-14,74136.2,20015773.02986229
2026-04-15,74948.73,20016163.65484706
2026-04-16,74969.38,20016638.65385298
2026-04-17,76942.51,20017079.27872694
2026-04-18,75865.56,20017557.40363796
2026-04-19,74094.84,20018051.15360258
2026-04-20,75866.85,20018457.40355363
2026-04-21,75902.11,20018879.27852542
2026-04-22,78511.47,20019288.65351069
2026-04-23,78314.95,20019666.77848588
2026-04-24,77600.6,20020132.40345462
2026-04-25,77617.92,20020569.90344961
2026-04-26,78470.63,20021035.52844954
2026-04-27,76843.9,20021466.77841845
2026-04-28,76083.58,20021901.15338468
2026-04-29,75861.2,20022298.02833074
2026-04-30,76106.22,20022735.52832902
2026-05-01,78106.54,20023229.27832185
2026-05-02,78574.23,20023654.27830144
2026-05-03,78657.11,20024129.27829588
2026-05-04,79845.98,20024594.90324333
2026-05-05,81189.14,20025063.65321603
2026-05-06,81298.61,20025504.27821583
2026-05-07,79802.42,20025948.02821412
2026-05-08,80312.72,20026407.4031975
2026-05-09,80467.24,20026941.77812911
2026-05-10,82152.52,20027410.52810517
2026-05-11,81630.4,20027926.15304923
2026-05-12,80394.05,20028344.90304623
2026-05-13,79419.31,20028779.27799499
2026-05-14,81280.42,20029251.15297989
2026-05-15,79136.63,20029704.27797232
2026-05-16,78286.58,20030176.15294768
2026-05-17,77709.76,20030613.65292107
2026-05-18,76815.1,20031051.1527079
2026-05-19,76739.61,20031494.90270125
2026-05-20,77422.36,20031969.90265776
2026-05-21,77633.48,20032366.77764504
2026-05-22,75824.23,20032854.27761313
2026-05-23,76685.06,20033366.77761292
2026-05-24,76775.73,20033776.15261272
2026-05-25,77122.36,20034291.77761258
2026-05-26,75867.67,20034726.15260875
2026-05-27,74171.78,20035163.6525421
2026-05-28,73333.27,20035669.90247168
2026-05-29,73303.61,20036107.4023888
2026-05-30,73766.08,20036551.15234781
2026-05-31,73844.88,20037001.1523178
2026-06-01,71338.33,20037423.02717851
2026-06-02,66853.7,20037766.77706787
2026-06-03,64751.85,20038104.27699146
2026-06-04,63257.25,20038548.02685009
2026-06-05,61526.79,20038969.90174006
2026-06-06,60758.81,20039351.15171468
2026-06-07,63065.98,20039716.77668165
2026-06-08,63227.95,20040113.65053302
2026-06-09,61679.38,20040501.1504601
2026-06-10,61344.37,20040894.89908714
2026-06-11,63259.61,20041316.76674345
2026-06-12,63328.99,20041776.13997128
2026-06-13,64483.5,20042163.63996518
2026-06-14,65365.32,20042619.88993958
2026-06-15,66095.44,20043088.63989031
2026-06-16,65449.5,20043594.88989026
2026-06-17,64464.53,20044007.38989023
2026-06-18,62818.8,20044523.01489016
2026-06-19,63112.66,20044994.88988848
2026-06-20,64281.67,20045479.26488566
2026-06-21,63362.23,20045898.01488521
2026-06-22,63865.03,20046385.51488518
2026-06-23,62398.06,20046926.1396701
2026-06-24,60910.59,20047410.51467006
2026-06-25,59849.13,20047941.76466005
2026-06-26,59794.77,20048426.13963909
2026-06-27,60116.95,20048951.13963361
2026-06-28,59467.0,20049354.26461839
2026-06-29,60254.51,20049744.88961828
2026-06-30,58366.8,20050210.51461277
2026-07-01,60246.33,20050657.38961212
2026-07-02,61496.99,20051066.7645992
2026-07-03,62424.98,20051538.63948121
2026-07-04,63076.36,20052019.88948118
2026-07-05,63575.39,20052419.88934563
2026-07-06,63869.77,20052782.38934561
2026-07-07,63508.84,20053216.76091219
2026-07-08,62333.14,20053635.51089914
2026-07-09,63094.04,20054026.13588755
2026-07-10,63908.97,20054432.38588748
2026-07-11,63865.61,20054866.76088737
2026-07-12,63819.99,20055316.76088731
2026-07-13,62157.15,20055776.1358873
2026-07-14,64594.36,20056257.38587634
2026-07-15,64648.57,20056694.88585184
2026-07-16,63902.48,20057073.01084605
2026-07-17,63846.17,20057469.88583886
2026-07-18,64590.78,20057988.63582885
2026-07-19,64572.22,20058504.26071881
2026-07-20,65260.24,20058960.51071372
2026-07-21,66154.98,20059391.76069777
2026-07-22,66037.6,20059751.13567675
2026-07-23,65248.23,20060163.6356458
2026-07-24,63939.7,20060644.8855907
2026-07-25,64400.22,20061076.13557864
2026-07-26,65296.7,20061532.38557611
2026-07-27,63932.13,20061963.63557609
2026-07-28,63765.92,20062360.51057517
2026-07-29,63856.58,20062807.3855751
2026-07-30,64626.28,20063285.51057501
2026-07-31,63009.37,20063776.13557344
2026-08-01,62583.8,20064288.63557341
2026-08-02,63193.43,20064738.63557193
2026-08-03,63456.08,20065207.38544797
2026-08-04,64022.83,20065648.01033705
2026-08-05,64573.41,20066091.76032704
2026-08-06,64230.79,20066491.76030308
2026-08-07,64685.74,20066985.51030302
2026-08-08,64662.45,20067432.38530297
2026-08-09,64785.0,20067879.26030294
2026-08-10,63848.38,20068313.63530288
2026-08-11,63690.28,20068716.76030277
2026-08-12,63208.3,20069157.38482767
2026-08-13,63283.51,20069613.63482763
2026-08-14,62953.07,20070079.25981754
2026-08-15,63052.88,20070532.38479752
2026-08-16,62812.01,20071035.50979503
2026-08-17,64439.34,20071529.25979494
2026-08-18,64572.95,20071994.88479492
2026-08-19,69216.29,20072379.25979491
2026-08-20,72603.77,20072776.13477268
2026-08-21,78456.69,20073204.25977265
2026-08-22,76838.23,20073666.75973258
2026-08-23,77625.38,20074091.75972614
2026-08-24,78662.62,20074535.50962591
2026-08-25,78581.06,20074979.25952588
2026-08-26,78547.73,20075454.25942254
2026-08-27,80272.57,20075910.50931535
2026-08-28,77606.01,20076323.00910514
2026-08-29,78290.81,20076779.25907684
2026-08-30,78493.48,20077288.63398649
2026-08-31,78543.99,20077763.63387522
2026-09-01,77225.02,20078207.38377115
2026-09-02,76882.88,20078635.50863045
2026-09-03,81260.99,20079135.50848922
2026-09-04,79475.3,20079582.38335779
2026-09-05,79582.73,20080044.88323379
2026-09-06,80259.15,20080560.50792532
2026-09-07,79159.83,20080994.88285147
2026-09-08,78533.44,20081410.50753455
2026-09-09,77991.03,20081913.63225439
2026-09-10,76779.86,20082332.38197168
2026-09-11,76888.74,20082835.50603028
2026-09-12,77279.34,20083326.13054115
2026-09-13,76769.03,20083798.00513638
2026-09-14,78519.3,20084266.754887
2026-09-15,75785.6,20084776.12966317
2026-09-16,75839.85,20085201.12950535
2026-09-17,76435.43,20085648.00430574
2026-09-18,81089.62,20086123.0041951
2026-09-19,81270.08,20086519.87916763
2026-09-20,81244.29,20087001.12912478
2026-09-21,86200.24,20087466.75395555
2026-09-22,86137.29,20087901.12894523
2026-09-23,84271.28,20088304.25353666
2026-09-24,84176.45,20088741.75290283
2026-09-25,84074.17,20089160.50229689
2026-09-26,84146.38,20089641.75225668
2026-09-27,84221.15,20090098.00209116
2026-09-28,83280.28,20090613.62686638
2026-09-29,83550.41,20091110.50184456
